"id","idade","faixa_idade","genero","estado","uf","regiao","faixa_salarial","cargo","nivel","forma_trabalho","aws","gcp","azure","oracle_cloud","ibm_cloud","on_premise","cloud_propria","lang_sql","lang_r","lang_python","lang_c","lang_dotnet","lang_java","lang_julia","lang_sas_stata","lang_vba","lang_scala","lang_matlab","lang_php","lang_javascript","bi_powerbi","bi_qlik","bi_tableau","bi_metabase","bi_looker","bi_google_data_studio","bi_so_excel","bi_nenhuma"
"qkx4q0ei90wcjxnqkx4q0j3xgf0zn13s","38","35-39","Masculino","Ceará (CE)","CE","Nordeste","de R$ 4.001/mês a R$ 6.000/mês","","","Modelo 100% presencial","","","","","","","","","","","","","","","","","","","","","","","","","","","",""
"zdl2n19yhgpnoaco6kkczdl2nwv9zwrt","39","35-39","Masculino","Bahia (BA)","BA","Nordeste","de R$ 6.001/mês a R$ 8.000/mês","","","Modelo híbrido flexível (o funcionário tem liberdade para escolher quando estar no escritório presencialmente)","","","","","","","","","","","","","","","","","","","","","","","","","","","",""
"vsamqp2un3q7us84mgvsams5fulsmcoh","30","30-34","Masculino","Santa Catarina (SC)","SC","Sul","de R$ 8.001/mês a R$ 12.000/mês","","","Modelo 100% presencial","","","","","","","","","","","","","","","","","","","","","","","","","","","",""
"v31ab41botodnsv31zgg4k34zzojy81l","38","35-39","Feminino","São Paulo (SP)","SP","Sudeste","de R$ 12.001/mês a R$ 16.000/mês","","","Modelo 100% presencial","","","","","","","","","","","","","","","","","","","","","","","","","","","",""
"ubhu8ntvm4xc0sfkdubhu80e973eek0k","36","35-39","Masculino","Santa Catarina (SC)","SC","Sul","de R$ 8.001/mês a R$ 12.000/mês","","","Modelo 100% presencial","","","","","","","","","","","","","","","","","","","","","","","","","","","",""
"isz60pt4c22u98xjzztisz6qzaa0fikw","","55+","Masculino","São Paulo (SP)","SP","Sudeste","de R$ 8.001/mês a R$ 12.000/mês","","","Modelo híbrido com dias fixos de trabalho presencial","","","","","","","","","","","","","","","","","","","","","","","","","","","",""
"rcxg4kxm9ow0u54hrcxgxkzcd50ib9dk","24","22-24","Masculino","Santa Catarina (SC)","SC","Sul","de R$ 3.001/mês a R$ 4.000/mês","","","Modelo híbrido com dias fixos de trabalho presencial","","","","","","","","","","","","","","","","","","","","","","","","","","","",""
"95glgjuiaf07xh95g4qt3ufh62qh0bos","51","50-54","Masculino","São Paulo (SP)","SP","Sudeste","de R$ 12.001/mês a R$ 16.000/mês","","","Modelo 100% remoto","","","","","","","","","","","","","","","","","","","","","","","","","","","",""
"nc3chpdm6n3rtgib20inc3chp9psycoz","39","35-39","Masculino","Minas Gerais (MG)","MG","Sudeste","de R$ 4.001/mês a R$ 6.000/mês","","","Modelo 100% presencial","","","","","","","","","","","","","","","","","","","","","","","","","","","",""
"kw6mzziiifjl1q7nikw628l4at14q8jr","27","25-29","Masculino","São Paulo (SP)","SP","Sudeste","de R$ 4.001/mês a R$ 6.000/mês","","","Modelo 100% presencial","","","","","","","","","","","","","","","","","","","","","","","","","","","",""
"ifl4ogkur82u2e77cv9ifl4og3xaut1y","42","40-44","Masculino","São Paulo (SP)","SP","Sudeste","de R$ 30.001/mês a R$ 40.000/mês","","","Modelo 100% remoto","","","","","","","","","","","","","","","","","","","","","","","","","","","",""
"gxvzjaqhdjpozukq257egxvzjaq70zp8","45","45-49","Masculino","Goiás (GO)","GO","Centro-oeste","de R$ 6.001/mês a R$ 8.000/mês","","","Modelo híbrido flexível (o funcionário tem liberdade para escolher quando estar no escritório presencialmente)","","","","","","","","","","","","","","","","","","","","","","","","","","","",""
"fvroa15ig3e212soy5fvroazhchyl3by","40","40-44","Masculino","Paraná (PR)","PR","Sul","de R$ 20.001/mês a R$ 25.000/mês","","","Modelo 100% remoto","","","","","","","","","","","","","","","","","","","","","","","","","","","",""
"fk4ytpz65h2oz71fk4ytpvhrybvck2rz","26","25-29","Masculino","São Paulo (SP)","SP","Sudeste","de R$ 4.001/mês a R$ 6.000/mês","","","Modelo híbrido flexível (o funcionário tem liberdade para escolher quando estar no escritório presencialmente)","","","","","","","","","","","","","","","","","","","","","","","","","","","",""
"p6e1wwjc19xsq6p6ernbqrg8p78h2for","28","25-29","Masculino","Mato Grosso (MT)","MT","Centro-oeste","de R$ 3.001/mês a R$ 4.000/mês","","","Modelo 100% presencial","","","","","","","","","","","","","","","","","","","","","","","","","","","",""
"k7cg05i1i6fu9bzjlik7cg05iw0xq9fa","43","40-44","Masculino","Mato Grosso do Sul (MS)","MS","Centro-oeste","de R$ 8.001/mês a R$ 12.000/mês","","","Modelo 100% presencial","","","","","","","","","","","","","","","","","","","","","","","","","","","",""
"ap54nhpaxrtfantap54n545rmn2g714o","27","25-29","Masculino","Distrito Federal (DF)","DF","Centro-oeste","de R$ 8.001/mês a R$ 12.000/mês","","","Modelo 100% remoto","","","","","","","","","","","","","","","","","","","","","","","","","","","",""
"bjala4ipvuhta5z50jabja75ptc735h1","53","50-54","Masculino","São Paulo (SP)","SP","Sudeste","de R$ 4.001/mês a R$ 6.000/mês","","","Modelo 100% presencial","","","","","","","","","","","","","","","","","","","","","","","","","","","",""
"9h0qj4hro1c3hu34l96r19h0qj4h506l","25","25-29","Masculino","São Paulo (SP)","SP","Sudeste","de R$ 6.001/mês a R$ 8.000/mês","","","Modelo híbrido flexível (o funcionário tem liberdade para escolher quando estar no escritório presencialmente)","","","","","","","","","","","","","","","","","","","","","","","","","","","",""
"89br3jbvclfhtwaydl89br3jqooydfnj","37","35-39","Masculino","Sergipe (SE)","SE","Nordeste","de R$ 6.001/mês a R$ 8.000/mês","","","Modelo híbrido com dias fixos de trabalho presencial","","","","","","","","","","","","","","","","","","","","","","","","","","","",""
"797hisu5odzvdu7ymbzfzbq5797hisub","38","35-39","Masculino","Distrito Federal (DF)","DF","Centro-oeste","de R$ 16.001/mês a R$ 20.000/mês","","","Modelo 100% remoto","","","","","","","","","","","","","","","","","","","","","","","","","","","",""
"4bvcfib22n1vqfkq4bvcfxswiidnmepc","29","25-29","Masculino","Goiás (GO)","GO","Centro-oeste","de R$ 6.001/mês a R$ 8.000/mês","","","Modelo 100% presencial","","","","","","","","","","","","","","","","","","","","","","","","","","","",""
"3mp5l0rzzcib53m0tr8ulvij8ldcelok","46","45-49","Masculino","Santa Catarina (SC)","SC","Sul","de R$ 12.001/mês a R$ 16.000/mês","","","Modelo 100% remoto","","","","","","","","","","","","","","","","","","","","","","","","","","","",""
"2kr6mx1ela2zu24nxf2kr6ca0yvp0gm9","34","30-34","Masculino","São Paulo (SP)","SP","Sudeste","de R$ 6.001/mês a R$ 8.000/mês","","","Modelo híbrido com dias fixos de trabalho presencial","","","","","","","","","","","","","","","","","","","","","","","","","","","",""
"y9dh05swm0ig9kv2qsurpdky9dh0s3zu","27","25-29","Masculino","Rio Grande do Sul (RS)","RS","Sul","de R$ 4.001/mês a R$ 6.000/mês","","","Modelo 100% remoto","","","","","","","","","","","","","","","","","","","","","","","","","","","",""
"7wm2pmd3113vghlsl7wm2pldgsj1poz1","32","30-34","Feminino","São Paulo (SP)","SP","Sudeste","Acima de R$ 40.001/mês","","","Modelo híbrido flexível (o funcionário tem liberdade para escolher quando estar no escritório presencialmente)","","","","","","","","","","","","","","","","","","","","","","","","","","","",""
"ow7vlsfgx7rmgvvow4cmnzwinspblahh","43","40-44","Masculino","São Paulo (SP)","SP","Sudeste","de R$ 8.001/mês a R$ 12.000/mês","","","Modelo 100% presencial","","","","","","","","","","","","","","","","","","","","","","","","","","","",""
"kv844vwc9fnc7icenh7ph6dkv844vwcr","34","30-34","Feminino","Minas Gerais (MG)","MG","Sudeste","de R$ 8.001/mês a R$ 12.000/mês","","","Modelo 100% presencial","","","","","","","","","","","","","","","","","","","","","","","","","","","",""
"80lp5xu2s5aue1c9rmz80lp5dei3nc60","33","30-34","Feminino","Minas Gerais (MG)","MG","Sudeste","de R$ 6.001/mês a R$ 8.000/mês","","","Modelo 100% remoto","","","","","","","","","","","","","","","","","","","","","","","","","","","",""
"33hdko40rt8p12t1mbhn62s33hdko4eh","46","45-49","Masculino","São Paulo (SP)","SP","Sudeste","de R$ 25.001/mês a R$ 30.000/mês","","","Modelo híbrido com dias fixos de trabalho presencial","","","","","","","","","","","","","","","","","","","","","","","","","","","",""
"3fgszlrdd72ve5e6y23fgssra77g98zm","43","40-44","Masculino","São Paulo (SP)","SP","Sudeste","de R$ 8.001/mês a R$ 12.000/mês","","","Modelo 100% presencial","","","","","","","","","","","","","","","","","","","","","","","","","","","",""
"iqgcgz2lsmeqbx939iqgcda5afcmii4i","38","35-39","Masculino","São Paulo (SP)","SP","Sudeste","de R$ 4.001/mês a R$ 6.000/mês","","","Modelo híbrido com dias fixos de trabalho presencial","","","","","","","","","","","","","","","","","","","","","","","","","","","",""
"0lvkp4kfw7q3oi0lvk8ddwt8wkmgig1a","37","35-39","Masculino","","","Norte","de R$ 30.001/mês a R$ 40.000/mês","","","Modelo híbrido flexível (o funcionário tem liberdade para escolher quando estar no escritório presencialmente)","","","","","","","","","","","","","","","","","","","","","","","","","","","",""
"sf3qcyidym1alkzqk51tsf3qczy7i94m","21","17-21","Masculino","São Paulo (SP)","SP","Sudeste","de R$ 8.001/mês a R$ 12.000/mês","","","Modelo híbrido flexível (o funcionário tem liberdade para escolher quando estar no escritório presencialmente)","","","","","","","","","","","","","","","","","","","","","","","","","","","",""
"ejvqb5qoz31zngejvqbmuaer9d54cvcn","30","30-34","Masculino","São Paulo (SP)","SP","Sudeste","de R$ 8.001/mês a R$ 12.000/mês","","","Modelo híbrido com dias fixos de trabalho presencial","","","","","","","","","","","","","","","","","","","","","","","","","","","",""
"2yj72i5g8d2qd2yj7028nmphm3e750r4","33","30-34","Masculino","São Paulo (SP)","SP","Sudeste","de R$ 12.001/mês a R$ 16.000/mês","","","Modelo híbrido com dias fixos de trabalho presencial","","","","","","","","","","","","","","","","","","","","","","","","","","","",""
"ldb6gtjcpnes6xldb6l114oklnvf98l1","32","30-34","Masculino","Paraná (PR)","PR","Sul","de R$ 20.001/mês a R$ 25.000/mês","","","Modelo 100% remoto","","","","","","","","","","","","","","","","","","","","","","","","","","","",""
"i8m8jqh7ie8wgt56ui8m83jzfj5tgwb8","30","30-34","Feminino","São Paulo (SP)","SP","Sudeste","de R$ 8.001/mês a R$ 12.000/mês","","","Modelo 100% remoto","","","","","","","","","","","","","","","","","","","","","","","","","","","",""
"frcux7u7md7w8it0frcunaj3vcelccza","32","30-34","Masculino","Paraná (PR)","PR","Sul","de R$ 12.001/mês a R$ 16.000/mês","","","Modelo híbrido flexível (o funcionário tem liberdade para escolher quando estar no escritório presencialmente)","","","","","","","","","","","","","","","","","","","","","","","","","","","",""
"odm1n136vw0bodm1naj1sbftq7y7lbsy","38","35-39","Masculino","São Paulo (SP)","SP","Sudeste","Acima de R$ 40.001/mês","","","Modelo híbrido flexível (o funcionário tem liberdade para escolher quando estar no escritório presencialmente)","","","","","","","","","","","","","","","","","","","","","","","","","","","",""
"dz7ck9n6ghayra2dzcwtxc9aedftpnv1","54","50-54","Feminino","São Paulo (SP)","SP","Sudeste","de R$ 12.001/mês a R$ 16.000/mês","","","Modelo híbrido com dias fixos de trabalho presencial","","","","","","","","","","","","","","","","","","","","","","","","","","","",""
"arc3jv9nyz7z9nfly8farc3jvh9y1v2a","33","30-34","Masculino","Minas Gerais (MG)","MG","Sudeste","de R$ 6.001/mês a R$ 8.000/mês","","","Modelo 100% remoto","","","","","","","","","","","","","","","","","","","","","","","","","","","",""
"f4ygt9h98qd0c0vs632uzwg4f4ygt9h4","26","25-29","Masculino","Santa Catarina (SC)","SC","Sul","de R$ 12.001/mês a R$ 16.000/mês","","","Modelo 100% remoto","","","","","","","","","","","","","","","","","","","","","","","","","","","",""
"w2pz782x96rtw2pzhs6ov8scud7q6t9a","27","25-29","Masculino","Mato Grosso (MT)","MT","Centro-oeste","de R$ 16.001/mês a R$ 20.000/mês","","","Modelo 100% remoto","","","","","","","","","","","","","","","","","","","","","","","","","","","",""
"u0hhyrmipf87fhu0hhyrggcbk5c9o0z0","21","17-21","Masculino","Santa Catarina (SC)","SC","Sul","de R$ 1.001/mês a R$ 2.000/mês","","","Modelo 100% presencial","","","","","","","","","","","","","","","","","","","","","","","","","","","",""
"t2eehp2bhzu9bro3t2eehp2b73zq7gvi","21","17-21","Masculino","Rio Grande do Sul (RS)","RS","Sul","de R$ 2.001/mês a R$ 3000/mês","","","Modelo híbrido flexível (o funcionário tem liberdade para escolher quando estar no escritório presencialmente)","","","","","","","","","","","","","","","","","","","","","","","","","","","",""
"mcynszjpbcax09dfx8mcynszly5wgwp4","30","30-34","Masculino","São Paulo (SP)","SP","Sudeste","de R$ 6.001/mês a R$ 8.000/mês","","","Modelo 100% remoto","","","","","","","","","","","","","","","","","","","","","","","","","","","",""
"9y1t62nwe8mvyyi9ao3sl39y1t62nkoc","35","35-39","Masculino","São Paulo (SP)","SP","Sudeste","de R$ 16.001/mês a R$ 20.000/mês","","","Modelo híbrido com dias fixos de trabalho presencial","","","","","","","","","","","","","","","","","","","","","","","","","","","",""
"9b1oq1t8385hpegc9b1oqtgpezmbsjvb","49","45-49","Feminino","São Paulo (SP)","SP","Sudeste","de R$ 4.001/mês a R$ 6.000/mês","","","Modelo 100% remoto","","","","","","","","","","","","","","","","","","","","","","","","","","","",""
"upjalj1ktjyq109m0u4kupjaljdevvq5","34","30-34","Masculino","Minas Gerais (MG)","MG","Sudeste","de R$ 16.001/mês a R$ 20.000/mês","","","Modelo híbrido flexível (o funcionário tem liberdade para escolher quando estar no escritório presencialmente)","","","","","","","","","","","","","","","","","","","","","","","","","","","",""
"i5hm8fcc1oxf241lfcfai5hm8fc97bua","47","45-49","Masculino","São Paulo (SP)","SP","Sudeste","de R$ 3.001/mês a R$ 4.000/mês","","","Modelo 100% presencial","","","","","","","","","","","","","","","","","","","","","","","","","","","",""
"1g2wkwie0lek62acb11g2wk6whmg6ugt","28","25-29","Masculino","Minas Gerais (MG)","MG","Sudeste","de R$ 6.001/mês a R$ 8.000/mês","","","Modelo 100% remoto","","","","","","","","","","","","","","","","","","","","","","","","","","","",""
"j26nxw2o8cta1duh7dsj26nxwv7tndep","36","35-39","Masculino","Minas Gerais (MG)","MG","Sudeste","de R$ 8.001/mês a R$ 12.000/mês","","","Modelo híbrido flexível (o funcionário tem liberdade para escolher quando estar no escritório presencialmente)","","","","","","","","","","","","","","","","","","","","","","","","","","","",""
"2bq8dtrim2qhse7f54xyki2bq8641r2k","39","35-39","Masculino","Rio de Janeiro (RJ)","RJ","Sudeste","de R$ 8.001/mês a R$ 12.000/mês","","","Modelo 100% remoto","","","","","","","","","","","","","","","","","","","","","","","","","","","",""
"m9j93xsmhlqrjhrh2eeh8m9j93xgqrmm","33","30-34","Masculino","Rio de Janeiro (RJ)","RJ","Sudeste","de R$ 8.001/mês a R$ 12.000/mês","","","Modelo híbrido com dias fixos de trabalho presencial","","","","","","","","","","","","","","","","","","","","","","","","","","","",""
"xw2xsa7a216o6so3nh3xfxw2xst2iqga","45","45-49","Masculino","São Paulo (SP)","SP","Sudeste","de R$ 12.001/mês a R$ 16.000/mês","","","Modelo 100% remoto","","","","","","","","","","","","","","","","","","","","","","","","","","","",""
"a89ey1ldk084d0qp8t1a1a89ey1k8y6e","29","25-29","Masculino","São Paulo (SP)","SP","Sudeste","de R$ 8.001/mês a R$ 12.000/mês","","","Modelo 100% presencial","","","","","","","","","","","","","","","","","","","","","","","","","","","",""
"q6uco9nn3k8ebg2lvbq6ucoi8grnwoip","37","35-39","Masculino","Rio de Janeiro (RJ)","RJ","Sudeste","de R$ 20.001/mês a R$ 25.000/mês","","","Modelo 100% remoto","","","","","","","","","","","","","","","","","","","","","","","","","","","",""
"hqa2mc86vwizf9cwtgomnpl2hqa2mcmr","31","30-34","Masculino","Minas Gerais (MG)","MG","Sudeste","de R$ 12.001/mês a R$ 16.000/mês","","","Modelo híbrido flexível (o funcionário tem liberdade para escolher quando estar no escritório presencialmente)","","","","","","","","","","","","","","","","","","","","","","","","","","","",""
"rvwz98n23k3xwbx07qcrvwz98nhiiwu7","52","50-54","Masculino","Piauí (PI)","PI","Nordeste","Menos de R$ 1.000/mês","","","Modelo 100% remoto","","","","","","","","","","","","","","","","","","","","","","","","","","","",""
"fymmjh82h6iymxh77j6fymmjhvaz8lbn","","55+","Masculino","São Paulo (SP)","SP","Sudeste","de R$ 12.001/mês a R$ 16.000/mês","","","Modelo 100% remoto","","","","","","","","","","","","","","","","","","","","","","","","","","","",""
"qiu8j4gxmkcuprqt2kqiu8ju2blns3f2","38","35-39","Masculino","São Paulo (SP)","SP","Sudeste","de R$ 12.001/mês a R$ 16.000/mês","","","Modelo 100% remoto","","","","","","","","","","","","","","","","","","","","","","","","","","","",""
"o24emd2if6kuyyf7dmuo3vtr1o24emd2","42","40-44","Masculino","São Paulo (SP)","SP","Sudeste","de R$ 4.001/mês a R$ 6.000/mês","","","Modelo híbrido com dias fixos de trabalho presencial","","","","","","","","","","","","","","","","","","","","","","","","","","","",""
"jmjhv6bsbrckz2wjjhyk67ss6q9moecj","28","25-29","Masculino","Paraná (PR)","PR","Sul","de R$ 16.001/mês a R$ 20.000/mês","","","Modelo 100% remoto","","","","","","","","","","","","","","","","","","","","","","","","","","","",""
"bdserw9mc6y8zbdserw9ofr5spqpiet7","38","35-39","Masculino","São Paulo (SP)","SP","Sudeste","Acima de R$ 40.001/mês","","","Modelo híbrido com dias fixos de trabalho presencial","","","","","","","","","","","","","","","","","","","","","","","","","","","",""
"khacbferq3jyl545x8cjokhac01uanky","25","25-29","Masculino","Minas Gerais (MG)","MG","Sudeste","de R$ 4.001/mês a R$ 6.000/mês","","","Modelo 100% remoto","","","","","","","","","","","","","","","","","","","","","","","","","","","",""
"508jm4e8jxpg64pw508jm4swd237a6hu","37","35-39","Masculino","São Paulo (SP)","SP","Sudeste","de R$ 6.001/mês a R$ 8.000/mês","","","Modelo 100% remoto","","","","","","","","","","","","","","","","","","","","","","","","","","","",""
"rc4qxiinkpnze8apj2oa6yrc4qxowr77","37","35-39","Masculino","","","Norte","de R$ 8.001/mês a R$ 12.000/mês","","","Modelo 100% presencial","","","","","","","","","","","","","","","","","","","","","","","","","","","",""
"cv3e62ckq2ql3revz4zgcv3e6v2lk4ps","36","35-39","Masculino","Rio Grande do Norte (RN)","RN","Nordeste","de R$ 12.001/mês a R$ 16.000/mês","","","Modelo 100% remoto","","","","","","","","","","","","","","","","","","","","","","","","","","","",""
"nwgoa1lxmlah5mvnwgoiehkf0yszn5tv","27","25-29","Masculino","Rio Grande do Sul (RS)","RS","Sul","de R$ 8.001/mês a R$ 12.000/mês","","","Modelo 100% remoto","","","","","","","","","","","","","","","","","","","","","","","","","","","",""
"ue9kq34wxpugo4c0hv0qh2ue9kjh4cxt","33","30-34","Masculino","Rio Grande do Sul (RS)","RS","Sul","de R$ 16.001/mês a R$ 20.000/mês","","","Modelo 100% remoto","","","","","","","","","","","","","","","","","","","","","","","","","","","",""
"4nvcw9f94jhl1ko4nvcw5ijk4lti5ndx","29","25-29","Feminino","São Paulo (SP)","SP","Sudeste","de R$ 8.001/mês a R$ 12.000/mês","","","Modelo híbrido flexível (o funcionário tem liberdade para escolher quando estar no escritório presencialmente)","","","","","","","","","","","","","","","","","","","","","","","","","","","",""
"yrhjxwscdfl516bibgi0kyrhait8fbnf","30","30-34","Masculino","Alagoas (AL)","AL","Nordeste","de R$ 12.001/mês a R$ 16.000/mês","","","Modelo 100% remoto","","","","","","","","","","","","","","","","","","","","","","","","","","","",""
"yrhjxwscdfl516bibgi0kyrhait8fbnf","30","30-34","Masculino","Alagoas (AL)","AL","Nordeste","de R$ 12.001/mês a R$ 16.000/mês","","","Modelo 100% remoto","","","","","","","","","","","","","","","","","","","","","","","","","","","",""
"qlezaaco9fkaxrhv5gwqlezag2e0z426","28","25-29","Masculino","Santa Catarina (SC)","SC","Sul","de R$ 8.001/mês a R$ 12.000/mês","","","Modelo 100% remoto","","","","","","","","","","","","","","","","","","","","","","","","","","","",""
"1hnypxd8fpejmk7nht6jk1hnypx8jbr4","26","25-29","Masculino","Pernambuco (PE)","PE","Nordeste","de R$ 6.001/mês a R$ 8.000/mês","","","Modelo híbrido flexível (o funcionário tem liberdade para escolher quando estar no escritório presencialmente)","","","","","","","","","","","","","","","","","","","","","","","","","","","",""
"ysk9lzpssezpzysiyy286dvms7c07r1q","35","35-39","Masculino","Minas Gerais (MG)","MG","Sudeste","de R$ 16.001/mês a R$ 20.000/mês","","","Modelo híbrido flexível (o funcionário tem liberdade para escolher quando estar no escritório presencialmente)","","","","","","","","","","","","","","","","","","","","","","","","","","","",""
"tyrs1bcoerzng72vyktyrsrvw5s2a2fm","28","25-29","Masculino","São Paulo (SP)","SP","Sudeste","de R$ 8.001/mês a R$ 12.000/mês","","","Modelo 100% remoto","","","","","","","","","","","","","","","","","","","","","","","","","","","",""
"6ta7qdmzipdiohc6ta7qabqje5i7ttly","26","25-29","Masculino","Paraná (PR)","PR","Sul","de R$ 4.001/mês a R$ 6.000/mês","","","Modelo híbrido flexível (o funcionário tem liberdade para escolher quando estar no escritório presencialmente)","","","","","","","","","","","","","","","","","","","","","","","","","","","",""
"t79mpmbuqv0ra9uikit79mpmc8j2lsn6","22","22-24","Feminino","São Paulo (SP)","SP","Sudeste","de R$ 2.001/mês a R$ 3000/mês","","","Modelo híbrido flexível (o funcionário tem liberdade para escolher quando estar no escritório presencialmente)","","","","","","","","","","","","","","","","","","","","","","","","","","","",""
"19xpflm0v8gkgclcrom19xp5t9lmtbds","34","30-34","Masculino","Minas Gerais (MG)","MG","Sudeste","de R$ 12.001/mês a R$ 16.000/mês","","","Modelo 100% remoto","","","","","","","","","","","","","","","","","","","","","","","","","","","",""
"ifo09yp3bsnp89pwwifo097dsiu3938h","44","40-44","Masculino","São Paulo (SP)","SP","Sudeste","de R$ 2.001/mês a R$ 3000/mês","","","Modelo 100% presencial","","","","","","","","","","","","","","","","","","","","","","","","","","","",""
"yuq2sb4pvtkp9yy8oos9yuq2scobe0a1","32","30-34","Masculino","São Paulo (SP)","SP","Sudeste","de R$ 1.001/mês a R$ 2.000/mês","","","Modelo 100% remoto","","","","","","","","","","","","","","","","","","","","","","","","","","","",""
"im0u2dry2xt7li75ze5qlb915t9vnq66","42","40-44","Feminino","São Paulo (SP)","SP","Sudeste","de R$ 8.001/mês a R$ 12.000/mês","","","Modelo 100% remoto","","","","","","","","","","","","","","","","","","","","","","","","","","","",""
"y2lzzy67tv5o1y8ny2lziozbf29wbb54","28","25-29","Masculino","Pernambuco (PE)","PE","Nordeste","de R$ 4.001/mês a R$ 6.000/mês","","","Modelo híbrido flexível (o funcionário tem liberdade para escolher quando estar no escritório presencialmente)","","","","","","","","","","","","","","","","","","","","","","","","","","","",""
"y05q4gk67o2vwqxjf886t5y05q4gak4p","32","30-34","Masculino","Rio de Janeiro (RJ)","RJ","Sudeste","de R$ 8.001/mês a R$ 12.000/mês","","","Modelo 100% presencial","","","","","","","","","","","","","","","","","","","","","","","","","","","",""
"w2ldtqlmysdbwvw2ld6y5vl95mesliud","39","35-39","Masculino","Paraná (PR)","PR","Sul","de R$ 6.001/mês a R$ 8.000/mês","","","Modelo 100% presencial","","","","","","","","","","","","","","","","","","","","","","","","","","","",""
"w1lz0n4jclezs5lr5w1lz8cqo53j59dl","24","22-24","Masculino","São Paulo (SP)","SP","Sudeste","de R$ 8.001/mês a R$ 12.000/mês","","","Modelo 100% remoto","","","","","","","","","","","","","","","","","","","","","","","","","","","",""
"sn09e4tfrwrwvh8wydtl5ji0sn09e4tf","35","35-39","Feminino","Rio de Janeiro (RJ)","RJ","Sudeste","de R$ 20.001/mês a R$ 25.000/mês","","","Modelo 100% remoto","","","","","","","","","","","","","","","","","","","","","","","","","","","",""
"2mym0245nggazj3269u0twmqbbm183bo","32","30-34","Masculino","Rio de Janeiro (RJ)","RJ","Sudeste","de R$ 8.001/mês a R$ 12.000/mês","","","Modelo 100% remoto","","","","","","","","","","","","","","","","","","","","","","","","","","","",""
"q7coxmy9v9bmsk2r9oq7cox780e9istu","38","35-39","Masculino","Paraná (PR)","PR","Sul","de R$ 4.001/mês a R$ 6.000/mês","","","Modelo 100% presencial","","","","","","","","","","","","","","","","","","","","","","","","","","","",""
"yblfh0cbth5qr3y8x0eyblf4jh815iz5","39","35-39","Masculino","Bahia (BA)","BA","Nordeste","Acima de R$ 40.001/mês","","","Modelo híbrido flexível (o funcionário tem liberdade para escolher quando estar no escritório presencialmente)","","","","","","","","","","","","","","","","","","","","","","","","","","","",""
"6tghw8qi1yjtsiv27ce6tghw8qej3gmi","39","35-39","Masculino","Espírito Santo (ES)","ES","Sudeste","de R$ 25.001/mês a R$ 30.000/mês","","","Modelo híbrido flexível (o funcionário tem liberdade para escolher quando estar no escritório presencialmente)","","","","","","","","","","","","","","","","","","","","","","","","","","","",""
"aira71i53os4k511saira0kgtekk6y9k","35","35-39","Masculino","Bahia (BA)","BA","Nordeste","de R$ 8.001/mês a R$ 12.000/mês","","","Modelo 100% presencial","","","","","","","","","","","","","","","","","","","","","","","","","","","",""
"42us9ghblisriq4hsp42usxokjsxn52n","45","45-49","Masculino","São Paulo (SP)","SP","Sudeste","de R$ 12.001/mês a R$ 16.000/mês","","","Modelo 100% presencial","","","","","","","","","","","","","","","","","","","","","","","","","","","",""
"y9jckjpt44ifz5y9jck1rm3fctjvyd1r","35","35-39","Masculino","Rio de Janeiro (RJ)","RJ","Sudeste","de R$ 6.001/mês a R$ 8.000/mês","","","Modelo 100% presencial","","","","","","","","","","","","","","","","","","","","","","","","","","","",""
"9x57lss4d1fjx9zeu9x5157783rjas7f","42","40-44","Masculino","Santa Catarina (SC)","SC","Sul","de R$ 8.001/mês a R$ 12.000/mês","","","Modelo híbrido flexível (o funcionário tem liberdade para escolher quando estar no escritório presencialmente)","","","","","","","","","","","","","","","","","","","","","","","","","","","",""
"wlpug8nzwvd5jrnjt64o3wlpug8gv274","38","35-39","Masculino","São Paulo (SP)","SP","Sudeste","de R$ 20.001/mês a R$ 25.000/mês","","","Modelo híbrido flexível (o funcionário tem liberdade para escolher quando estar no escritório presencialmente)","","","","","","","","","","","","","","","","","","","","","","","","","","","",""
"qey5tv0dg9vi0x9n12z90ex9qey5tv0d","40","40-44","Masculino","São Paulo (SP)","SP","Sudeste","de R$ 8.001/mês a R$ 12.000/mês","","","Modelo 100% remoto","","","","","","","","","","","","","","","","","","","","","","","","","","","",""
"3jx2pymn8q6f8tym3jx2p56detg3n3eo","29","25-29","Masculino","São Paulo (SP)","SP","Sudeste","de R$ 8.001/mês a R$ 12.000/mês","","","Modelo 100% remoto","","","","","","","","","","","","","","","","","","","","","","","","","","","",""
"k5k3hcbab9a8hkk5k3ooswxdc52h3ivo","28","25-29","Feminino","São Paulo (SP)","SP","Sudeste","de R$ 8.001/mês a R$ 12.000/mês","","","Modelo 100% remoto","","","","","","","","","","","","","","","","","","","","","","","","","","","",""
"6o3lvc9lmtcmbqiy6o3l5iujml48pota","28","25-29","Masculino","Minas Gerais (MG)","MG","Sudeste","de R$ 8.001/mês a R$ 12.000/mês","","","Modelo híbrido com dias fixos de trabalho presencial","","","","","","","","","","","","","","","","","","","","","","","","","","","",""
"s89bszfpyllt13gn0as89bszfq82si9u","34","30-34","Masculino","São Paulo (SP)","SP","Sudeste","Acima de R$ 40.001/mês","","","Modelo 100% remoto","","","","","","","","","","","","","","","","","","","","","","","","","","","",""
"9i07lu31sqd8y1bsklc9i07lc3n2w0of","45","45-49","Masculino","Rio de Janeiro (RJ)","RJ","Sudeste","de R$ 16.001/mês a R$ 20.000/mês","","","Modelo híbrido flexível (o funcionário tem liberdade para escolher quando estar no escritório presencialmente)","","","","","","","","","","","","","","","","","","","","","","","","","","","",""
"dcrhtibrtyshsl9jtidcrhtiirvwblkp","45","45-49","Masculino","Fora do Brasil","Exterior","Exterior","de R$ 20.001/mês a R$ 25.000/mês","","","Modelo 100% remoto","","","","","","","","","","","","","","","","","","","","","","","","","","","",""
"yzbfc3hcnmi4rbb58s8yzbfc3lqlt01m","31","30-34","Masculino","São Paulo (SP)","SP","Sudeste","de R$ 12.001/mês a R$ 16.000/mês","","","Modelo 100% remoto","","","","","","","","","","","","","","","","","","","","","","","","","","","",""
"wznbszgeao3d4zoez1wznbs82ed8izb5","35","35-39","Masculino","São Paulo (SP)","SP","Sudeste","de R$ 25.001/mês a R$ 30.000/mês","","","Modelo 100% presencial","","","","","","","","","","","","","","","","","","","","","","","","","","","",""
"u1972lgcf9emwjqf7xkgmu197256elm1","50","50-54","Masculino","Bahia (BA)","BA","Nordeste","de R$ 8.001/mês a R$ 12.000/mês","","","Modelo híbrido com dias fixos de trabalho presencial","","","","","","","","","","","","","","","","","","","","","","","","","","","",""
"omczvlero49y9uxx6omczvlmvulz3ezb","35","35-39","Masculino","São Paulo (SP)","SP","Sudeste","Acima de R$ 40.001/mês","","","Modelo 100% remoto","","","","","","","","","","","","","","","","","","","","","","","","","","","",""
"680agfx5s8n2d2rw2qkz680agfx5s9qv","31","30-34","Feminino","Minas Gerais (MG)","MG","Sudeste","de R$ 16.001/mês a R$ 20.000/mês","","","Modelo híbrido flexível (o funcionário tem liberdade para escolher quando estar no escritório presencialmente)","","","","","","","","","","","","","","","","","","","","","","","","","","","",""
"ym7epuig4btcyl81w6cfofiym7epui2f","41","40-44","Masculino","São Paulo (SP)","SP","Sudeste","de R$ 30.001/mês a R$ 40.000/mês","","","Modelo 100% remoto","","","","","","","","","","","","","","","","","","","","","","","","","","","",""
"xn0l7ksv6e0jgbvdz1mxn0l7k9ms43gl","36","35-39","Feminino","São Paulo (SP)","SP","Sudeste","de R$ 25.001/mês a R$ 30.000/mês","","","Modelo 100% remoto","","","","","","","","","","","","","","","","","","","","","","","","","","","",""
"epuxkebto8u7h8logepuxxn4nrssh0ia","34","30-34","Masculino","São Paulo (SP)","SP","Sudeste","de R$ 12.001/mês a R$ 16.000/mês","","","Modelo híbrido flexível (o funcionário tem liberdade para escolher quando estar no escritório presencialmente)","","","","","","","","","","","","","","","","","","","","","","","","","","","",""
"obkgas7q0usoi5lcunx5hobkgas7q0ek","40","40-44","Feminino","São Paulo (SP)","SP","Sudeste","de R$ 20.001/mês a R$ 25.000/mês","","","Modelo 100% remoto","","","","","","","","","","","","","","","","","","","","","","","","","","","",""
"xkh4u2kamfr8big2xkhck8i8mzl8yg90","42","40-44","Masculino","São Paulo (SP)","SP","Sudeste","de R$ 25.001/mês a R$ 30.000/mês","","","Modelo 100% remoto","","","","","","","","","","","","","","","","","","","","","","","","","","","",""
"u427kre282rdec3eu427k1g6jlt9y6qj","29","25-29","Masculino","São Paulo (SP)","SP","Sudeste","de R$ 12.001/mês a R$ 16.000/mês","","","Modelo 100% remoto","","","","","","","","","","","","","","","","","","","","","","","","","","","",""
"o6st1v0ui9kg14yw9do6sri82ufg2zwn","29","25-29","Masculino","São Paulo (SP)","SP","Sudeste","de R$ 6.001/mês a R$ 8.000/mês","","","Modelo 100% presencial","","","","","","","","","","","","","","","","","","","","","","","","","","","",""
"wybnm43k9hda96ihbxiewybnm43gxai6","32","30-34","Masculino","São Paulo (SP)","SP","Sudeste","de R$ 6.001/mês a R$ 8.000/mês","","","Modelo 100% remoto","","","","","","","","","","","","","","","","","","","","","","","","","","","",""
"mwrgiclm8u6gcbymwrz7s4u8gjwrb4hh","26","25-29","Masculino","Minas Gerais (MG)","MG","Sudeste","de R$ 6.001/mês a R$ 8.000/mês","","","Modelo híbrido flexível (o funcionário tem liberdade para escolher quando estar no escritório presencialmente)","","","","","","","","","","","","","","","","","","","","","","","","","","","",""
"f46dpwmt67affwujqf46dpwno8je7txq","38","35-39","Feminino","São Paulo (SP)","SP","Sudeste","de R$ 12.001/mês a R$ 16.000/mês","","","Modelo híbrido flexível (o funcionário tem liberdade para escolher quando estar no escritório presencialmente)","","","","","","","","","","","","","","","","","","","","","","","","","","","",""
"aj6rpcrd10ea10fuw7yaj6rpcrbike1c","29","25-29","Masculino","São Paulo (SP)","SP","Sudeste","de R$ 8.001/mês a R$ 12.000/mês","","","Modelo 100% remoto","","","","","","","","","","","","","","","","","","","","","","","","","","","",""
"443cl5y0b7zfq2443ce9jzxhapppxge7","43","40-44","Masculino","Minas Gerais (MG)","MG","Sudeste","de R$ 3.001/mês a R$ 4.000/mês","","","Modelo 100% presencial","","","","","","","","","","","","","","","","","","","","","","","","","","","",""
"gxirzvg963zq7nbfa6bgxirzvbxto9uz","29","25-29","Masculino","São Paulo (SP)","SP","Sudeste","de R$ 8.001/mês a R$ 12.000/mês","","","Modelo 100% remoto","","","","","","","","","","","","","","","","","","","","","","","","","","","",""
"u74io5sipcpo98jyu74imjx8a13hspb6","36","35-39","Feminino","São Paulo (SP)","SP","Sudeste","de R$ 8.001/mês a R$ 12.000/mês","","","Modelo 100% remoto","","","","","","","","","","","","","","","","","","","","","","","","","","","",""
"owtjt6aqaznj7pdd5jowtjthhwgs0fjh","46","45-49","Masculino","São Paulo (SP)","SP","Sudeste","de R$ 25.001/mês a R$ 30.000/mês","","","Modelo híbrido flexível (o funcionário tem liberdade para escolher quando estar no escritório presencialmente)","","","","","","","","","","","","","","","","","","","","","","","","","","","",""
"drkigb9apeehztldrkig42m1nv69678s","34","30-34","Masculino","São Paulo (SP)","SP","Sudeste","de R$ 16.001/mês a R$ 20.000/mês","","","Modelo híbrido flexível (o funcionário tem liberdade para escolher quando estar no escritório presencialmente)","","","","","","","","","","","","","","","","","","","","","","","","","","","",""
"vgae0dp51uhu7hiis6wevgae0dl9gr50","35","35-39","Masculino","Paraná (PR)","PR","Sul","de R$ 8.001/mês a R$ 12.000/mês","","","Modelo 100% remoto","","","","","","","","","","","","","","","","","","","","","","","","","","","",""
"iy8edn25btikwghwsl9kwiy8eoo7p1xj","42","40-44","Masculino","Rio de Janeiro (RJ)","RJ","Sudeste","Acima de R$ 40.001/mês","","","Modelo híbrido com dias fixos de trabalho presencial","","","","","","","","","","","","","","","","","","","","","","","","","","","",""
"ekv589azsjeu6y123fekvlpw3gxk3lmr","34","30-34","Masculino","Rio de Janeiro (RJ)","RJ","Sudeste","de R$ 12.001/mês a R$ 16.000/mês","","","Modelo híbrido flexível (o funcionário tem liberdade para escolher quando estar no escritório presencialmente)","","","","","","","","","","","","","","","","","","","","","","","","","","","",""
"rydb4a8tirtjm9o9zjwrydb4e7f6ex6y","26","25-29","Masculino","Goiás (GO)","GO","Centro-oeste","de R$ 8.001/mês a R$ 12.000/mês","","","Modelo 100% remoto","","","","","","","","","","","","","","","","","","","","","","","","","","","",""
"k99ty8knsc0h7rw4ohk99ty88a153qg6","33","30-34","Masculino","São Paulo (SP)","SP","Sudeste","de R$ 12.001/mês a R$ 16.000/mês","","","Modelo 100% remoto","","","","","","","","","","","","","","","","","","","","","","","","","","","",""
"s1gebyfdtf1r5d2y31s1geby12e282kp","34","30-34","Masculino","São Paulo (SP)","SP","Sudeste","de R$ 30.001/mês a R$ 40.000/mês","","","Modelo 100% remoto","","","","","","","","","","","","","","","","","","","","","","","","","","","",""
"desjepu4pae1vtrddes9as993cj3iuj5","31","30-34","Feminino","Pernambuco (PE)","PE","Nordeste","de R$ 25.001/mês a R$ 30.000/mês","","","Modelo 100% remoto","","","","","","","","","","","","","","","","","","","","","","","","","","","",""
"j9vldmgqt1lqdi680dwj9vldmn58x3s5","43","40-44","Masculino","Ceará (CE)","CE","Nordeste","de R$ 8.001/mês a R$ 12.000/mês","","","Modelo híbrido flexível (o funcionário tem liberdade para escolher quando estar no escritório presencialmente)","","","","","","","","","","","","","","","","","","","","","","","","","","","",""
"uotg40jeqw5au9tuotg4r9jho1b3vgsf","28","25-29","Masculino","Rio Grande do Sul (RS)","RS","Sul","de R$ 20.001/mês a R$ 25.000/mês","","","Modelo 100% remoto","","","","","","","","","","","","","","","","","","","","","","","","","","","",""
"lec2aodg00nak1lslec2ud1n0tel2qjf","32","30-34","Masculino","São Paulo (SP)","SP","Sudeste","de R$ 16.001/mês a R$ 20.000/mês","","","Modelo 100% remoto","","","","","","","","","","","","","","","","","","","","","","","","","","","",""
"gfx3r7efc77fmid5p0itp9wgfx3r7efb","38","35-39","Masculino","São Paulo (SP)","SP","Sudeste","de R$ 20.001/mês a R$ 25.000/mês","","","Modelo híbrido flexível (o funcionário tem liberdade para escolher quando estar no escritório presencialmente)","","","","","","","","","","","","","","","","","","","","","","","","","","","",""
"fswyh7oakp9665z79yufswy4drog8alm","27","25-29","Feminino","Rio de Janeiro (RJ)","RJ","Sudeste","de R$ 16.001/mês a R$ 20.000/mês","","","Modelo híbrido flexível (o funcionário tem liberdade para escolher quando estar no escritório presencialmente)","","","","","","","","","","","","","","","","","","","","","","","","","","","",""
"6ps7j1yssk5661mdtp6ps7douz28l60r","27","25-29","Masculino","São Paulo (SP)","SP","Sudeste","de R$ 16.001/mês a R$ 20.000/mês","","","Modelo híbrido com dias fixos de trabalho presencial","","","","","","","","","","","","","","","","","","","","","","","","","","","",""
"5rv3bqcgiuejf0945rv3w4ltk5v98o6f","33","30-34","Masculino","São Paulo (SP)","SP","Sudeste","de R$ 12.001/mês a R$ 16.000/mês","","","Modelo 100% remoto","","","","","","","","","","","","","","","","","","","","","","","","","","","",""
"8c12s4tet5jazf4948c12tqbm9md90v1","34","30-34","Masculino","São Paulo (SP)","SP","Sudeste","de R$ 12.001/mês a R$ 16.000/mês","","","Modelo 100% remoto","","","","","","","","","","","","","","","","","","","","","","","","","","","",""
"j7lnif6v8me01qh0yyj7lnnc1ya6a8x0","28","25-29","Masculino","São Paulo (SP)","SP","Sudeste","de R$ 8.001/mês a R$ 12.000/mês","","","Modelo híbrido flexível (o funcionário tem liberdade para escolher quando estar no escritório presencialmente)","","","","","","","","","","","","","","","","","","","","","","","","","","","",""
"h8ui8k56a2c1qwc2bouch8ui8k8t898n","44","40-44","Masculino","São Paulo (SP)","SP","Sudeste","de R$ 30.001/mês a R$ 40.000/mês","","","Modelo 100% remoto","","","","","","","","","","","","","","","","","","","","","","","","","","","",""
"wxz571kkndvyylnh2wxz57qcnx5hcett","29","25-29","Masculino","São Paulo (SP)","SP","Sudeste","de R$ 16.001/mês a R$ 20.000/mês","","","Modelo híbrido flexível (o funcionário tem liberdade para escolher quando estar no escritório presencialmente)","","","","","","","","","","","","","","","","","","","","","","","","","","","",""
"ua3fsfzans4h9rs5vwzua3fsrmrhhqrt","34","30-34","Masculino","","","Norte","de R$ 12.001/mês a R$ 16.000/mês","","","Modelo 100% remoto","","","","","","","","","","","","","","","","","","","","","","","","","","","",""
"0nek0895wt70lwht0pbs0nek089a2vem","32","30-34","Masculino","Minas Gerais (MG)","MG","Sudeste","de R$ 12.001/mês a R$ 16.000/mês","","","Modelo 100% remoto","","","","","","","","","","","","","","","","","","","","","","","","","","","",""
"tr1w2cmw65fnov5mftr1w2cm91j5jdb6","36","35-39","Masculino","São Paulo (SP)","SP","Sudeste","de R$ 16.001/mês a R$ 20.000/mês","","","Modelo híbrido flexível (o funcionário tem liberdade para escolher quando estar no escritório presencialmente)","","","","","","","","","","","","","","","","","","","","","","","","","","","",""
"za9s40stntqj7obc58za9z9twcw4p0vb","29","25-29","Masculino","Rio Grande do Sul (RS)","RS","Sul","de R$ 20.001/mês a R$ 25.000/mês","","","Modelo híbrido flexível (o funcionário tem liberdade para escolher quando estar no escritório presencialmente)","","","","","","","","","","","","","","","","","","","","","","","","","","","",""
"gegynff9mwqmoysv0gegynf6iwq7wyx3","50","50-54","Masculino","Rio Grande do Sul (RS)","RS","Sul","de R$ 16.001/mês a R$ 20.000/mês","","","Modelo híbrido com dias fixos de trabalho presencial","","","","","","","","","","","","","","","","","","","","","","","","","","","",""
"rcaomhrylxjmxrca3otrvrmzpma4f7ek","39","35-39","Masculino","Paraná (PR)","PR","Sul","de R$ 20.001/mês a R$ 25.000/mês","","","Modelo híbrido flexível (o funcionário tem liberdade para escolher quando estar no escritório presencialmente)","","","","","","","","","","","","","","","","","","","","","","","","","","","",""
"mmsw87fufmhxlu8qpzymmsw8n4yjdaoy","36","35-39","Masculino","São Paulo (SP)","SP","Sudeste","de R$ 12.001/mês a R$ 16.000/mês","","","Modelo 100% remoto","","","","","","","","","","","","","","","","","","","","","","","","","","","",""
"rhz37dcs8w3b7fplrhz371jhqrn1cwl1","23","22-24","Masculino","São Paulo (SP)","SP","Sudeste","de R$ 12.001/mês a R$ 16.000/mês","","","Modelo híbrido flexível (o funcionário tem liberdade para escolher quando estar no escritório presencialmente)","","","","","","","","","","","","","","","","","","","","","","","","","","","",""
"xkklerdixen4q0devpxkkleylla2xqp6","32","30-34","Masculino","Bahia (BA)","BA","Nordeste","de R$ 12.001/mês a R$ 16.000/mês","","","Modelo 100% remoto","","","","","","","","","","","","","","","","","","","","","","","","","","","",""
"ksp02cpgb01e3ksp0214w8ovim8l1fhi","53","50-54","Masculino","Distrito Federal (DF)","DF","Centro-oeste","de R$ 25.001/mês a R$ 30.000/mês","","","Modelo híbrido com dias fixos de trabalho presencial","","","","","","","","","","","","","","","","","","","","","","","","","","","",""
"4swqai7un018sw4x4swq1hxz3bxwe35x","33","30-34","Masculino","São Paulo (SP)","SP","Sudeste","de R$ 12.001/mês a R$ 16.000/mês","","","Modelo 100% remoto","","","","","","","","","","","","","","","","","","","","","","","","","","","",""
"4gizi7309ha4lgvkehytc4giz1s8kcem","29","25-29","Masculino","Paraná (PR)","PR","Sul","de R$ 16.001/mês a R$ 20.000/mês","","","Modelo híbrido flexível (o funcionário tem liberdade para escolher quando estar no escritório presencialmente)","","","","","","","","","","","","","","","","","","","","","","","","","","","",""
"ujbphdlpnh9wm4xndycujbpq3hh8kxmx","30","30-34","Masculino","São Paulo (SP)","SP","Sudeste","de R$ 12.001/mês a R$ 16.000/mês","","","Modelo híbrido flexível (o funcionário tem liberdade para escolher quando estar no escritório presencialmente)","","","","","","","","","","","","","","","","","","","","","","","","","","","",""
"9ybi65t4bb9boo89jt9ybiv95zokidbl","46","45-49","Masculino","São Paulo (SP)","SP","Sudeste","de R$ 25.001/mês a R$ 30.000/mês","","","Modelo 100% remoto","","","","","","","","","","","","","","","","","","","","","","","","","","","",""
"tp1dqbec6t6ox2zshtp1dg03u1lcsbgz","46","45-49","Feminino","Pernambuco (PE)","PE","Nordeste","de R$ 20.001/mês a R$ 25.000/mês","","","Modelo híbrido com dias fixos de trabalho presencial","","","","","","","","","","","","","","","","","","","","","","","","","","","",""
"cs2e5xvoizh1cd71cs2e59s1het15ogz","31","30-34","Masculino","São Paulo (SP)","SP","Sudeste","de R$ 12.001/mês a R$ 16.000/mês","","","Modelo 100% remoto","","","","","","","","","","","","","","","","","","","","","","","","","","","",""
"4284cagmco2nl23hh9d7t4284c45u1qp","34","30-34","Masculino","São Paulo (SP)","SP","Sudeste","de R$ 12.001/mês a R$ 16.000/mês","","","Modelo híbrido flexível (o funcionário tem liberdade para escolher quando estar no escritório presencialmente)","","","","","","","","","","","","","","","","","","","","","","","","","","","",""
"636hinxzgh636het89jdz2onde0m8et8","28","25-29","Masculino","São Paulo (SP)","SP","Sudeste","de R$ 8.001/mês a R$ 12.000/mês","","","Modelo híbrido flexível (o funcionário tem liberdade para escolher quando estar no escritório presencialmente)","","","","","","","","","","","","","","","","","","","","","","","","","","","",""
"zbfdmn7cca2fycwtn1zbfdm4sosnd06d","34","30-34","Masculino","São Paulo (SP)","SP","Sudeste","de R$ 20.001/mês a R$ 25.000/mês","","","Modelo híbrido flexível (o funcionário tem liberdade para escolher quando estar no escritório presencialmente)","","","","","","","","","","","","","","","","","","","","","","","","","","","",""
"1k4lk5lb2659mlsv8sw1k4lk5u6uhwaq","30","30-34","Masculino","Paraná (PR)","PR","Sul","de R$ 6.001/mês a R$ 8.000/mês","","","Modelo híbrido flexível (o funcionário tem liberdade para escolher quando estar no escritório presencialmente)","","","","","","","","","","","","","","","","","","","","","","","","","","","",""
"93koc8vei1nvpq7ve9dzop93koc8ebmi","29","25-29","Masculino","São Paulo (SP)","SP","Sudeste","de R$ 12.001/mês a R$ 16.000/mês","","","Modelo híbrido flexível (o funcionário tem liberdade para escolher quando estar no escritório presencialmente)","","","","","","","","","","","","","","","","","","","","","","","","","","","",""
"0bolsguevryyr0bolsg5nub8eo8ug1e9","39","35-39","Masculino","São Paulo (SP)","SP","Sudeste","de R$ 12.001/mês a R$ 16.000/mês","","","Modelo 100% remoto","","","","","","","","","","","","","","","","","","","","","","","","","","","",""
"a0m7blg60kzngx0ha0m7oh57qd4gyp88","33","30-34","Masculino","São Paulo (SP)","SP","Sudeste","de R$ 8.001/mês a R$ 12.000/mês","","","Modelo 100% remoto","","","","","","","","","","","","","","","","","","","","","","","","","","","",""
"zdida57picotz2pjgq7tcznzdida57lc","33","30-34","Feminino","São Paulo (SP)","SP","Sudeste","de R$ 4.001/mês a R$ 6.000/mês","","","Modelo 100% remoto","","","","","","","","","","","","","","","","","","","","","","","","","","","",""
"abamo3cdasilzlgk0habaa4i0qnks8ug","","55+","Masculino","Rio Grande do Sul (RS)","RS","Sul","de R$ 16.001/mês a R$ 20.000/mês","","","Modelo híbrido com dias fixos de trabalho presencial","","","","","","","","","","","","","","","","","","","","","","","","","","","",""
"mw7zir9qu7mdki58g273mw7zirp0tgjh","29","25-29","Masculino","Minas Gerais (MG)","MG","Sudeste","de R$ 6.001/mês a R$ 8.000/mês","","","Modelo 100% remoto","","","","","","","","","","","","","","","","","","","","","","","","","","","",""
"nt03onvdol0pqm7m23nt03onf0m5y74g","29","25-29","Feminino","Rio de Janeiro (RJ)","RJ","Sudeste","de R$ 12.001/mês a R$ 16.000/mês","","","Modelo 100% remoto","","","","","","","","","","","","","","","","","","","","","","","","","","","",""
"bgw5xiyjr97meq0y9g7abgw5xio6eil3","30","30-34","Masculino","São Paulo (SP)","SP","Sudeste","de R$ 8.001/mês a R$ 12.000/mês","","","Modelo híbrido flexível (o funcionário tem liberdade para escolher quando estar no escritório presencialmente)","","","","","","","","","","","","","","","","","","","","","","","","","","","",""
"qsxflma0phkhuymljqsxf2c55r2uc7ni","39","35-39","Masculino","Minas Gerais (MG)","MG","Sudeste","de R$ 16.001/mês a R$ 20.000/mês","","","Modelo 100% remoto","","","","","","","","","","","","","","","","","","","","","","","","","","","",""
"2h4kc84jes8glzq2h4ka4mf9jigc008h","43","40-44","Masculino","São Paulo (SP)","SP","Sudeste","de R$ 30.001/mês a R$ 40.000/mês","","","Modelo 100% remoto","","","","","","","","","","","","","","","","","","","","","","","","","","","",""
"akepeejfnt3o35d8o02akep8xsuog5u4","37","35-39","Masculino","São Paulo (SP)","SP","Sudeste","de R$ 16.001/mês a R$ 20.000/mês","","","Modelo híbrido com dias fixos de trabalho presencial","","","","","","","","","","","","","","","","","","","","","","","","","","","",""
"6na0ad2xz1qwcufuwa6naocnxqnc6hpz","32","30-34","Masculino","São Paulo (SP)","SP","Sudeste","de R$ 20.001/mês a R$ 25.000/mês","","","Modelo híbrido flexível (o funcionário tem liberdade para escolher quando estar no escritório presencialmente)","","","","","","","","","","","","","","","","","","","","","","","","","","","",""
"6fd8d540q9idb0l9pb6fd8dj309q6o3f","33","30-34","Masculino","São Paulo (SP)","SP","Sudeste","de R$ 30.001/mês a R$ 40.000/mês","","","Modelo 100% remoto","","","","","","","","","","","","","","","","","","","","","","","","","","","",""
"id05ucczmt4h9i1id05ufr46c6ju9r6u","27","25-29","Masculino","Paraná (PR)","PR","Sul","Acima de R$ 40.001/mês","","","Modelo híbrido com dias fixos de trabalho presencial","","","","","","","","","","","","","","","","","","","","","","","","","","","",""
"mvra4w72a484dckat62mvra4wgk6oxrn","47","45-49","Masculino","Distrito Federal (DF)","DF","Centro-oeste","de R$ 6.001/mês a R$ 8.000/mês","","","Modelo híbrido com dias fixos de trabalho presencial","","","","","","","","","","","","","","","","","","","","","","","","","","","",""
"rky7lc9gzqruw8l8vqurkyppd9ff74wv","30","30-34","Masculino","São Paulo (SP)","SP","Sudeste","de R$ 20.001/mês a R$ 25.000/mês","","","Modelo híbrido flexível (o funcionário tem liberdade para escolher quando estar no escritório presencialmente)","","","","","","","","","","","","","","","","","","","","","","","","","","","",""
"bniocb5ie6dgv5y15gwtawdsbniocb5j","35","35-39","Masculino","Paraná (PR)","PR","Sul","Acima de R$ 40.001/mês","","","Modelo 100% remoto","","","","","","","","","","","","","","","","","","","","","","","","","","","",""
"7nhqm4yo4le5logpf6m7nhqo1apqjta1","36","35-39","Masculino","São Paulo (SP)","SP","Sudeste","de R$ 6.001/mês a R$ 8.000/mês","","","Modelo híbrido com dias fixos de trabalho presencial","","","","","","","","","","","","","","","","","","","","","","","","","","","",""
"ijroa83d60xm02q6vfijroa8cki4qwf9","29","25-29","Masculino","São Paulo (SP)","SP","Sudeste","de R$ 25.001/mês a R$ 30.000/mês","","","Modelo 100% remoto","","","","","","","","","","","","","","","","","","","","","","","","","","","",""
"m6f7eu6z8kwpg7oaawhtr5m6f7eu6zgk","28","25-29","Masculino","São Paulo (SP)","SP","Sudeste","de R$ 20.001/mês a R$ 25.000/mês","","","Modelo 100% remoto","","","","","","","","","","","","","","","","","","","","","","","","","","","",""
"m53ugdzuxxss761khm53ugzk192unbyu","32","30-34","Masculino","São Paulo (SP)","SP","Sudeste","de R$ 12.001/mês a R$ 16.000/mês","","","Modelo híbrido flexível (o funcionário tem liberdade para escolher quando estar no escritório presencialmente)","","","","","","","","","","","","","","","","","","","","","","","","","","","",""
"dcv5t6ohua4w17i2dx9mdcv5t6rxftlr","25","25-29","Masculino","São Paulo (SP)","SP","Sudeste","de R$ 12.001/mês a R$ 16.000/mês","","","Modelo híbrido flexível (o funcionário tem liberdade para escolher quando estar no escritório presencialmente)","","","","","","","","","","","","","","","","","","","","","","","","","","","",""
"zl8p8lccuynz6yzl8p8mbvu5hjtg6tt4","29","25-29","Masculino","São Paulo (SP)","SP","Sudeste","de R$ 20.001/mês a R$ 25.000/mês","","","Modelo 100% remoto","","","","","","","","","","","","","","","","","","","","","","","","","","","",""
"jub4eyt0c5ckuk2ijub4ek2c6ufp4xh6","27","25-29","Masculino","Santa Catarina (SC)","SC","Sul","de R$ 16.001/mês a R$ 20.000/mês","","","Modelo 100% remoto","","","","","","","","","","","","","","","","","","","","","","","","","","","",""
"yx54xort56myl13nyx54xoyc6p5ltzpj","46","45-49","Masculino","Rio Grande do Sul (RS)","RS","Sul","de R$ 12.001/mês a R$ 16.000/mês","","","Modelo híbrido com dias fixos de trabalho presencial","","","","","","","","","","","","","","","","","","","","","","","","","","","",""
"swlt3yswla10xszxoesxk282tsaia10x","36","35-39","Masculino","Rio Grande do Sul (RS)","RS","Sul","de R$ 6.001/mês a R$ 8.000/mês","","","Modelo híbrido flexível (o funcionário tem liberdade para escolher quando estar no escritório presencialmente)","","","","","","","","","","","","","","","","","","","","","","","","","","","",""
"g3u0azmivip7pawo5cmg3u0ahdn4jw85","27","25-29","Feminino","São Paulo (SP)","SP","Sudeste","de R$ 8.001/mês a R$ 12.000/mês","","","Modelo híbrido flexível (o funcionário tem liberdade para escolher quando estar no escritório presencialmente)","","","","","","","","","","","","","","","","","","","","","","","","","","","",""
"j4it62dc4uil94aj4it84mq3ymgiuanq","31","30-34","Masculino","São Paulo (SP)","SP","Sudeste","de R$ 12.001/mês a R$ 16.000/mês","","","Modelo híbrido flexível (o funcionário tem liberdade para escolher quando estar no escritório presencialmente)","","","","","","","","","","","","","","","","","","","","","","","","","","","",""
"rhho0fbnmspuhxtqkeykdrhho0fc4ipp","29","25-29","Masculino","Minas Gerais (MG)","MG","Sudeste","de R$ 8.001/mês a R$ 12.000/mês","","","Modelo híbrido flexível (o funcionário tem liberdade para escolher quando estar no escritório presencialmente)","","","","","","","","","","","","","","","","","","","","","","","","","","","",""
"lh60jrjtbc2x8yc3jzan0lh60jrc2i21","43","40-44","Masculino","Paraná (PR)","PR","Sul","de R$ 20.001/mês a R$ 25.000/mês","","","Modelo 100% remoto","","","","","","","","","","","","","","","","","","","","","","","","","","","",""
"oeqia8a9gv60qxnyu1pw5kgoeqia8a9y","41","40-44","Feminino","Paraná (PR)","PR","Sul","de R$ 1.001/mês a R$ 2.000/mês","","","Modelo híbrido flexível (o funcionário tem liberdade para escolher quando estar no escritório presencialmente)","","","","","","","","","","","","","","","","","","","","","","","","","","","",""
"murfis2mkiltcj38yr6murfy1fieh2lm","39","35-39","Feminino","São Paulo (SP)","SP","Sudeste","de R$ 30.001/mês a R$ 40.000/mês","","","Modelo 100% remoto","","","","","","","","","","","","","","","","","","","","","","","","","","","",""
"c33d5j9ez7r7vyc33d5j37y09pn4rb20","37","35-39","Masculino","Minas Gerais (MG)","MG","Sudeste","de R$ 12.001/mês a R$ 16.000/mês","","","Modelo híbrido flexível (o funcionário tem liberdade para escolher quando estar no escritório presencialmente)","","","","","","","","","","","","","","","","","","","","","","","","","","","",""
"lyrqtr58je996r3egcoolyrqto1jb9pr","32","30-34","Masculino","Rio de Janeiro (RJ)","RJ","Sudeste","de R$ 12.001/mês a R$ 16.000/mês","","","Modelo híbrido flexível (o funcionário tem liberdade para escolher quando estar no escritório presencialmente)","","","","","","","","","","","","","","","","","","","","","","","","","","","",""
"gztkmzlcj4tygiggztkmzmhhz7763vuw","31","30-34","Masculino","Rio de Janeiro (RJ)","RJ","Sudeste","de R$ 6.001/mês a R$ 8.000/mês","","","Modelo 100% remoto","","","","","","","","","","","","","","","","","","","","","","","","","","","",""
"i8w9akgn2m0mnmxlgi8w9ak4iwljbsdb","39","35-39","Masculino","São Paulo (SP)","SP","Sudeste","de R$ 12.001/mês a R$ 16.000/mês","","","Modelo 100% remoto","","","","","","","","","","","","","","","","","","","","","","","","","","","",""
"583tel8gcjto79tnxsxz583telqkamaw","36","35-39","Masculino","São Paulo (SP)","SP","Sudeste","de R$ 20.001/mês a R$ 25.000/mês","","","Modelo 100% remoto","","","","","","","","","","","","","","","","","","","","","","","","","","","",""
"gr1m0vc2s488ksdgd2gr1m4fcqq45cpg","24","22-24","Masculino","Minas Gerais (MG)","MG","Sudeste","de R$ 6.001/mês a R$ 8.000/mês","","","Modelo 100% remoto","","","","","","","","","","","","","","","","","","","","","","","","","","","",""
"bjhltjr1hz9z9dgqg3bjhl1dm7uu9r5h","36","35-39","Masculino","São Paulo (SP)","SP","Sudeste","de R$ 20.001/mês a R$ 25.000/mês","","","Modelo híbrido flexível (o funcionário tem liberdade para escolher quando estar no escritório presencialmente)","","","","","","","","","","","","","","","","","","","","","","","","","","","",""
"jpmhwxnf2ldgde3fbw3jpmhwxnob236f","33","30-34","Masculino","São Paulo (SP)","SP","Sudeste","de R$ 20.001/mês a R$ 25.000/mês","","","Modelo híbrido flexível (o funcionário tem liberdade para escolher quando estar no escritório presencialmente)","","","","","","","","","","","","","","","","","","","","","","","","","","","",""
"85g9dpcjahythyr85g90ynhoywto2ytr","29","25-29","Masculino","São Paulo (SP)","SP","Sudeste","de R$ 12.001/mês a R$ 16.000/mês","","","Modelo híbrido flexível (o funcionário tem liberdade para escolher quando estar no escritório presencialmente)","","","","","","","","","","","","","","","","","","","","","","","","","","","",""
"9vulhfus1r07a7a9vugo74k50so0ktez","30","30-34","Masculino","São Paulo (SP)","SP","Sudeste","de R$ 16.001/mês a R$ 20.000/mês","","","Modelo 100% remoto","","","","","","","","","","","","","","","","","","","","","","","","","","","",""
"sx82k1a0tuk4k5ulj6sx82k1a2ncplna","33","30-34","Masculino","Paraná (PR)","PR","Sul","de R$ 12.001/mês a R$ 16.000/mês","","","Modelo híbrido flexível (o funcionário tem liberdade para escolher quando estar no escritório presencialmente)","","","","","","","","","","","","","","","","","","","","","","","","","","","",""
"f9y3qywf8zm3ifovwqmdf9y3qywnlov2","36","35-39","Masculino","São Paulo (SP)","SP","Sudeste","de R$ 8.001/mês a R$ 12.000/mês","","","Modelo híbrido flexível (o funcionário tem liberdade para escolher quando estar no escritório presencialmente)","","","","","","","","","","","","","","","","","","","","","","","","","","","",""
"enjnl4vywkrkvenjnlanchv4ohmmwgvh","38","35-39","Masculino","Minas Gerais (MG)","MG","Sudeste","de R$ 16.001/mês a R$ 20.000/mês","","","Modelo híbrido flexível (o funcionário tem liberdade para escolher quando estar no escritório presencialmente)","","","","","","","","","","","","","","","","","","","","","","","","","","","",""
"swg27ccqatr5lxkdkm4swg9rd8vz9teg","29","25-29","Masculino","Rio de Janeiro (RJ)","RJ","Sudeste","de R$ 12.001/mês a R$ 16.000/mês","","","Modelo híbrido com dias fixos de trabalho presencial","","","","","","","","","","","","","","","","","","","","","","","","","","","",""
"zidhvcmnrkg9ux5z3jogpzidhvcmswdu","25","25-29","Masculino","Santa Catarina (SC)","SC","Sul","de R$ 12.001/mês a R$ 16.000/mês","","","Modelo 100% remoto","","","","","","","","","","","","","","","","","","","","","","","","","","","",""
"fczzycyy7qbzxlcfczk3njqnwrsas0v5","29","25-29","Masculino","Minas Gerais (MG)","MG","Sudeste","de R$ 16.001/mês a R$ 20.000/mês","","","Modelo híbrido flexível (o funcionário tem liberdade para escolher quando estar no escritório presencialmente)","","","","","","","","","","","","","","","","","","","","","","","","","","","",""
"ja5ved0pydolv5ahriux4ja5veddx68x","54","50-54","Masculino","São Paulo (SP)","SP","Sudeste","de R$ 20.001/mês a R$ 25.000/mês","","","Modelo 100% remoto","","","","","","","","","","","","","","","","","","","","","","","","","","","",""
"4y8u2cok9his55cj2l4y8uwc9tn2m4eh","31","30-34","Masculino","São Paulo (SP)","SP","Sudeste","de R$ 20.001/mês a R$ 25.000/mês","","","Modelo 100% remoto","","","","","","","","","","","","","","","","","","","","","","","","","","","",""
"rnownefprg1xcdrxqjrnownevtwvy6gn","47","45-49","Masculino","São Paulo (SP)","SP","Sudeste","de R$ 30.001/mês a R$ 40.000/mês","","","Modelo híbrido com dias fixos de trabalho presencial","","","","","","","","","","","","","","","","","","","","","","","","","","","",""
"o1nriab346el53t33qvno1nri69t96be","36","35-39","Masculino","São Paulo (SP)","SP","Sudeste","de R$ 6.001/mês a R$ 8.000/mês","","","Modelo 100% presencial","","","","","","","","","","","","","","","","","","","","","","","","","","","",""
"xctgitcd7thamp09tbyexctgitcdova1","41","40-44","Masculino","Minas Gerais (MG)","MG","Sudeste","de R$ 4.001/mês a R$ 6.000/mês","","","Modelo 100% remoto","","","","","","","","","","","","","","","","","","","","","","","","","","","",""
"oj0pm2izg4i3m1tooj0psg2t2fjczj62","35","35-39","Masculino","São Paulo (SP)","SP","Sudeste","de R$ 3.001/mês a R$ 4.000/mês","","","Modelo híbrido flexível (o funcionário tem liberdade para escolher quando estar no escritório presencialmente)","","","","","","","","","","","","","","","","","","","","","","","","","","","",""
"5wkdoubpszagmibr5wkdoyvm32p8bp4j","29","25-29","Feminino","Rio Grande do Sul (RS)","RS","Sul","de R$ 6.001/mês a R$ 8.000/mês","","","Modelo 100% presencial","","","","","","","","","","","","","","","","","","","","","","","","","","","",""
"e4zz6kyzhr5bl2z8xe4zz6k2lr1px399","43","40-44","Masculino","São Paulo (SP)","SP","Sudeste","de R$ 4.001/mês a R$ 6.000/mês","","","Modelo 100% presencial","","","","","","","","","","","","","","","","","","","","","","","","","","","",""
"pahqa3728oo1oqwxi07ej1cpahqa372y","23","22-24","Masculino","Bahia (BA)","BA","Nordeste","de R$ 3.001/mês a R$ 4.000/mês","","","Modelo híbrido com dias fixos de trabalho presencial","","","","","","","","","","","","","","","","","","","","","","","","","","","",""
"fhz453fvzo0j5bvxlgtfhz4537k89fnm","26","25-29","Masculino","São Paulo (SP)","SP","Sudeste","de R$ 8.001/mês a R$ 12.000/mês","","","Modelo híbrido flexível (o funcionário tem liberdade para escolher quando estar no escritório presencialmente)","","","","","","","","","","","","","","","","","","","","","","","","","","","",""
"cvdw3gqkos7qk8fcvdwsijoc7k1wd3f3","31","30-34","Masculino","Santa Catarina (SC)","SC","Sul","de R$ 6.001/mês a R$ 8.000/mês","","","Modelo 100% presencial","","","","","","","","","","","","","","","","","","","","","","","","","","","",""
"de8cfz7oig65rob4de8apvkpuz26cpkm","","55+","Masculino","Minas Gerais (MG)","MG","Sudeste","de R$ 25.001/mês a R$ 30.000/mês","","","Modelo híbrido flexível (o funcionário tem liberdade para escolher quando estar no escritório presencialmente)","","","","","","","","","","","","","","","","","","","","","","","","","","","",""
"rpv2o7t1q8jmb1x2tngqhrpv2o7t1jqo","51","50-54","Feminino","Paraná (PR)","PR","Sul","de R$ 6.001/mês a R$ 8.000/mês","","","Modelo híbrido com dias fixos de trabalho presencial","","","","","","","","","","","","","","","","","","","","","","","","","","","",""
"y2qa708usdr3ntsuvy3ry2qa70lrlvtr","52","50-54","Masculino","Paraná (PR)","PR","Sul","de R$ 12.001/mês a R$ 16.000/mês","","","Modelo 100% presencial","","","","","","","","","","","","","","","","","","","","","","","","","","","",""
"uxc5izpooew5jz3kkrutuxc5iq47wzb7","36","35-39","Masculino","Rio de Janeiro (RJ)","RJ","Sudeste","de R$ 8.001/mês a R$ 12.000/mês","","","Modelo híbrido flexível (o funcionário tem liberdade para escolher quando estar no escritório presencialmente)","","","","","","","","","","","","","","","","","","","","","","","","","","","",""
"n400a78o6vafs4s0a75mpcn400a7820y","31","30-34","Masculino","Sergipe (SE)","SE","Nordeste","de R$ 4.001/mês a R$ 6.000/mês","","","Modelo 100% remoto","","","","","","","","","","","","","","","","","","","","","","","","","","","",""
"uh4lk01kbszx343giuh4lk01je7om934","46","45-49","Masculino","Goiás (GO)","GO","Centro-oeste","de R$ 6.001/mês a R$ 8.000/mês","","","Modelo 100% remoto","","","","","","","","","","","","","","","","","","","","","","","","","","","",""
"5p5vq5pafw0ip46u5pvep7i7dcf2fxwq","35","35-39","Masculino","Rio de Janeiro (RJ)","RJ","Sudeste","de R$ 12.001/mês a R$ 16.000/mês","","","Modelo híbrido flexível (o funcionário tem liberdade para escolher quando estar no escritório presencialmente)","","","","","","","","","","","","","","","","","","","","","","","","","","","",""
"hjw78vru1cfdowpmkgd6nhjw78vr5khg","28","25-29","Masculino","São Paulo (SP)","SP","Sudeste","de R$ 30.001/mês a R$ 40.000/mês","","","Modelo híbrido com dias fixos de trabalho presencial","","","","","","","","","","","","","","","","","","","","","","","","","","","",""
"yjrv9hqhrk9yjrv7cm4r3afg11693bjs","42","40-44","Masculino","São Paulo (SP)","SP","Sudeste","de R$ 6.001/mês a R$ 8.000/mês","","","Modelo 100% remoto","","","","","","","","","","","","","","","","","","","","","","","","","","","",""
"iiuybv0hi7xqcoi5siiuybvwgl2tn470","25","25-29","Masculino","São Paulo (SP)","SP","Sudeste","de R$ 8.001/mês a R$ 12.000/mês","","","Modelo 100% remoto","","","","","","","","","","","","","","","","","","","","","","","","","","","",""
"3a2ppb9vh5wombbgt3a2pkvhihn7qd9m","36","35-39","Masculino","São Paulo (SP)","SP","Sudeste","de R$ 6.001/mês a R$ 8.000/mês","","","Modelo híbrido com dias fixos de trabalho presencial","","","","","","","","","","","","","","","","","","","","","","","","","","","",""
"6qflsvhx0yl0ud5px336qflsdamvnc1v","46","45-49","Masculino","São Paulo (SP)","SP","Sudeste","de R$ 8.001/mês a R$ 12.000/mês","","","Modelo 100% remoto","","","","","","","","","","","","","","","","","","","","","","","","","","","",""
"8geg3kf1g5p2mxms8gegldieau8a14os","34","30-34","Masculino","São Paulo (SP)","SP","Sudeste","de R$ 6.001/mês a R$ 8.000/mês","","","Modelo híbrido flexível (o funcionário tem liberdade para escolher quando estar no escritório presencialmente)","","","","","","","","","","","","","","","","","","","","","","","","","","","",""
"jjuxqy570lx7zjcw3r80300eixgjjuxq","54","50-54","Masculino","Rio Grande do Sul (RS)","RS","Sul","de R$ 6.001/mês a R$ 8.000/mês","","","Modelo 100% remoto","","","","","","","","","","","","","","","","","","","","","","","","","","","",""
"snzkcdemdxs6e1gnaqsnzkc3j7p7copj","37","35-39","Masculino","Paraná (PR)","PR","Sul","de R$ 8.001/mês a R$ 12.000/mês","","","Modelo híbrido com dias fixos de trabalho presencial","","","","","","","","","","","","","","","","","","","","","","","","","","","",""
"u3h2mmakp2ckxk92w0tu3h2mmakxyhcj","26","25-29","Masculino","São Paulo (SP)","SP","Sudeste","Menos de R$ 1.000/mês","","","Modelo híbrido flexível (o funcionário tem liberdade para escolher quando estar no escritório presencialmente)","","","","","","","","","","","","","","","","","","","","","","","","","","","",""
"b1botlp3hhsbe2b1botiepatwxzhes0m","28","25-29","Masculino","São Paulo (SP)","SP","Sudeste","de R$ 8.001/mês a R$ 12.000/mês","","","Modelo híbrido flexível (o funcionário tem liberdade para escolher quando estar no escritório presencialmente)","","","","","","","","","","","","","","","","","","","","","","","","","","","",""
"aseetdoks6smjnctuyryaseetdo6sgtd","32","30-34","Feminino","Minas Gerais (MG)","MG","Sudeste","de R$ 25.001/mês a R$ 30.000/mês","","","Modelo 100% remoto","","","","","","","","","","","","","","","","","","","","","","","","","","","",""
"3jxjhyxh52zimpl51agg3jxjh84nc7ty","36","35-39","Masculino","Paraná (PR)","PR","Sul","de R$ 12.001/mês a R$ 16.000/mês","","","Modelo híbrido flexível (o funcionário tem liberdade para escolher quando estar no escritório presencialmente)","","","","","","","","","","","","","","","","","","","","","","","","","","","",""
"407d96zlq5zul4xqv501sf407d96ckyw","29","25-29","Masculino","Minas Gerais (MG)","MG","Sudeste","de R$ 4.001/mês a R$ 6.000/mês","","","Modelo híbrido com dias fixos de trabalho presencial","","","","","","","","","","","","","","","","","","","","","","","","","","","",""
"kkn9l1pvwvx9ejjnr0kkn9l143r518c4","38","35-39","Feminino","São Paulo (SP)","SP","Sudeste","de R$ 16.001/mês a R$ 20.000/mês","","","Modelo híbrido flexível (o funcionário tem liberdade para escolher quando estar no escritório presencialmente)","","","","","","","","","","","","","","","","","","","","","","","","","","","",""
"cub9vz7r8cv0v5q0ojacub9w3aiz4jsq","38","35-39","Masculino","Espírito Santo (ES)","ES","Sudeste","Acima de R$ 40.001/mês","","","Modelo híbrido flexível (o funcionário tem liberdade para escolher quando estar no escritório presencialmente)","","","","","","","","","","","","","","","","","","","","","","","","","","","",""
"js9zsl801qzdyryhetrjs9zs9bv5ff11","33","30-34","Masculino","Rio Grande do Sul (RS)","RS","Sul","de R$ 12.001/mês a R$ 16.000/mês","","","Modelo 100% remoto","","","","","","","","","","","","","","","","","","","","","","","","","","","",""
"013w3v2dpzwftrg8zw013w3v2dzoflrc","32","30-34","Masculino","São Paulo (SP)","SP","Sudeste","de R$ 8.001/mês a R$ 12.000/mês","","","Modelo híbrido com dias fixos de trabalho presencial","","","","","","","","","","","","","","","","","","","","","","","","","","","",""
"23xp7umv1n4filh4tg2l23xp7jnz0t2r","27","25-29","Masculino","Minas Gerais (MG)","MG","Sudeste","de R$ 20.001/mês a R$ 25.000/mês","","","Modelo 100% remoto","","","","","","","","","","","","","","","","","","","","","","","","","","","",""
"8hyd1t7g1v53uu48hyds1tmdkp7z6zxu","29","25-29","Masculino","São Paulo (SP)","SP","Sudeste","de R$ 25.001/mês a R$ 30.000/mês","","","Modelo 100% remoto","","","","","","","","","","","","","","","","","","","","","","","","","","","",""
"8k3alvkt47nav2ahh18k3alvq3bxch4j","45","45-49","Masculino","São Paulo (SP)","SP","Sudeste","de R$ 20.001/mês a R$ 25.000/mês","","","Modelo 100% remoto","","","","","","","","","","","","","","","","","","","","","","","","","","","",""
"jny53w336gydgb0c89jny53yige37g2e","33","30-34","Masculino","Minas Gerais (MG)","MG","Sudeste","de R$ 6.001/mês a R$ 8.000/mês","","","Modelo 100% remoto","","","","","","","","","","","","","","","","","","","","","","","","","","","",""
"ybqtxykpsomt63jsgoybqtxy7kja3bq3","35","35-39","Masculino","Minas Gerais (MG)","MG","Sudeste","de R$ 30.001/mês a R$ 40.000/mês","","","Modelo 100% remoto","","","","","","","","","","","","","","","","","","","","","","","","","","","",""
"wyeh78nx66a1f13505jwb9cmwyehew26","42","40-44","Masculino","Rio de Janeiro (RJ)","RJ","Sudeste","de R$ 16.001/mês a R$ 20.000/mês","","","Modelo 100% presencial","","","","","","","","","","","","","","","","","","","","","","","","","","","",""
"vx7trs4uusor919vx7t3yo9nu0xyko61","29","25-29","Masculino","Santa Catarina (SC)","SC","Sul","de R$ 8.001/mês a R$ 12.000/mês","","","Modelo 100% remoto","","","","","","","","","","","","","","","","","","","","","","","","","","","",""
"w6bcyroukbc6w6gcs602eapgffivp2gc","25","25-29","Masculino","São Paulo (SP)","SP","Sudeste","de R$ 8.001/mês a R$ 12.000/mês","","","Modelo híbrido flexível (o funcionário tem liberdade para escolher quando estar no escritório presencialmente)","","","","","","","","","","","","","","","","","","","","","","","","","","","",""
"v2cz95ihw16vqo103b7pebp713uv2cz9","32","30-34","Feminino","Rio de Janeiro (RJ)","RJ","Sudeste","de R$ 6.001/mês a R$ 8.000/mês","","","Modelo híbrido flexível (o funcionário tem liberdade para escolher quando estar no escritório presencialmente)","","","","","","","","","","","","","","","","","","","","","","","","","","","",""
"c8gyceekdfs9jplyo7tc8gycwlsjah2k","29","25-29","Masculino","Paraná (PR)","PR","Sul","de R$ 12.001/mês a R$ 16.000/mês","","","Modelo 100% remoto","","","","","","","","","","","","","","","","","","","","","","","","","","","",""
"ivvj3xty3fquhqey7hivvj3x0c6804la","32","30-34","Masculino","São Paulo (SP)","SP","Sudeste","de R$ 8.001/mês a R$ 12.000/mês","","","Modelo 100% presencial","","","","","","","","","","","","","","","","","","","","","","","","","","","",""
"wklnuuu2oujl9mdnwklnu9lyqb2nke99","29","25-29","Masculino","Minas Gerais (MG)","MG","Sudeste","de R$ 12.001/mês a R$ 16.000/mês","","","Modelo 100% remoto","","","","","","","","","","","","","","","","","","","","","","","","","","","",""
"r6qqsxk4mteoi0nt6r6q59rvj6rprun5","33","30-34","Masculino","Santa Catarina (SC)","SC","Sul","de R$ 8.001/mês a R$ 12.000/mês","","","Modelo híbrido flexível (o funcionário tem liberdade para escolher quando estar no escritório presencialmente)","","","","","","","","","","","","","","","","","","","","","","","","","","","",""
"q7qshs6hqpfvm4kx9p6ouwsq7qshs6hg","22","22-24","Masculino","São Paulo (SP)","SP","Sudeste","de R$ 3.001/mês a R$ 4.000/mês","","","Modelo híbrido com dias fixos de trabalho presencial","","","","","","","","","","","","","","","","","","","","","","","","","","","",""
"b04lri5hb9b04l5f51cpc1468dme01o5","29","25-29","Feminino","Rio Grande do Sul (RS)","RS","Sul","de R$ 4.001/mês a R$ 6.000/mês","","","Modelo 100% remoto","","","","","","","","","","","","","","","","","","","","","","","","","","","",""
"5gr87lmrubhmy75gr87m48kqndzefgde","32","30-34","Feminino","São Paulo (SP)","SP","Sudeste","de R$ 12.001/mês a R$ 16.000/mês","","","Modelo 100% remoto","","","","","","","","","","","","","","","","","","","","","","","","","","","",""
"mj3iqo7zt769ysn7mj3iwbg7pr1yg262","37","35-39","Masculino","Rio Grande do Norte (RN)","RN","Nordeste","de R$ 8.001/mês a R$ 12.000/mês","","","Modelo 100% presencial","","","","","","","","","","","","","","","","","","","","","","","","","","","",""
"y6t6y45d6xjsdf9ifxfohy6t6y49rwrs","53","50-54","Masculino","São Paulo (SP)","SP","Sudeste","de R$ 20.001/mês a R$ 25.000/mês","","","Modelo 100% remoto","","","","","","","","","","","","","","","","","","","","","","","","","","","",""
"sxctky1pzfdha7q1agysxctk7ae6hxcq","50","50-54","Masculino","Ceará (CE)","CE","Nordeste","de R$ 16.001/mês a R$ 20.000/mês","","","Modelo 100% presencial","","","","","","","","","","","","","","","","","","","","","","","","","","","",""
"gt2knmkijk1ogyev38rgt2knq5v39xwd","31","30-34","Masculino","São Paulo (SP)","SP","Sudeste","de R$ 6.001/mês a R$ 8.000/mês","","","Modelo 100% remoto","","","","","","","","","","","","","","","","","","","","","","","","","","","",""
"6a44rqlbuqw8ixv63lbmo6a44rqjag5g","32","30-34","Masculino","São Paulo (SP)","SP","Sudeste","de R$ 12.001/mês a R$ 16.000/mês","","","Modelo 100% remoto","","","","","","","","","","","","","","","","","","","","","","","","","","","",""
"5ofgx884koth9f8hjeun5ofgx81v6nnl","31","30-34","Masculino","Rio de Janeiro (RJ)","RJ","Sudeste","de R$ 16.001/mês a R$ 20.000/mês","","","Modelo 100% remoto","","","","","","","","","","","","","","","","","","","","","","","","","","","",""
"1sh5nh58uayu6n90p1sh5nhjrigtvxs3","37","35-39","Masculino","Distrito Federal (DF)","DF","Centro-oeste","de R$ 30.001/mês a R$ 40.000/mês","","","Modelo híbrido flexível (o funcionário tem liberdade para escolher quando estar no escritório presencialmente)","","","","","","","","","","","","","","","","","","","","","","","","","","","",""
"06vkxdc27mpcd7sqf06vkxd1aiq90v0a","32","30-34","Masculino","São Paulo (SP)","SP","Sudeste","de R$ 8.001/mês a R$ 12.000/mês","","","Modelo 100% remoto","","","","","","","","","","","","","","","","","","","","","","","","","","","",""
"g60onkj56cwyl38y38r8ang60onky80p","31","30-34","Masculino","São Paulo (SP)","SP","Sudeste","de R$ 2.001/mês a R$ 3000/mês","","","Modelo 100% presencial","","","","","","","","","","","","","","","","","","","","","","","","","","","",""
"9g7n85m8bee38y9g7bv6k0n8ue98k78e","45","45-49","Masculino","São Paulo (SP)","SP","Sudeste","de R$ 16.001/mês a R$ 20.000/mês","","","Modelo 100% remoto","","","","","","","","","","","","","","","","","","","","","","","","","","","",""
"l95jo9zj7taizzzq5n2l95joguvnh068","35","35-39","Masculino","São Paulo (SP)","SP","Sudeste","de R$ 8.001/mês a R$ 12.000/mês","","","Modelo 100% remoto","","","","","","","","","","","","","","","","","","","","","","","","","","","",""
"zbzrrectg7vcoa5tomzbzrreyqvfflj4","26","25-29","Feminino","Minas Gerais (MG)","MG","Sudeste","de R$ 20.001/mês a R$ 25.000/mês","","","Modelo 100% remoto","","","","","","","","","","","","","","","","","","","","","","","","","","","",""
"fjv0gpckbc4vsmzxdkbsyfjv0gp6keqk","24","22-24","Masculino","Paraná (PR)","PR","Sul","de R$ 3.001/mês a R$ 4.000/mês","","","Modelo híbrido flexível (o funcionário tem liberdade para escolher quando estar no escritório presencialmente)","","","","","","","","","","","","","","","","","","","","","","","","","","","",""
"dfnq7j7nekg7pzurdfn1xxn1m19zcaw6","31","30-34","Masculino","Fora do Brasil","Exterior","Exterior","Acima de R$ 40.001/mês","","","Modelo híbrido flexível (o funcionário tem liberdade para escolher quando estar no escritório presencialmente)","","","","","","","","","","","","","","","","","","","","","","","","","","","",""
"nvft5rmq6mmgqosvyoinvft5rmqbh000","29","25-29","Masculino","São Paulo (SP)","SP","Sudeste","de R$ 16.001/mês a R$ 20.000/mês","","","Modelo 100% remoto","","","","","","","","","","","","","","","","","","","","","","","","","","","",""
"1nlcoqouytfuzeghw5f1nlcoq5nmilb9","37","35-39","Masculino","São Paulo (SP)","SP","Sudeste","de R$ 20.001/mês a R$ 25.000/mês","","","Modelo híbrido flexível (o funcionário tem liberdade para escolher quando estar no escritório presencialmente)","","","","","","","","","","","","","","","","","","","","","","","","","","","",""
"hfzyb9r0x321vd5quve1dhfzyb9rem85","38","35-39","Masculino","Ceará (CE)","CE","Nordeste","Acima de R$ 40.001/mês","","","Modelo híbrido com dias fixos de trabalho presencial","","","","","","","","","","","","","","","","","","","","","","","","","","","",""
"sui0zl2xwudfmr0r7sui0ejcamu77zz9","26","25-29","Masculino","São Paulo (SP)","SP","Sudeste","de R$ 12.001/mês a R$ 16.000/mês","","","Modelo 100% remoto","","","","","","","","","","","","","","","","","","","","","","","","","","","",""
"9cvvn5bbcsrtd2a41pa9cvvn5bxuvb5y","27","25-29","Masculino","Fora do Brasil","Exterior","Exterior","Acima de R$ 40.001/mês","","","Modelo híbrido com dias fixos de trabalho presencial","","","","","","","","","","","","","","","","","","","","","","","","","","","",""
"sgqqlyes3j6vvsgvmb1tr4kxr5agl56h","33","30-34","Masculino","Santa Catarina (SC)","SC","Sul","de R$ 12.001/mês a R$ 16.000/mês","","","Modelo 100% remoto","","","","","","","","","","","","","","","","","","","","","","","","","","","",""
"degzhagceo72874nk1avdegchm9wyu4s","43","40-44","Masculino","São Paulo (SP)","SP","Sudeste","de R$ 12.001/mês a R$ 16.000/mês","","","Modelo 100% remoto","","","","","","","","","","","","","","","","","","","","","","","","","","","",""
"7sqyiu8c8lxb88u7sqyfb88rcygru409","33","30-34","Masculino","","","Norte","de R$ 20.001/mês a R$ 25.000/mês","","","Modelo híbrido flexível (o funcionário tem liberdade para escolher quando estar no escritório presencialmente)","","","","","","","","","","","","","","","","","","","","","","","","","","","",""
"ok5rxzwyx49cnbpkcyok5rxzwktl4yfp","29","25-29","Masculino","Minas Gerais (MG)","MG","Sudeste","de R$ 8.001/mês a R$ 12.000/mês","","","Modelo 100% presencial","","","","","","","","","","","","","","","","","","","","","","","","","","","",""
"lnz33alaqc7syqosgi3xlnz33twajk1j","33","30-34","Masculino","São Paulo (SP)","SP","Sudeste","de R$ 16.001/mês a R$ 20.000/mês","","","Modelo híbrido flexível (o funcionário tem liberdade para escolher quando estar no escritório presencialmente)","","","","","","","","","","","","","","","","","","","","","","","","","","","",""
"b4ipw6tj43mwa5j0iuzb4ipw6turgzd2","33","30-34","Masculino","Fora do Brasil","Exterior","Exterior","de R$ 8.001/mês a R$ 12.000/mês","","","Modelo 100% remoto","","","","","","","","","","","","","","","","","","","","","","","","","","","",""
"7b5am4faidfkaxuq57b5am4f7t7l4vdk","27","25-29","Masculino","Rio de Janeiro (RJ)","RJ","Sudeste","de R$ 8.001/mês a R$ 12.000/mês","","","Modelo híbrido com dias fixos de trabalho presencial","","","","","","","","","","","","","","","","","","","","","","","","","","","",""
"yc8wcnw3q1xfclsannyc8wc7609mmxox","32","30-34","Masculino","Alagoas (AL)","AL","Nordeste","de R$ 6.001/mês a R$ 8.000/mês","","","Modelo 100% remoto","","","","","","","","","","","","","","","","","","","","","","","","","","","",""
"z2yv956of5ie43etz2yvseyyho3nv7se","37","35-39","Masculino","Distrito Federal (DF)","DF","Centro-oeste","de R$ 6.001/mês a R$ 8.000/mês","","","Modelo 100% remoto","","","","","","","","","","","","","","","","","","","","","","","","","","","",""
"suoinmq8xkgdcl9r44suoinmqlsitqh3","26","25-29","Feminino","São Paulo (SP)","SP","Sudeste","de R$ 16.001/mês a R$ 20.000/mês","","","Modelo híbrido flexível (o funcionário tem liberdade para escolher quando estar no escritório presencialmente)","","","","","","","","","","","","","","","","","","","","","","","","","","","",""
"sam6bttv7h3k6938dz1310sam6bttvaf","46","45-49","Feminino","Rio de Janeiro (RJ)","RJ","Sudeste","de R$ 8.001/mês a R$ 12.000/mês","","","Modelo híbrido com dias fixos de trabalho presencial","","","","","","","","","","","","","","","","","","","","","","","","","","","",""
"io2pw13v0jszutr04bpahwio2pw1342g","41","40-44","Masculino","São Paulo (SP)","SP","Sudeste","de R$ 25.001/mês a R$ 30.000/mês","","","Modelo híbrido flexível (o funcionário tem liberdade para escolher quando estar no escritório presencialmente)","","","","","","","","","","","","","","","","","","","","","","","","","","","",""
"9olvcu2v5as99opbluz9olvf7wp0y6x6","35","35-39","Masculino","Rio de Janeiro (RJ)","RJ","Sudeste","de R$ 12.001/mês a R$ 16.000/mês","","","Modelo 100% remoto","","","","","","","","","","","","","","","","","","","","","","","","","","","",""
"taq8lxmfp6lk87ztaqcj9mgqu3lb1w8k","40","40-44","Masculino","São Paulo (SP)","SP","Sudeste","de R$ 6.001/mês a R$ 8.000/mês","","","Modelo híbrido com dias fixos de trabalho presencial","","","","","","","","","","","","","","","","","","","","","","","","","","","",""
"cfugvo1cc2wq4iccfug6820wgixje4ap","29","25-29","Masculino","Minas Gerais (MG)","MG","Sudeste","de R$ 12.001/mês a R$ 16.000/mês","","","Modelo 100% remoto","","","","","","","","","","","","","","","","","","","","","","","","","","","",""
"dpb5z08ajzoyhfidpb5z08v22fero28h","36","35-39","Masculino","São Paulo (SP)","SP","Sudeste","de R$ 16.001/mês a R$ 20.000/mês","","","Modelo 100% remoto","","","","","","","","","","","","","","","","","","","","","","","","","","","",""
"tq5km7objja72p9vtq5kmhn840lgz736","28","25-29","Masculino","São Paulo (SP)","SP","Sudeste","de R$ 12.001/mês a R$ 16.000/mês","","","Modelo 100% remoto","","","","","","","","","","","","","","","","","","","","","","","","","","","",""
"613omxbuzo3ywl4yede613obsz84i2kp","29","25-29","Masculino","São Paulo (SP)","SP","Sudeste","de R$ 12.001/mês a R$ 16.000/mês","","","Modelo 100% remoto","","","","","","","","","","","","","","","","","","","","","","","","","","","",""
"byl99ovc5ki72ym7b0hbyl99o55xhij5","28","25-29","Masculino","São Paulo (SP)","SP","Sudeste","de R$ 12.001/mês a R$ 16.000/mês","","","Modelo híbrido flexível (o funcionário tem liberdade para escolher quando estar no escritório presencialmente)","","","","","","","","","","","","","","","","","","","","","","","","","","","",""
"1j9t79sc5b81c661j9t743t5x3h77y2l","32","30-34","Masculino","São Paulo (SP)","SP","Sudeste","de R$ 8.001/mês a R$ 12.000/mês","","","Modelo híbrido flexível (o funcionário tem liberdade para escolher quando estar no escritório presencialmente)","","","","","","","","","","","","","","","","","","","","","","","","","","","",""
"j9e61ffcr3gnm65anjlj9e61f94432ga","38","35-39","Masculino","São Paulo (SP)","SP","Sudeste","de R$ 20.001/mês a R$ 25.000/mês","","","Modelo híbrido flexível (o funcionário tem liberdade para escolher quando estar no escritório presencialmente)","","","","","","","","","","","","","","","","","","","","","","","","","","","",""
"jsxoabg2aqr6z4a711bksgjsxoabgo3n","29","25-29","Feminino","Minas Gerais (MG)","MG","Sudeste","de R$ 8.001/mês a R$ 12.000/mês","","","Modelo 100% remoto","","","","","","","","","","","","","","","","","","","","","","","","","","","",""
"meqe3mzvkbbm417eimeqec0si9spuqhx","35","35-39","Masculino","São Paulo (SP)","SP","Sudeste","de R$ 12.001/mês a R$ 16.000/mês","","","Modelo 100% remoto","","","","","","","","","","","","","","","","","","","","","","","","","","","",""
"ei0xmb2kw2mdcwtei0857eszr5fqy90y","35","35-39","Masculino","Rio de Janeiro (RJ)","RJ","Sudeste","de R$ 12.001/mês a R$ 16.000/mês","","","Modelo 100% remoto","","","","","","","","","","","","","","","","","","","","","","","","","","","",""
"kv69dpy234car7vggbttkv694os90o6t","31","30-34","Masculino","São Paulo (SP)","SP","Sudeste","Acima de R$ 40.001/mês","","","Modelo híbrido flexível (o funcionário tem liberdade para escolher quando estar no escritório presencialmente)","","","","","","","","","","","","","","","","","","","","","","","","","","","",""
"dvfrsemf4fddaxn8dvfrndmqjpg4y6xy","25","25-29","Masculino","São Paulo (SP)","SP","Sudeste","de R$ 20.001/mês a R$ 25.000/mês","","","Modelo 100% remoto","","","","","","","","","","","","","","","","","","","","","","","","","","","",""
"ypnsj927nxqjqta3ipsc0ypnsj9kk01g","31","30-34","Masculino","São Paulo (SP)","SP","Sudeste","de R$ 16.001/mês a R$ 20.000/mês","","","Modelo híbrido flexível (o funcionário tem liberdade para escolher quando estar no escritório presencialmente)","","","","","","","","","","","","","","","","","","","","","","","","","","","",""
"g51outixbfkvw9clo6g512i01iqq394z","26","25-29","Masculino","São Paulo (SP)","SP","Sudeste","de R$ 8.001/mês a R$ 12.000/mês","","","Modelo 100% remoto","","","","","","","","","","","","","","","","","","","","","","","","","","","",""
"gl4tv3vhuj3kctfsjc5qpm65ugl4tv3v","36","35-39","Masculino","São Paulo (SP)","SP","Sudeste","Acima de R$ 40.001/mês","","","Modelo 100% presencial","","","","","","","","","","","","","","","","","","","","","","","","","","","",""
"sjzv34d38x0gw1hsjzv34euiiv8hx7yh","42","40-44","Masculino","São Paulo (SP)","SP","Sudeste","de R$ 12.001/mês a R$ 16.000/mês","","","Modelo 100% remoto","","","","","","","","","","","","","","","","","","","","","","","","","","","",""
"xrpyzcfj215vpw2ms5pxbxrpyz3qt2fh","30","30-34","Feminino","Rio de Janeiro (RJ)","RJ","Sudeste","de R$ 16.001/mês a R$ 20.000/mês","","","Modelo 100% remoto","","","","","","","","","","","","","","","","","","","","","","","","","","","",""
"7auk1vcyeqs30r1hyp7auk1vcyn6p9zr","33","30-34","Masculino","São Paulo (SP)","SP","Sudeste","de R$ 16.001/mês a R$ 20.000/mês","","","Modelo 100% remoto","","","","","","","","","","","","","","","","","","","","","","","","","","","",""
"kcce99lsavvuda6sgvzvu8bkcce9l3ly","22","22-24","Masculino","","","Norte","de R$ 6.001/mês a R$ 8.000/mês","","","Modelo 100% remoto","","","","","","","","","","","","","","","","","","","","","","","","","","","",""
"3c35jx69tq4ydtggxcxxuo53c35jxjsc","31","30-34","Masculino","São Paulo (SP)","SP","Sudeste","de R$ 2.001/mês a R$ 3000/mês","","","Modelo 100% presencial","","","","","","","","","","","","","","","","","","","","","","","","","","","",""
"jg1pcz32jolkfqi2biycdyjg1pcz32er","30","30-34","Masculino","Minas Gerais (MG)","MG","Sudeste","de R$ 12.001/mês a R$ 16.000/mês","","","Modelo 100% remoto","","","","","","","","","","","","","","","","","","","","","","","","","","","",""
"0f13qskw19wnt40f18gdxk487tvazers","26","25-29","Masculino","Espírito Santo (ES)","ES","Sudeste","de R$ 8.001/mês a R$ 12.000/mês","","","Modelo híbrido com dias fixos de trabalho presencial","","","","","","","","","","","","","","","","","","","","","","","","","","","",""
"eqx2qp1rougs1i4oz531eqx2d21ybajb","25","25-29","Feminino","Rio Grande do Sul (RS)","RS","Sul","de R$ 6.001/mês a R$ 8.000/mês","","","Modelo 100% remoto","","","","","","","","","","","","","","","","","","","","","","","","","","","",""
"fve1sumt3wjzgsc97h2fveq6i0637c9o","34","30-34","Masculino","São Paulo (SP)","SP","Sudeste","Acima de R$ 40.001/mês","","","Modelo 100% remoto","","","","","","","","","","","","","","","","","","","","","","","","","","","",""
"7ny0hubby1jzkmkw7nriosd69be2sniv","41","40-44","Masculino","São Paulo (SP)","SP","Sudeste","de R$ 30.001/mês a R$ 40.000/mês","","","Modelo 100% remoto","","","","","","","","","","","","","","","","","","","","","","","","","","","",""
"wvx60iji56v2vtgc87cjwvx60km94rm4","28","25-29","Masculino","Minas Gerais (MG)","MG","Sudeste","de R$ 6.001/mês a R$ 8.000/mês","","","Modelo 100% remoto","","","","","","","","","","","","","","","","","","","","","","","","","","","",""
"oj4wprgmjj2oj4wbyn683m4uujbffnb7","42","40-44","Masculino","Rio Grande do Sul (RS)","RS","Sul","de R$ 16.001/mês a R$ 20.000/mês","","","Modelo 100% remoto","","","","","","","","","","","","","","","","","","","","","","","","","","","",""
"6j8hmys1bt43zcu5x66j8h8vnb8npz4v","30","30-34","Masculino","Fora do Brasil","Exterior","Exterior","Acima de R$ 40.001/mês","","","Modelo 100% remoto","","","","","","","","","","","","","","","","","","","","","","","","","","","",""
"mfgmzpfmv5zeekgmfgmzpkwyau7psl7k","48","45-49","Masculino","Goiás (GO)","GO","Centro-oeste","de R$ 16.001/mês a R$ 20.000/mês","","","Modelo 100% presencial","","","","","","","","","","","","","","","","","","","","","","","","","","","",""
"zrvsxy4ywyb7or26gqpzrvsxy3emv7qz","35","35-39","Feminino","São Paulo (SP)","SP","Sudeste","de R$ 12.001/mês a R$ 16.000/mês","","","Modelo 100% remoto","","","","","","","","","","","","","","","","","","","","","","","","","","","",""
"y4vme7hzh6xi7ajy4vmsb5d3w6cdppsx","25","25-29","Masculino","Minas Gerais (MG)","MG","Sudeste","de R$ 25.001/mês a R$ 30.000/mês","","","Modelo 100% remoto","","","","","","","","","","","","","","","","","","","","","","","","","","","",""
"sqosmnuejmo3msqozsuajia2jq4ku0nh","35","35-39","Masculino","Espírito Santo (ES)","ES","Sudeste","de R$ 16.001/mês a R$ 20.000/mês","","","Modelo 100% remoto","","","","","","","","","","","","","","","","","","","","","","","","","","","",""
"iy91ljmufdq1qjilciy91frtu96t01c7","37","35-39","Feminino","São Paulo (SP)","SP","Sudeste","de R$ 12.001/mês a R$ 16.000/mês","","","Modelo 100% remoto","","","","","","","","","","","","","","","","","","","","","","","","","","","",""
"osxlp9dr1rsw87u5acsbe30osxlp9dcr","49","45-49","Masculino","Rio de Janeiro (RJ)","RJ","Sudeste","de R$ 12.001/mês a R$ 16.000/mês","","","Modelo híbrido com dias fixos de trabalho presencial","","","","","","","","","","","","","","","","","","","","","","","","","","","",""
"ir7ki15v33sd58iir7kpksgrb5qi5jdj","30","30-34","Feminino","São Paulo (SP)","SP","Sudeste","de R$ 16.001/mês a R$ 20.000/mês","","","Modelo híbrido flexível (o funcionário tem liberdade para escolher quando estar no escritório presencialmente)","","","","","","","","","","","","","","","","","","","","","","","","","","","",""
"8jd6l2y294a429t3fezae8jd6l096y84","30","30-34","Masculino","São Paulo (SP)","SP","Sudeste","de R$ 16.001/mês a R$ 20.000/mês","","","Modelo híbrido com dias fixos de trabalho presencial","","","","","","","","","","","","","","","","","","","","","","","","","","","",""
"7ume6nd42mjhrdjifr6qs37ume6ndm8v","35","35-39","Masculino","Paraná (PR)","PR","Sul","de R$ 16.001/mês a R$ 20.000/mês","","","Modelo 100% remoto","","","","","","","","","","","","","","","","","","","","","","","","","","","",""
"7f95hkaq50hlnwdo0x7f95hk8nue4ovj","28","25-29","Masculino","Minas Gerais (MG)","MG","Sudeste","de R$ 8.001/mês a R$ 12.000/mês","","","Modelo híbrido flexível (o funcionário tem liberdade para escolher quando estar no escritório presencialmente)","","","","","","","","","","","","","","","","","","","","","","","","","","","",""
"6z0ua08w16ts6eoztedlar46z0uadcv6","24","22-24","Masculino","São Paulo (SP)","SP","Sudeste","de R$ 8.001/mês a R$ 12.000/mês","","","Modelo 100% presencial","","","","","","","","","","","","","","","","","","","","","","","","","","","",""
"fe7floei7crdog48bsfe7flo1pxerd4n","35","35-39","Masculino","Paraná (PR)","PR","Sul","de R$ 8.001/mês a R$ 12.000/mês","","","Modelo híbrido com dias fixos de trabalho presencial","","","","","","","","","","","","","","","","","","","","","","","","","","","",""
"7votger476isjdpmsbe97votgegtsmpw","31","30-34","Feminino","São Paulo (SP)","SP","Sudeste","de R$ 12.001/mês a R$ 16.000/mês","","","Modelo 100% remoto","","","","","","","","","","","","","","","","","","","","","","","","","","","",""
"5dmru8cpcqspqxcz475dmrbmuv4su03o","31","30-34","Masculino","Minas Gerais (MG)","MG","Sudeste","de R$ 16.001/mês a R$ 20.000/mês","","","Modelo 100% remoto","","","","","","","","","","","","","","","","","","","","","","","","","","","",""
"2rwxyt9o56rxuf5k2rwxsucy9340xfgm","26","25-29","Masculino","São Paulo (SP)","SP","Sudeste","de R$ 12.001/mês a R$ 16.000/mês","","","Modelo 100% remoto","","","","","","","","","","","","","","","","","","","","","","","","","","","",""
"gj7n01k2rngj7ni96xa6dptf9s72xhy4","41","40-44","Masculino","São Paulo (SP)","SP","Sudeste","de R$ 12.001/mês a R$ 16.000/mês","","","Modelo híbrido com dias fixos de trabalho presencial","","","","","","","","","","","","","","","","","","","","","","","","","","","",""
"njmbgu7fd1q8gncwnjmbgye5ckpr93sa","43","40-44","Masculino","Minas Gerais (MG)","MG","Sudeste","de R$ 8.001/mês a R$ 12.000/mês","","","Modelo híbrido flexível (o funcionário tem liberdade para escolher quando estar no escritório presencialmente)","","","","","","","","","","","","","","","","","","","","","","","","","","","",""
"izytcy83y1v2izy41ayxnet22qca15km","29","25-29","Masculino","Minas Gerais (MG)","MG","Sudeste","de R$ 8.001/mês a R$ 12.000/mês","","","Modelo 100% remoto","","","","","","","","","","","","","","","","","","","","","","","","","","","",""
"hoyqez75pmlov90ctnm7rehoyqez7xtd","27","25-29","Masculino","São Paulo (SP)","SP","Sudeste","de R$ 16.001/mês a R$ 20.000/mês","","","Modelo híbrido flexível (o funcionário tem liberdade para escolher quando estar no escritório presencialmente)","","","","","","","","","","","","","","","","","","","","","","","","","","","",""
"k8gpz6sva3il0p9uizq44kk8gpz6sf4v","37","35-39","Masculino","São Paulo (SP)","SP","Sudeste","Acima de R$ 40.001/mês","","","Modelo híbrido flexível (o funcionário tem liberdade para escolher quando estar no escritório presencialmente)","","","","","","","","","","","","","","","","","","","","","","","","","","","",""
"lyuqgdyuwbqrfkajslyuqgdq1niayu9h","40","40-44","Masculino","Distrito Federal (DF)","DF","Centro-oeste","de R$ 16.001/mês a R$ 20.000/mês","","","Modelo 100% remoto","","","","","","","","","","","","","","","","","","","","","","","","","","","",""
"ph2rf15n2arnbptgph20gzdla9i97mqc","29","25-29","Masculino","Rio de Janeiro (RJ)","RJ","Sudeste","de R$ 8.001/mês a R$ 12.000/mês","","","Modelo 100% remoto","","","","","","","","","","","","","","","","","","","","","","","","","","","",""
"hn777w1brdou3tr1q0ml7tqqhn777w18","28","25-29","Masculino","Minas Gerais (MG)","MG","Sudeste","de R$ 8.001/mês a R$ 12.000/mês","","","Modelo híbrido flexível (o funcionário tem liberdade para escolher quando estar no escritório presencialmente)","","","","","","","","","","","","","","","","","","","","","","","","","","","",""
"d27kxojnnm7plpptj02d27kxoj175d6i","28","25-29","Masculino","São Paulo (SP)","SP","Sudeste","de R$ 30.001/mês a R$ 40.000/mês","","","Modelo híbrido flexível (o funcionário tem liberdade para escolher quando estar no escritório presencialmente)","","","","","","","","","","","","","","","","","","","","","","","","","","","",""
"ietrq0b7j0mkzxytgqwodsietrq01zsn","34","30-34","Feminino","Minas Gerais (MG)","MG","Sudeste","de R$ 20.001/mês a R$ 25.000/mês","","","Modelo 100% remoto","","","","","","","","","","","","","","","","","","","","","","","","","","","",""
"yivxlhx428lz5skcmv0jjyivxlhxxv5q","30","30-34","Masculino","São Paulo (SP)","SP","Sudeste","de R$ 8.001/mês a R$ 12.000/mês","","","Modelo 100% remoto","","","","","","","","","","","","","","","","","","","","","","","","","","","",""
"tdh2hutcazgat8y4tdh2hutglfm7ossd","32","30-34","Feminino","São Paulo (SP)","SP","Sudeste","de R$ 8.001/mês a R$ 12.000/mês","","","Modelo 100% remoto","","","","","","","","","","","","","","","","","","","","","","","","","","","",""
"qhpn8f0l3uniitz10uqhpn8f0hnnnzl9","26","25-29","Masculino","São Paulo (SP)","SP","Sudeste","de R$ 16.001/mês a R$ 20.000/mês","","","Modelo 100% remoto","","","","","","","","","","","","","","","","","","","","","","","","","","","",""
"0lljmfeq85p76au590lljmf85wvg8kvd","24","22-24","Feminino","Santa Catarina (SC)","SC","Sul","de R$ 4.001/mês a R$ 6.000/mês","","","Modelo 100% remoto","","","","","","","","","","","","","","","","","","","","","","","","","","","",""
"fh2dbofhp4k0huf4fh2dbqejkjncr3eq","28","25-29","Masculino","Paraná (PR)","PR","Sul","de R$ 16.001/mês a R$ 20.000/mês","","","Modelo 100% remoto","","","","","","","","","","","","","","","","","","","","","","","","","","","",""
"ksy403303cbrp2zksy402qhlmh56ijxb","38","35-39","Masculino","Goiás (GO)","GO","Centro-oeste","de R$ 16.001/mês a R$ 20.000/mês","","","Modelo 100% remoto","","","","","","","","","","","","","","","","","","","","","","","","","","","",""
"wpclx82cmpnn3d21wpg3dd4km5c3khyk","39","35-39","Feminino","São Paulo (SP)","SP","Sudeste","de R$ 4.001/mês a R$ 6.000/mês","","","Modelo 100% remoto","","","","","","","","","","","","","","","","","","","","","","","","","","","",""
"m3431ksspbptjd90hzm3431k1q3v9ehd","37","35-39","Masculino","São Paulo (SP)","SP","Sudeste","de R$ 25.001/mês a R$ 30.000/mês","","","Modelo híbrido flexível (o funcionário tem liberdade para escolher quando estar no escritório presencialmente)","","","","","","","","","","","","","","","","","","","","","","","","","","","",""
"7dfyhze969besmhx17dfyncazeu0lysg","49","45-49","Masculino","Fora do Brasil","Exterior","Exterior","de R$ 4.001/mês a R$ 6.000/mês","","","Modelo 100% presencial","","","","","","","","","","","","","","","","","","","","","","","","","","","",""
"emx5hxpjg4r2jrsremppgd7wna2h1z36","44","40-44","Masculino","São Paulo (SP)","SP","Sudeste","de R$ 12.001/mês a R$ 16.000/mês","","","Modelo híbrido flexível (o funcionário tem liberdade para escolher quando estar no escritório presencialmente)","","","","","","","","","","","","","","","","","","","","","","","","","","","",""
"8ylvbya0qnnply2gv8ylvbyeqq1mkgra","44","40-44","Masculino","São Paulo (SP)","SP","Sudeste","Acima de R$ 40.001/mês","","","Modelo híbrido flexível (o funcionário tem liberdade para escolher quando estar no escritório presencialmente)","","","","","","","","","","","","","","","","","","","","","","","","","","","",""
"mdln96crkzeusikrqwmdlnrrdcg4nv63","26","25-29","Feminino","Rio Grande do Sul (RS)","RS","Sul","de R$ 12.001/mês a R$ 16.000/mês","","","Modelo 100% remoto","","","","","","","","","","","","","","","","","","","","","","","","","","","",""
"byc1gocv4e6lkbcab5byc1gkaqog60m0","41","40-44","Masculino","São Paulo (SP)","SP","Sudeste","de R$ 16.001/mês a R$ 20.000/mês","","","Modelo 100% remoto","","","","","","","","","","","","","","","","","","","","","","","","","","","",""
"9qthml74qiezm5p6kieu9qthmlcowda8","29","25-29","Masculino","São Paulo (SP)","SP","Sudeste","de R$ 16.001/mês a R$ 20.000/mês","","","Modelo híbrido flexível (o funcionário tem liberdade para escolher quando estar no escritório presencialmente)","","","","","","","","","","","","","","","","","","","","","","","","","","","",""
"nr1mbl1rwgfaokjpmnr1mdv7jp7z9n6x","50","50-54","Feminino","Rio de Janeiro (RJ)","RJ","Sudeste","de R$ 8.001/mês a R$ 12.000/mês","","","Modelo 100% remoto","","","","","","","","","","","","","","","","","","","","","","","","","","","",""
"dabu5akaf3qh1kkdabu5omjmvzxpbz7c","28","25-29","Feminino","Minas Gerais (MG)","MG","Sudeste","de R$ 8.001/mês a R$ 12.000/mês","","","Modelo 100% remoto","","","","","","","","","","","","","","","","","","","","","","","","","","","",""
"vz16szbtcwvg74x8m0g6vz16s7ooniix","30","30-34","Masculino","São Paulo (SP)","SP","Sudeste","de R$ 16.001/mês a R$ 20.000/mês","","","Modelo 100% remoto","","","","","","","","","","","","","","","","","","","","","","","","","","","",""
"y1g4bko83b2g1poc3y1g4bko1l14hzi2","34","30-34","Masculino","São Paulo (SP)","SP","Sudeste","de R$ 25.001/mês a R$ 30.000/mês","","","Modelo 100% remoto","","","","","","","","","","","","","","","","","","","","","","","","","","","",""
"asme8zikbihmzu8yyasme8g7qibmcjmr","50","50-54","Masculino","São Paulo (SP)","SP","Sudeste","Menos de R$ 1.000/mês","","","Modelo 100% remoto","","","","","","","","","","","","","","","","","","","","","","","","","","","",""
"p81hepk1v4owgbp81hepkozp2wdy3tnr","31","30-34","Masculino","Rio de Janeiro (RJ)","RJ","Sudeste","de R$ 16.001/mês a R$ 20.000/mês","","","Modelo 100% remoto","","","","","","","","","","","","","","","","","","","","","","","","","","","",""
"kusdhr56heoe6ymkusdhiiszoqccyidk","23","22-24","Masculino","Paraíba (PB)","PB","Nordeste","de R$ 8.001/mês a R$ 12.000/mês","","","Modelo 100% remoto","","","","","","","","","","","","","","","","","","","","","","","","","","","",""
"4y7xgyqoxe8ur4y7xg6kbtju65pz0mes","39","35-39","Masculino","Distrito Federal (DF)","DF","Centro-oeste","de R$ 12.001/mês a R$ 16.000/mês","","","Modelo 100% presencial","","","","","","","","","","","","","","","","","","","","","","","","","","","",""
"eic50mtjwp34u0jzkq0rpjeic5e3oq13","52","50-54","Masculino","Pernambuco (PE)","PE","Nordeste","de R$ 6.001/mês a R$ 8.000/mês","","","Modelo híbrido flexível (o funcionário tem liberdade para escolher quando estar no escritório presencialmente)","","","","","","","","","","","","","","","","","","","","","","","","","","","",""
"c60zskooyz301abwmc60zjfuhbtzkx3h","","55+","Masculino","Paraíba (PB)","PB","Nordeste","de R$ 8.001/mês a R$ 12.000/mês","","","Modelo 100% remoto","","","","","","","","","","","","","","","","","","","","","","","","","","","",""
"ah9tiv5524vgx3l3i2ah9wdhnqvd0bsa","24","22-24","Masculino","Minas Gerais (MG)","MG","Sudeste","de R$ 6.001/mês a R$ 8.000/mês","","","Modelo 100% remoto","","","","","","","","","","","","","","","","","","","","","","","","","","","",""
"4650qx5n81c6lwj4650kve5xnwpbh8o0","40","40-44","Masculino","","","Norte","de R$ 6.001/mês a R$ 8.000/mês","","","Modelo 100% presencial","","","","","","","","","","","","","","","","","","","","","","","","","","","",""
"wnpdeedga0rpd3jg7swnpdeix5z4v8m9","35","35-39","Masculino","Ceará (CE)","CE","Nordeste","de R$ 8.001/mês a R$ 12.000/mês","","","Modelo 100% presencial","","","","","","","","","","","","","","","","","","","","","","","","","","","",""
"jz9reoh5uku5076fglll2m57jz9reohq","","55+","Masculino","Minas Gerais (MG)","MG","Sudeste","de R$ 4.001/mês a R$ 6.000/mês","","","Modelo híbrido flexível (o funcionário tem liberdade para escolher quando estar no escritório presencialmente)","","","","","","","","","","","","","","","","","","","","","","","","","","","",""
"ewdzf9iz5zeuanonrzeewdzl7t0pnjnf","29","25-29","Masculino","Paraná (PR)","PR","Sul","de R$ 8.001/mês a R$ 12.000/mês","","","Modelo 100% remoto","","","","","","","","","","","","","","","","","","","","","","","","","","","",""
"yd722jrdxu5kkjd0ym7yd722u5ycruy2","54","50-54","Masculino","Paraíba (PB)","PB","Nordeste","de R$ 4.001/mês a R$ 6.000/mês","","","Modelo 100% presencial","","","","","","","","","","","","","","","","","","","","","","","","","","","",""
"yy6h9o8ufwk02qvyyy6h9jh0iuks069q","38","35-39","Masculino","Minas Gerais (MG)","MG","Sudeste","de R$ 6.001/mês a R$ 8.000/mês","","","Modelo 100% presencial","","","","","","","","","","","","","","","","","","","","","","","","","","","",""
"bicyjxqeu7xcmt9sbicyjl3olut0wh7n","29","25-29","Masculino","São Paulo (SP)","SP","Sudeste","de R$ 12.001/mês a R$ 16.000/mês","","","Modelo 100% remoto","","","","","","","","","","","","","","","","","","","","","","","","","","","",""
"g2krcfulhoq7evotcedx8g2krcfusvc5","36","35-39","Masculino","São Paulo (SP)","SP","Sudeste","de R$ 12.001/mês a R$ 16.000/mês","","","Modelo 100% remoto","","","","","","","","","","","","","","","","","","","","","","","","","","","",""
"ftrr7jtivnvwu45y4jqfftrr5gm6b4oz","33","30-34","Masculino","Fora do Brasil","Exterior","Exterior","de R$ 16.001/mês a R$ 20.000/mês","","","Modelo 100% remoto","","","","","","","","","","","","","","","","","","","","","","","","","","","",""
"58r5enjavujat7xb8ly58r5enyye5rwj","34","30-34","Masculino","São Paulo (SP)","SP","Sudeste","de R$ 16.001/mês a R$ 20.000/mês","","","Modelo híbrido flexível (o funcionário tem liberdade para escolher quando estar no escritório presencialmente)","","","","","","","","","","","","","","","","","","","","","","","","","","","",""
"p2ws8p38z04k16bdpxdpp2ws8p36b4uv","49","45-49","Masculino","Rio de Janeiro (RJ)","RJ","Sudeste","de R$ 30.001/mês a R$ 40.000/mês","","","Modelo híbrido flexível (o funcionário tem liberdade para escolher quando estar no escritório presencialmente)","","","","","","","","","","","","","","","","","","","","","","","","","","","",""
"9urnh3cq2yl9aaho3bi2mea59urnh3cq","25","25-29","Masculino","São Paulo (SP)","SP","Sudeste","de R$ 6.001/mês a R$ 8.000/mês","","","Modelo 100% presencial","","","","","","","","","","","","","","","","","","","","","","","","","","","",""
"yl8cxm2lqsjq8bglwnyl8c5klivpg19w","29","25-29","Masculino","São Paulo (SP)","SP","Sudeste","de R$ 8.001/mês a R$ 12.000/mês","","","Modelo 100% remoto","","","","","","","","","","","","","","","","","","","","","","","","","","","",""
"we8zh5zd7zcxduwe8cw1j95pw7z6rphg","40","40-44","Masculino","Minas Gerais (MG)","MG","Sudeste","de R$ 25.001/mês a R$ 30.000/mês","","","Modelo híbrido com dias fixos de trabalho presencial","","","","","","","","","","","","","","","","","","","","","","","","","","","",""
"mja7gl1qxec6vr61wzmja7gr1j3uw0nk","42","40-44","Masculino","Minas Gerais (MG)","MG","Sudeste","de R$ 12.001/mês a R$ 16.000/mês","","","Modelo híbrido com dias fixos de trabalho presencial","","","","","","","","","","","","","","","","","","","","","","","","","","","",""
"dbesug8gxiyw8tx8bmasib9dbesug8h0","32","30-34","Masculino","São Paulo (SP)","SP","Sudeste","de R$ 8.001/mês a R$ 12.000/mês","","","Modelo híbrido flexível (o funcionário tem liberdade para escolher quando estar no escritório presencialmente)","","","","","","","","","","","","","","","","","","","","","","","","","","","",""
"270av4ylqd2yva3q8g5270av4yc2sp2h","28","25-29","Masculino","Maranhão (MA)","MA","Nordeste","de R$ 6.001/mês a R$ 8.000/mês","","","Modelo 100% presencial","","","","","","","","","","","","","","","","","","","","","","","","","","","",""
"z6dlvuo84t784bw7z1eoz6dlvuo89ayj","40","40-44","Masculino","Minas Gerais (MG)","MG","Sudeste","de R$ 6.001/mês a R$ 8.000/mês","","","Modelo 100% remoto","","","","","","","","","","","","","","","","","","","","","","","","","","","",""
"torzjrgvvdq0v9d6tr24torzjmtlrhx7","49","45-49","Masculino","Rio Grande do Sul (RS)","RS","Sul","de R$ 4.001/mês a R$ 6.000/mês","","","Modelo 100% presencial","","","","","","","","","","","","","","","","","","","","","","","","","","","",""
"9kej2pcjr347ry15a3mjr34df9kej2pc","32","30-34","Feminino","São Paulo (SP)","SP","Sudeste","de R$ 12.001/mês a R$ 16.000/mês","","","Modelo 100% remoto","","","","","","","","","","","","","","","","","","","","","","","","","","","",""
"ds69dp0xun5jsuprds64xugpashxfh74","26","25-29","Masculino","São Paulo (SP)","SP","Sudeste","de R$ 12.001/mês a R$ 16.000/mês","","","Modelo 100% remoto","","","","","","","","","","","","","","","","","","","","","","","","","","","",""
"mwytcqm4vbc3vgmw1pdlovuzbt0ejsfc","53","50-54","Masculino","Bahia (BA)","BA","Nordeste","de R$ 16.001/mês a R$ 20.000/mês","","","Modelo 100% presencial","","","","","","","","","","","","","","","","","","","","","","","","","","","",""
"maw6y90p3m4sqrn8hqomaw6y901li3px","34","30-34","Masculino","São Paulo (SP)","SP","Sudeste","de R$ 8.001/mês a R$ 12.000/mês","","","Modelo 100% remoto","","","","","","","","","","","","","","","","","","","","","","","","","","","",""
"xqr06wn9kk3ddtynl6dxqr06wre647b7","","55+","Masculino","Minas Gerais (MG)","MG","Sudeste","de R$ 4.001/mês a R$ 6.000/mês","","","Modelo híbrido flexível (o funcionário tem liberdade para escolher quando estar no escritório presencialmente)","","","","","","","","","","","","","","","","","","","","","","","","","","","",""
"wj9yrt2nmrs4jthwj9yrt2m1k3787rzm","26","25-29","Masculino","Santa Catarina (SC)","SC","Sul","de R$ 4.001/mês a R$ 6.000/mês","","","Modelo 100% remoto","","","","","","","","","","","","","","","","","","","","","","","","","","","",""
"qn55m925j0nyzd01yq2qn55m96tjilfi","50","50-54","Masculino","Bahia (BA)","BA","Nordeste","de R$ 12.001/mês a R$ 16.000/mês","","","Modelo 100% remoto","","","","","","","","","","","","","","","","","","","","","","","","","","","",""
"17g7ex657rqj16mlaht617g7ea8r1411","38","35-39","Feminino","Rio de Janeiro (RJ)","RJ","Sudeste","de R$ 8.001/mês a R$ 12.000/mês","","","Modelo 100% remoto","","","","","","","","","","","","","","","","","","","","","","","","","","","",""
"75z6t1ug11cc8r2u75z6t1bonmn7rb2e","43","40-44","Masculino","São Paulo (SP)","SP","Sudeste","de R$ 16.001/mês a R$ 20.000/mês","","","Modelo 100% remoto","","","","","","","","","","","","","","","","","","","","","","","","","","","",""
"zydzifmtlzdi0fhpnqezydzifm87vy74","39","35-39","Masculino","São Paulo (SP)","SP","Sudeste","de R$ 12.001/mês a R$ 16.000/mês","","","Modelo 100% remoto","","","","","","","","","","","","","","","","","","","","","","","","","","","",""
"xkiq6kdh74dxzlhmlgxkiq60cy3hlu5f","50","50-54","Feminino","São Paulo (SP)","SP","Sudeste","de R$ 16.001/mês a R$ 20.000/mês","","","Modelo 100% remoto","","","","","","","","","","","","","","","","","","","","","","","","","","","",""
"wbxg95qrcybfoajwuwbxzkumv24bfjnx","36","35-39","Masculino","São Paulo (SP)","SP","Sudeste","de R$ 12.001/mês a R$ 16.000/mês","","","Modelo híbrido flexível (o funcionário tem liberdade para escolher quando estar no escritório presencialmente)","","","","","","","","","","","","","","","","","","","","","","","","","","","",""
"uwcp2g1pdxplkmk1sxff1qobuwcp2gfd","42","40-44","Masculino","Sergipe (SE)","SE","Nordeste","de R$ 12.001/mês a R$ 16.000/mês","","","Modelo 100% remoto","","","","","","","","","","","","","","","","","","","","","","","","","","","",""
"uocrruqbihg91x438wuocrruvkx1gths","32","30-34","Masculino","São Paulo (SP)","SP","Sudeste","de R$ 12.001/mês a R$ 16.000/mês","","","Modelo híbrido com dias fixos de trabalho presencial","","","","","","","","","","","","","","","","","","","","","","","","","","","",""
"t6r8abvgu39fudlxgvpdt6r8amikaf7l","39","35-39","Masculino","Maranhão (MA)","MA","Nordeste","Menos de R$ 1.000/mês","","","Modelo 100% remoto","","","","","","","","","","","","","","","","","","","","","","","","","","","",""
"q7nb6yrn1fzvvqljdj70uq7nb6bu89fq","37","35-39","Masculino","São Paulo (SP)","SP","Sudeste","de R$ 16.001/mês a R$ 20.000/mês","","","Modelo híbrido flexível (o funcionário tem liberdade para escolher quando estar no escritório presencialmente)","","","","","","","","","","","","","","","","","","","","","","","","","","","",""
"nf4mxbzorp3wplmdkacw8anf4mxbu1a5","28","25-29","Masculino","Distrito Federal (DF)","DF","Centro-oeste","de R$ 25.001/mês a R$ 30.000/mês","","","Modelo 100% remoto","","","","","","","","","","","","","","","","","","","","","","","","","","","",""
"8ginqzacltcl380a7tumnbh4zinnn5du","","55+","Feminino","Ceará (CE)","CE","Nordeste","de R$ 3.001/mês a R$ 4.000/mês","","","Modelo 100% remoto","","","","","","","","","","","","","","","","","","","","","","","","","","","",""
"lfnhmdnv8q85a5xrrn6a1hklfnhmdy75","36","35-39","Masculino","Pernambuco (PE)","PE","Nordeste","de R$ 16.001/mês a R$ 20.000/mês","","","Modelo 100% remoto","","","","","","","","","","","","","","","","","","","","","","","","","","","",""
"yw23eol209eqjbln53gsbyw23eolo30p","","55+","Masculino","São Paulo (SP)","SP","Sudeste","de R$ 16.001/mês a R$ 20.000/mês","","","Modelo híbrido flexível (o funcionário tem liberdade para escolher quando estar no escritório presencialmente)","","","","","","","","","","","","","","","","","","","","","","","","","","","",""
"g0tnjhpyw6pggwrwoyg0tnjsgj34f7rb","29","25-29","Feminino","São Paulo (SP)","SP","Sudeste","Acima de R$ 40.001/mês","","","Modelo 100% remoto","","","","","","","","","","","","","","","","","","","","","","","","","","","",""
"pcfdtwj8v55jadkffppcfd12krtcsx4z","40","40-44","Masculino","São Paulo (SP)","SP","Sudeste","de R$ 20.001/mês a R$ 25.000/mês","","","Modelo híbrido flexível (o funcionário tem liberdade para escolher quando estar no escritório presencialmente)","","","","","","","","","","","","","","","","","","","","","","","","","","","",""
"9bcg7tyxl94tzv45h9bcg7t48uikhr1t","30","30-34","Masculino","Rio Grande do Sul (RS)","RS","Sul","de R$ 16.001/mês a R$ 20.000/mês","","","Modelo híbrido flexível (o funcionário tem liberdade para escolher quando estar no escritório presencialmente)","","","","","","","","","","","","","","","","","","","","","","","","","","","",""
"qp229yihdr7l9d6069qp2qfqwskd2jx9","43","40-44","Masculino","São Paulo (SP)","SP","Sudeste","de R$ 16.001/mês a R$ 20.000/mês","","","Modelo 100% remoto","","","","","","","","","","","","","","","","","","","","","","","","","","","",""
"6rd6glgftfyxeocgc3s6rdrut871aabb","35","35-39","Masculino","São Paulo (SP)","SP","Sudeste","de R$ 8.001/mês a R$ 12.000/mês","","","Modelo híbrido com dias fixos de trabalho presencial","","","","","","","","","","","","","","","","","","","","","","","","","","","",""
"uesd1by0e50jabuesrs9v9lrv9g3k5f8","32","30-34","Masculino","Rio de Janeiro (RJ)","RJ","Sudeste","de R$ 8.001/mês a R$ 12.000/mês","","","Modelo 100% remoto","","","","","","","","","","","","","","","","","","","","","","","","","","","",""
"jo63j7xugwm0jtgom6jo63jxf6td71oz","36","35-39","Masculino","Santa Catarina (SC)","SC","Sul","de R$ 16.001/mês a R$ 20.000/mês","","","Modelo 100% remoto","","","","","","","","","","","","","","","","","","","","","","","","","","","",""
"7ue1r99pz0rmrju7ue205v3fv53ldsv4","41","40-44","Feminino","São Paulo (SP)","SP","Sudeste","de R$ 16.001/mês a R$ 20.000/mês","","","Modelo 100% remoto","","","","","","","","","","","","","","","","","","","","","","","","","","","",""
"liyf0iju47iosy2y2gct5liyf0ivg38c","41","40-44","Masculino","Goiás (GO)","GO","Centro-oeste","de R$ 8.001/mês a R$ 12.000/mês","","","Modelo 100% presencial","","","","","","","","","","","","","","","","","","","","","","","","","","","",""
"a74qyz02u1fxma74x3ocwcuw0hk9y6ag","49","45-49","Masculino","Minas Gerais (MG)","MG","Sudeste","de R$ 12.001/mês a R$ 16.000/mês","","","Modelo 100% presencial","","","","","","","","","","","","","","","","","","","","","","","","","","","",""
"0tbmyzdehcfopw36kt94akt0tbmyzde0","26","25-29","Masculino","Rio Grande do Sul (RS)","RS","Sul","de R$ 8.001/mês a R$ 12.000/mês","","","Modelo híbrido flexível (o funcionário tem liberdade para escolher quando estar no escritório presencialmente)","","","","","","","","","","","","","","","","","","","","","","","","","","","",""
"p5ql8kv4dhvczzqr6xp5ql8kvp5hmwxe","36","35-39","Masculino","São Paulo (SP)","SP","Sudeste","de R$ 12.001/mês a R$ 16.000/mês","","","Modelo híbrido flexível (o funcionário tem liberdade para escolher quando estar no escritório presencialmente)","","","","","","","","","","","","","","","","","","","","","","","","","","","",""
"aa968jgoheqjj1qb5se94aa968jg2o5c","31","30-34","Masculino","Minas Gerais (MG)","MG","Sudeste","de R$ 6.001/mês a R$ 8.000/mês","","","Modelo 100% remoto","","","","","","","","","","","","","","","","","","","","","","","","","","","",""
"4atu47mx13dl6dkhrf4atu4j2q9dgcuv","27","25-29","Masculino","São Paulo (SP)","SP","Sudeste","de R$ 12.001/mês a R$ 16.000/mês","","","Modelo 100% remoto","","","","","","","","","","","","","","","","","","","","","","","","","","","",""
"bfsf6n43f9hgwyxljkybfsf6n42zcvm7","35","35-39","Masculino","Goiás (GO)","GO","Centro-oeste","de R$ 20.001/mês a R$ 25.000/mês","","","Modelo 100% remoto","","","","","","","","","","","","","","","","","","","","","","","","","","","",""
"hsbe583o76qs25avs4dhsbe5rm7glwz3","26","25-29","Masculino","São Paulo (SP)","SP","Sudeste","de R$ 6.001/mês a R$ 8.000/mês","","","Modelo híbrido flexível (o funcionário tem liberdade para escolher quando estar no escritório presencialmente)","","","","","","","","","","","","","","","","","","","","","","","","","","","",""
"eq2xxwpadkpqs8rlfg317eq2xxsc2009","26","25-29","Masculino","São Paulo (SP)","SP","Sudeste","de R$ 8.001/mês a R$ 12.000/mês","","","Modelo híbrido com dias fixos de trabalho presencial","","","","","","","","","","","","","","","","","","","","","","","","","","","",""
"vyv4n770exvmzvxo0oqfj7k6x4a3yki6","45","45-49","Masculino","São Paulo (SP)","SP","Sudeste","de R$ 20.001/mês a R$ 25.000/mês","","","Modelo 100% remoto","","","","","","","","","","","","","","","","","","","","","","","","","","","",""
"8q56p6hz12fgwvcp8q56p8ss4ea8mwaq","39","35-39","Masculino","Rio Grande do Sul (RS)","RS","Sul","de R$ 6.001/mês a R$ 8.000/mês","","","Modelo híbrido com dias fixos de trabalho presencial","","","","","","","","","","","","","","","","","","","","","","","","","","","",""
"q6h8qa5bfu66m5kqy8wj1q6h8qa50cvf","44","40-44","Masculino","São Paulo (SP)","SP","Sudeste","de R$ 30.001/mês a R$ 40.000/mês","","","Modelo híbrido flexível (o funcionário tem liberdade para escolher quando estar no escritório presencialmente)","","","","","","","","","","","","","","","","","","","","","","","","","","","",""
"x7or4c3gz3in9mut6x7or4don1b3bm25","39","35-39","Feminino","Paraná (PR)","PR","Sul","de R$ 6.001/mês a R$ 8.000/mês","","","Modelo 100% remoto","","","","","","","","","","","","","","","","","","","","","","","","","","","",""
"xv935r13l5hoaob29dau2oxv935r17jz","45","45-49","Masculino","Ceará (CE)","CE","Nordeste","de R$ 16.001/mês a R$ 20.000/mês","","","Modelo 100% remoto","","","","","","","","","","","","","","","","","","","","","","","","","","","",""
"vzwrs4jjz20cjygjvzwrs4hcwyafwk15","27","25-29","Masculino","Distrito Federal (DF)","DF","Centro-oeste","de R$ 6.001/mês a R$ 8.000/mês","","","Modelo híbrido flexível (o funcionário tem liberdade para escolher quando estar no escritório presencialmente)","","","","","","","","","","","","","","","","","","","","","","","","","","","",""
"swzyvp7rd14ahhzasfreuswzwks44tff","33","30-34","Masculino","São Paulo (SP)","SP","Sudeste","de R$ 12.001/mês a R$ 16.000/mês","","","Modelo híbrido com dias fixos de trabalho presencial","","","","","","","","","","","","","","","","","","","","","","","","","","","",""
"ne3oukm5u6ax1uyux9223ur4ne3oukm1","27","25-29","Feminino","São Paulo (SP)","SP","Sudeste","de R$ 16.001/mês a R$ 20.000/mês","","","Modelo 100% remoto","","","","","","","","","","","","","","","","","","","","","","","","","","","",""
"118rpksnw4v7cphgo118rpsfmm0zribk","28","25-29","Masculino","São Paulo (SP)","SP","Sudeste","de R$ 12.001/mês a R$ 16.000/mês","","","Modelo 100% remoto","","","","","","","","","","","","","","","","","","","","","","","","","","","",""
"2pj829daiiklvhizi2pj82d9hoyrotie","27","25-29","Masculino","São Paulo (SP)","SP","Sudeste","de R$ 25.001/mês a R$ 30.000/mês","","","Modelo híbrido flexível (o funcionário tem liberdade para escolher quando estar no escritório presencialmente)","","","","","","","","","","","","","","","","","","","","","","","","","","","",""
"pseygbc0nx00cpsql2voqcwcu9kfsm9j","35","35-39","Masculino","São Paulo (SP)","SP","Sudeste","de R$ 12.001/mês a R$ 16.000/mês","","","Modelo híbrido flexível (o funcionário tem liberdade para escolher quando estar no escritório presencialmente)","","","","","","","","","","","","","","","","","","","","","","","","","","","",""
"743fus1jnylmzobcxw743fp3pt26foyb","","55+","Masculino","São Paulo (SP)","SP","Sudeste","Menos de R$ 1.000/mês","","","Modelo híbrido flexível (o funcionário tem liberdade para escolher quando estar no escritório presencialmente)","","","","","","","","","","","","","","","","","","","","","","","","","","","",""
"xwpucep89nv8iph5xwpfhlzsgwpulc5r","32","30-34","Masculino","São Paulo (SP)","SP","Sudeste","de R$ 16.001/mês a R$ 20.000/mês","","","Modelo 100% remoto","","","","","","","","","","","","","","","","","","","","","","","","","","","",""
"kxd3d5lctlx2guilkxd3d5bygodhpsu4","33","30-34","Masculino","Minas Gerais (MG)","MG","Sudeste","de R$ 25.001/mês a R$ 30.000/mês","","","Modelo 100% remoto","","","","","","","","","","","","","","","","","","","","","","","","","","","",""
"smslpz7v6s6cx8ym5kymsmslpyg5rdzr","34","30-34","Masculino","Distrito Federal (DF)","DF","Centro-oeste","de R$ 16.001/mês a R$ 20.000/mês","","","Modelo 100% remoto","","","","","","","","","","","","","","","","","","","","","","","","","","","",""
"tgykdftl9y0adnqa8gl4ztgykdfifrxn","38","35-39","Feminino","São Paulo (SP)","SP","Sudeste","de R$ 20.001/mês a R$ 25.000/mês","","","Modelo 100% remoto","","","","","","","","","","","","","","","","","","","","","","","","","","","",""
"j5hxpog80ije9h8cahj5hxpohe5rpsdt","48","45-49","Masculino","Ceará (CE)","CE","Nordeste","de R$ 20.001/mês a R$ 25.000/mês","","","Modelo 100% presencial","","","","","","","","","","","","","","","","","","","","","","","","","","","",""
"0qowe246sxnapmh0qowe2q8hbs3s3hps","39","35-39","Masculino","Maranhão (MA)","MA","Nordeste","de R$ 16.001/mês a R$ 20.000/mês","","","Modelo híbrido flexível (o funcionário tem liberdade para escolher quando estar no escritório presencialmente)","","","","","","","","","","","","","","","","","","","","","","","","","","","",""
"svhadi1mmnsqc6afzafqqsvhadiik49m","31","30-34","Masculino","Rio de Janeiro (RJ)","RJ","Sudeste","de R$ 12.001/mês a R$ 16.000/mês","","","Modelo 100% remoto","","","","","","","","","","","","","","","","","","","","","","","","","","","",""
"flfe84dbr1ljqi38wvtflv2074795nuw","53","50-54","Feminino","São Paulo (SP)","SP","Sudeste","de R$ 25.001/mês a R$ 30.000/mês","","","Modelo 100% remoto","","","","","","","","","","","","","","","","","","","","","","","","","","","",""
"ef2m6wve3c606z35olxef2m6wfvzj7hm","28","25-29","Masculino","São Paulo (SP)","SP","Sudeste","de R$ 12.001/mês a R$ 16.000/mês","","","Modelo 100% remoto","","","","","","","","","","","","","","","","","","","","","","","","","","","",""
"zvxc6961osbp95igzvxc8d1r5yuuhbgj","27","25-29","Masculino","Santa Catarina (SC)","SC","Sul","de R$ 12.001/mês a R$ 16.000/mês","","","Modelo 100% remoto","","","","","","","","","","","","","","","","","","","","","","","","","","","",""
"xmzslb4wxqs409bxps5gyxmzslb4s788","32","30-34","Masculino","São Paulo (SP)","SP","Sudeste","de R$ 12.001/mês a R$ 16.000/mês","","","Modelo híbrido flexível (o funcionário tem liberdade para escolher quando estar no escritório presencialmente)","","","","","","","","","","","","","","","","","","","","","","","","","","","",""
"o7cm8ssulfrhvw1cwupo7cm8k8xcqou4","23","22-24","Masculino","São Paulo (SP)","SP","Sudeste","de R$ 8.001/mês a R$ 12.000/mês","","","Modelo híbrido flexível (o funcionário tem liberdade para escolher quando estar no escritório presencialmente)","","","","","","","","","","","","","","","","","","","","","","","","","","","",""
"kg0cane9agzfjdv8ttllkg0zwb7n5879","24","22-24","Masculino","São Paulo (SP)","SP","Sudeste","de R$ 8.001/mês a R$ 12.000/mês","","","Modelo 100% remoto","","","","","","","","","","","","","","","","","","","","","","","","","","","",""
"n4pum5kat9uiwl9qn4puli1vlii8ko2z","27","25-29","Masculino","São Paulo (SP)","SP","Sudeste","de R$ 8.001/mês a R$ 12.000/mês","","","Modelo 100% remoto","","","","","","","","","","","","","","","","","","","","","","","","","","","",""
"e5g7hgz4ojs4vizlmkcbie5g7hgz5f0i","35","35-39","Masculino","São Paulo (SP)","SP","Sudeste","de R$ 25.001/mês a R$ 30.000/mês","","","Modelo 100% remoto","","","","","","","","","","","","","","","","","","","","","","","","","","","",""
"0m8283xyj4cxvspuf5njga6650m8283h","26","25-29","Masculino","São Paulo (SP)","SP","Sudeste","de R$ 12.001/mês a R$ 16.000/mês","","","Modelo híbrido flexível (o funcionário tem liberdade para escolher quando estar no escritório presencialmente)","","","","","","","","","","","","","","","","","","","","","","","","","","","",""
"rutble4gtbhtll3oswgzirutbleu1ly2","51","50-54","Masculino","São Paulo (SP)","SP","Sudeste","de R$ 8.001/mês a R$ 12.000/mês","","","Modelo 100% remoto","","","","","","","","","","","","","","","","","","","","","","","","","","","",""
"s8f9sjprhjdlhx82gns8f9sjprr1v0ai","41","40-44","Masculino","São Paulo (SP)","SP","Sudeste","Acima de R$ 40.001/mês","","","Modelo 100% remoto","","","","","","","","","","","","","","","","","","","","","","","","","","","",""
"qe3rk2jy5m3u4i6kmaqe3r3y8e5amb9s","26","25-29","Masculino","São Paulo (SP)","SP","Sudeste","de R$ 25.001/mês a R$ 30.000/mês","","","Modelo 100% remoto","","","","","","","","","","","","","","","","","","","","","","","","","","","",""
"m5vw2rwn2q4k7m5vw221fg9k6z2l9yag","36","35-39","Masculino","São Paulo (SP)","SP","Sudeste","de R$ 30.001/mês a R$ 40.000/mês","","","Modelo híbrido com dias fixos de trabalho presencial","","","","","","","","","","","","","","","","","","","","","","","","","","","",""
"dm11d2ysyomql2endm114sxffvbczhmu","38","35-39","Masculino","São Paulo (SP)","SP","Sudeste","de R$ 6.001/mês a R$ 8.000/mês","","","Modelo 100% remoto","","","","","","","","","","","","","","","","","","","","","","","","","","","",""
"k8asfn2skvy109fnrsk8apf0op956hhl","38","35-39","Masculino","São Paulo (SP)","SP","Sudeste","Acima de R$ 40.001/mês","","","Modelo 100% remoto","","","","","","","","","","","","","","","","","","","","","","","","","","","",""
"nb20djr6filcv13c8nb20djrwz51ig8w","30","30-34","Masculino","Santa Catarina (SC)","SC","Sul","de R$ 12.001/mês a R$ 16.000/mês","","","Modelo híbrido flexível (o funcionário tem liberdade para escolher quando estar no escritório presencialmente)","","","","","","","","","","","","","","","","","","","","","","","","","","","",""
"89ybqlxqx702csi589yb1syzb3t1vb42","39","35-39","Masculino","Minas Gerais (MG)","MG","Sudeste","de R$ 20.001/mês a R$ 25.000/mês","","","Modelo híbrido flexível (o funcionário tem liberdade para escolher quando estar no escritório presencialmente)","","","","","","","","","","","","","","","","","","","","","","","","","","","",""
"4nv6au4ndzw2fakg4nv6au4gpo0nqbc6","31","30-34","Masculino","Minas Gerais (MG)","MG","Sudeste","de R$ 30.001/mês a R$ 40.000/mês","","","Modelo 100% remoto","","","","","","","","","","","","","","","","","","","","","","","","","","","",""
"4n9bnjizql75jqke10ki4n9bo1pek8t3","33","30-34","Masculino","São Paulo (SP)","SP","Sudeste","de R$ 12.001/mês a R$ 16.000/mês","","","Modelo 100% remoto","","","","","","","","","","","","","","","","","","","","","","","","","","","",""
"fw4me3niopikx8t340vqdfw4m57db6kn","30","30-34","Masculino","Minas Gerais (MG)","MG","Sudeste","de R$ 12.001/mês a R$ 16.000/mês","","","Modelo 100% remoto","","","","","","","","","","","","","","","","","","","","","","","","","","","",""
"42wklwtbntp2hev2q6m42wklwqf4b30s","28","25-29","Masculino","Goiás (GO)","GO","Centro-oeste","de R$ 20.001/mês a R$ 25.000/mês","","","Modelo 100% remoto","","","","","","","","","","","","","","","","","","","","","","","","","","","",""
"3vbr6a504rbqt8sxg9cd7n3vbr6ansaa","30","30-34","Feminino","Distrito Federal (DF)","DF","Centro-oeste","de R$ 8.001/mês a R$ 12.000/mês","","","Modelo 100% remoto","","","","","","","","","","","","","","","","","","","","","","","","","","","",""
"xawddw7aozwioxxawdcoy80m2bxx7ofd","31","30-34","Feminino","São Paulo (SP)","SP","Sudeste","de R$ 8.001/mês a R$ 12.000/mês","","","Modelo 100% remoto","","","","","","","","","","","","","","","","","","","","","","","","","","","",""
"54fub0fn1blu7p4jbmm754fudysap1hi","28","25-29","Masculino","São Paulo (SP)","SP","Sudeste","de R$ 12.001/mês a R$ 16.000/mês","","","Modelo 100% remoto","","","","","","","","","","","","","","","","","","","","","","","","","","","",""
"mcorjf7jgpnycmcorj5sibsf80bbkrzi","36","35-39","Masculino","São Paulo (SP)","SP","Sudeste","de R$ 8.001/mês a R$ 12.000/mês","","","Modelo híbrido flexível (o funcionário tem liberdade para escolher quando estar no escritório presencialmente)","","","","","","","","","","","","","","","","","","","","","","","","","","","",""
"th9hbn8y8mabrxv0th9qygnb6asn9vse","45","45-49","Feminino","São Paulo (SP)","SP","Sudeste","de R$ 12.001/mês a R$ 16.000/mês","","","Modelo 100% remoto","","","","","","","","","","","","","","","","","","","","","","","","","","","",""
"48xkf2dqs5lz0dgyh0sq48xkf2dnukju","34","30-34","Masculino","São Paulo (SP)","SP","Sudeste","de R$ 25.001/mês a R$ 30.000/mês","","","Modelo 100% remoto","","","","","","","","","","","","","","","","","","","","","","","","","","","",""
"x5ovrp24fgzmkhzkxx5ov398tldipqwi","26","25-29","Masculino","Goiás (GO)","GO","Centro-oeste","de R$ 8.001/mês a R$ 12.000/mês","","","Modelo 100% remoto","","","","","","","","","","","","","","","","","","","","","","","","","","","",""
"xktb3rikix5bhnwke3pxktb3wgds8brd","28","25-29","Masculino","Rio de Janeiro (RJ)","RJ","Sudeste","de R$ 16.001/mês a R$ 20.000/mês","","","Modelo 100% remoto","","","","","","","","","","","","","","","","","","","","","","","","","","","",""
"6vpqjzk3fdyjurigrp6vpqb0c53r0b6h","35","35-39","Masculino","São Paulo (SP)","SP","Sudeste","de R$ 12.001/mês a R$ 16.000/mês","","","Modelo híbrido flexível (o funcionário tem liberdade para escolher quando estar no escritório presencialmente)","","","","","","","","","","","","","","","","","","","","","","","","","","","",""
"n9gupv9h9z4tk61n9gupxh7zvcj1avr5","38","35-39","Masculino","Santa Catarina (SC)","SC","Sul","de R$ 12.001/mês a R$ 16.000/mês","","","Modelo 100% remoto","","","","","","","","","","","","","","","","","","","","","","","","","","","",""
"wudonscpgu2qeul0hgwudonscpfrb48f","46","45-49","Masculino","São Paulo (SP)","SP","Sudeste","de R$ 6.001/mês a R$ 8.000/mês","","","Modelo 100% presencial","","","","","","","","","","","","","","","","","","","","","","","","","","","",""
"7xes890gz52hdhw2nkf17xes8c9qgdz8","35","35-39","Masculino","São Paulo (SP)","SP","Sudeste","de R$ 4.001/mês a R$ 6.000/mês","","","Modelo 100% presencial","","","","","","","","","","","","","","","","","","","","","","","","","","","",""
"zyoz1s0ie1mva2zyoz1ybjvfggdfz89i","32","30-34","Masculino","Paraná (PR)","PR","Sul","de R$ 6.001/mês a R$ 8.000/mês","Engenheiro de Dados/Data Engineer","Sênior","Modelo 100% remoto","0","0","0","0","0","1","0","1","0","1","0","0","0","0","1","0","0","0","0","0","0","0","1","0","0","0","0","0"
"zxwv1axhtjl3ccjczxwv0wbf2qw8r8r5","28","25-29","Feminino","Rio Grande do Sul (RS)","RS","Sul","de R$ 6.001/mês a R$ 8.000/mês","Cientista de Dados/Data Scientist","Pleno","Modelo 100% remoto","0","0","1","0","0","0","0","1","1","1","0","0","0","0","0","0","0","0","0","0","1","0","0","0","0","0","0","0"
"zuwpvmglkc46t88zuwplx92e9olkav38","46","45-49","Feminino","Paraná (PR)","PR","Sul","de R$ 4.001/mês a R$ 6.000/mês","Técnico","Júnior","Modelo 100% remoto","0","0","1","0","0","1","0","0","0","0","0","0","0","0","0","0","0","0","0","0","1","0","0","0","0","0","1","0"
"zuvocreuesob1eg49awr9rxzuvocrq4z","35","35-39","Feminino","Minas Gerais (MG)","MG","Sudeste","de R$ 4.001/mês a R$ 6.000/mês","Analista de BI/BI Analyst/Analytics Engineer","Pleno","Modelo híbrido flexível (o funcionário tem liberdade para escolher quando estar no escritório presencialmente)","1","0","0","0","0","0","0","1","0","1","0","0","0","0","0","0","0","0","0","0","1","0","0","0","0","0","0","0"
"ztrtwtz05am4swq65l1wztrtwk6u4guz","27","25-29","Masculino","Rio Grande do Sul (RS)","RS","Sul","de R$ 6.001/mês a R$ 8.000/mês","Engenheiro de Dados/Data Engineer","Pleno","Modelo 100% remoto","0","1","0","0","0","0","0","1","0","1","0","0","0","0","0","0","0","0","0","0","1","0","0","0","0","1","0","0"
"zt1nf4ujco617z39otzt1nfjtm4mj6l1","30","30-34","Feminino","Paraná (PR)","PR","Sul","de R$ 3.001/mês a R$ 4.000/mês","Analista de BI/BI Analyst/Analytics Engineer","Júnior","Modelo 100% remoto","1","0","0","0","0","0","0","1","1","1","0","0","0","0","0","0","0","0","0","0","1","0","0","0","0","1","0","0"
"zs15zug6kr08ay40u8wmjzs15zugsgvi","34","30-34","Masculino","São Paulo (SP)","SP","Sudeste","de R$ 6.001/mês a R$ 8.000/mês","Engenheiro de Dados/Data Engineer","Júnior","Modelo híbrido flexível (o funcionário tem liberdade para escolher quando estar no escritório presencialmente)","1","0","0","0","0","0","0","1","0","1","0","0","0","0","0","0","0","0","0","0","1","0","0","1","1","0","0","0"
"zrs0ji7k1nooppgjfqj9rs9zrs0ji7co","27","25-29","Masculino","Rio Grande do Sul (RS)","RS","Sul","de R$ 3.001/mês a R$ 4.000/mês","Engenheiro de Dados/Data Engineer","Júnior","Modelo 100% remoto","1","1","0","0","0","0","0","1","0","1","0","0","0","0","0","0","0","0","0","0","0","0","0","0","0","0","0","1"
"zr7pb5t3dldizr7rwdng8bjahdjjqerw","39","35-39","Masculino","Minas Gerais (MG)","MG","Sudeste","de R$ 6.001/mês a R$ 8.000/mês","Analista de Negócios/Business Analyst","Sênior","Modelo 100% presencial","0","0","1","0","0","0","0","1","0","0","0","0","0","0","0","0","0","0","0","0","1","1","0","0","0","0","0","0"
"zr5p35k1l7nk8gyepj9zr5p35eodmiad","26","25-29","Masculino","São Paulo (SP)","SP","Sudeste","de R$ 3.001/mês a R$ 4.000/mês","Analista de Marketing","Júnior","Modelo híbrido com dias fixos de trabalho presencial","1","0","0","0","0","0","0","0","0","0","0","0","0","0","0","0","0","0","0","0","0","0","0","0","0","1","0","0"
"u3beuhoyridgj03nsgmphwnx4u3beuho","40","40-44","Masculino","Minas Gerais (MG)","MG","Sudeste","de R$ 8.001/mês a R$ 12.000/mês","Engenheiro de Dados/Data Engineer","Sênior","Modelo 100% remoto","1","0","0","0","0","0","0","1","0","1","0","0","0","0","0","0","0","0","0","0","1","0","0","0","0","0","0","0"
"zpucrda7fzleu9ylzpuc9mrqk12xtbcu","33","30-34","Masculino","Minas Gerais (MG)","MG","Sudeste","de R$ 8.001/mês a R$ 12.000/mês","Cientista de Dados/Data Scientist","Pleno","Modelo híbrido flexível (o funcionário tem liberdade para escolher quando estar no escritório presencialmente)","1","0","0","0","0","0","0","1","0","1","0","0","0","0","0","0","0","0","0","0","1","0","0","0","0","0","0","0"
"zp6kos7r8mluqspyjc1pkzp6kos5pahv","37","35-39","Masculino","Santa Catarina (SC)","SC","Sul","de R$ 25.001/mês a R$ 30.000/mês","Analista de BI/BI Analyst/Analytics Engineer","Sênior","Modelo 100% remoto","0","1","0","0","0","1","0","1","1","1","0","0","1","0","0","0","0","0","0","1","1","1","0","0","0","1","0","0"
"zolgbd1mxb1gss2bdzolgmxactj1ib5c","37","35-39","Masculino","São Paulo (SP)","SP","Sudeste","de R$ 16.001/mês a R$ 20.000/mês","Engenheiro de Dados/Data Engineer","Pleno","Modelo 100% remoto","1","0","0","0","0","0","0","1","0","1","0","0","0","0","0","0","1","0","0","0","0","0","1","0","0","0","0","0"
"zoep228dhdh0x18zoepm0tabpxe8rpb9","18","17-21","Masculino","Minas Gerais (MG)","MG","Sudeste","de R$ 2.001/mês a R$ 3000/mês","Analista de BI/BI Analyst/Analytics Engineer","Júnior","Modelo 100% remoto","1","0","0","0","0","0","0","1","0","1","0","0","0","0","0","0","0","0","0","0","0","0","0","1","0","0","0","0"
"zoc9gws17hk23x9zoblksibwmk8ys7w9","23","22-24","Masculino","São Paulo (SP)","SP","Sudeste","de R$ 1.001/mês a R$ 2.000/mês","Analista de Dados/Data Analyst","Júnior","Modelo 100% remoto","1","0","0","0","0","0","0","1","0","1","0","0","0","0","0","0","0","0","0","0","0","0","0","0","1","0","0","0"
"zo6oav14153wvnfzmqmzo6oav19cql86","30","30-34","Masculino","São Paulo (SP)","SP","Sudeste","de R$ 4.001/mês a R$ 6.000/mês","Cientista de Dados/Data Scientist","Pleno","Modelo híbrido com dias fixos de trabalho presencial","0","0","0","0","0","1","0","0","0","1","0","0","0","0","0","0","0","0","0","0","1","0","0","0","0","0","0","0"
"znupempksv3rl2z3mznupeavzct202uq","36","35-39","Masculino","São Paulo (SP)","SP","Sudeste","de R$ 8.001/mês a R$ 12.000/mês","Engenheiro de Dados/Data Engineer","Pleno","Modelo 100% remoto","0","1","0","0","0","0","0","1","0","1","0","0","0","0","0","0","0","0","0","0","0","0","0","0","0","0","0","1"
"zntf4rmncfflvwufzntf43ljfpcayn5j","30","30-34","Masculino","Minas Gerais (MG)","MG","Sudeste","de R$ 3.001/mês a R$ 4.000/mês","Analista de BI/BI Analyst/Analytics Engineer","Júnior","Modelo 100% remoto","0","0","1","0","0","0","0","1","1","0","0","0","0","0","0","0","0","0","0","0","1","0","0","0","0","0","0","0"
"zndhxc80wuoynair1r1tdczndhxc8fvw","30","30-34","Feminino","São Paulo (SP)","SP","Sudeste","de R$ 6.001/mês a R$ 8.000/mês","Cientista de Dados/Data Scientist","Pleno","Modelo 100% presencial","0","0","1","0","0","0","1","1","0","1","0","0","0","0","0","0","0","0","0","0","0","0","0","0","0","0","0","0"
"zn7t160z77a429zn7t16rztkbk783s6a","25","25-29","Masculino","Paraná (PR)","PR","Sul","de R$ 6.001/mês a R$ 8.000/mês","Cientista de Dados/Data Scientist","Pleno","Modelo 100% remoto","0","1","0","0","0","0","0","1","1","1","0","0","0","0","0","0","0","0","0","0","0","1","1","0","0","0","0","0"
"r5ejucydj2hudcmx3wrvxr5eju70neqy","26","25-29","Masculino","Minas Gerais (MG)","MG","Sudeste","de R$ 2.001/mês a R$ 3000/mês","Analista de Negócios/Business Analyst","Sênior","Modelo 100% presencial","0","0","0","1","0","1","0","1","0","0","0","0","0","0","0","1","0","0","0","0","1","0","0","0","0","0","0","0"
"js376aklbptrzy7n5q7u4js376gy0n55","42","40-44","Masculino","São Paulo (SP)","SP","Sudeste","de R$ 8.001/mês a R$ 12.000/mês","Analista de BI/BI Analyst/Analytics Engineer","Sênior","Modelo 100% remoto","0","0","1","0","0","0","0","1","1","1","0","0","0","0","0","0","0","0","0","0","0","0","1","0","0","0","0","0"
"zi69gk5bc7fyu3uk34zi69gvt8ol1zat","49","45-49","Masculino","Minas Gerais (MG)","MG","Sudeste","de R$ 12.001/mês a R$ 16.000/mês","Engenheiro de Dados/Data Engineer","Sênior","Modelo 100% remoto","0","0","1","0","0","0","0","1","0","1","0","0","0","0","0","0","0","0","0","0","1","1","0","0","0","0","0","0"
"zf7ey2pgdq7mzovklxrbzf7e7ytftvlv","20","17-21","Masculino","Santa Catarina (SC)","SC","Sul","de R$ 2.001/mês a R$ 3000/mês","Analista de Negócios/Business Analyst","Júnior","Modelo 100% remoto","0","1","0","0","0","0","0","0","0","1","1","1","0","0","0","0","0","0","0","0","1","0","0","0","0","0","0","0"
"zf63pvyg44rzi3fn1hzf63du6f90mxop","24","22-24","Masculino","Ceará (CE)","CE","Nordeste","de R$ 4.001/mês a R$ 6.000/mês","Analista de Negócios/Business Analyst","Júnior","Modelo 100% presencial","0","0","0","0","0","1","0","1","0","0","0","0","0","0","0","0","0","0","0","0","1","0","0","0","0","0","1","0"
"ze7322fkx6en977egsze7322ewo92amv","24","22-24","Masculino","Minas Gerais (MG)","MG","Sudeste","de R$ 4.001/mês a R$ 6.000/mês","Analista de BI/BI Analyst/Analytics Engineer","Júnior","Modelo 100% remoto","0","0","1","0","0","0","0","1","0","1","0","0","0","0","0","0","0","0","0","0","1","0","0","0","0","0","0","0"
"zdw0uzs935qlgb23gnazdw0u7zcp3xqs","43","40-44","Masculino","São Paulo (SP)","SP","Sudeste","de R$ 8.001/mês a R$ 12.000/mês","Desenvolvedor ou Engenheiro de Software","Sênior","Modelo 100% remoto","1","0","0","0","0","0","0","1","1","1","0","0","1","0","0","0","0","0","1","1","1","0","0","0","0","1","0","0"
"z0duyufhcmg8z1exo2z0duy1ud5ylfks","27","25-29","Masculino","Ceará (CE)","CE","Nordeste","de R$ 1.001/mês a R$ 2.000/mês","Analista de Dados/Data Analyst","Júnior","Modelo 100% remoto","0","0","0","0","0","1","0","1","0","1","0","0","0","0","0","0","0","0","0","0","1","0","0","0","0","0","0","0"
"gh3wkauyrfmhin0kgh3wkaq7hqg2de5b","22","22-24","Masculino","São Paulo (SP)","SP","Sudeste","de R$ 1.001/mês a R$ 2.000/mês","Analista Administrativo","Júnior","Modelo 100% presencial","0","0","0","0","0","1","0","0","0","0","0","0","0","0","0","0","0","0","0","0","0","0","0","0","0","0","0","0"
"zcxx74g9ra66yonsg50hsbzcxx74gbqg","43","40-44","Masculino","Goiás (GO)","GO","Centro-oeste","de R$ 2.001/mês a R$ 3000/mês","Técnico","Pleno","Modelo 100% presencial","0","0","0","0","0","1","0","0","0","0","0","0","0","0","0","0","0","0","0","0","1","0","0","0","0","0","0","0"
"zcpt4kjxc7bw21b5bq8hzcpt4w0ygk1j","44","40-44","Masculino","Sergipe (SE)","SE","Nordeste","de R$ 25.001/mês a R$ 30.000/mês","Analista de Dados/Data Analyst","Sênior","Modelo híbrido com dias fixos de trabalho presencial","0","0","1","0","0","0","0","1","0","1","0","0","0","0","0","0","0","0","0","0","1","0","0","0","0","0","0","0"
"zcmq53ck5dthux89zcmq53cd1sjr1f2g","23","22-24","Masculino","São Paulo (SP)","SP","Sudeste","de R$ 2.001/mês a R$ 3000/mês","Analista de BI/BI Analyst/Analytics Engineer","Júnior","Modelo 100% remoto","0","0","0","0","0","1","0","1","0","0","0","0","0","0","0","0","0","0","0","0","1","0","0","0","0","0","0","0"
"zc6bos62l5veeq5ezc6oyqraeh3la68y","21","17-21","Masculino","Minas Gerais (MG)","MG","Sudeste","de R$ 1.001/mês a R$ 2.000/mês","Engenheiro de Machine Learning/ML Engineer","Júnior","Modelo híbrido flexível (o funcionário tem liberdade para escolher quando estar no escritório presencialmente)","1","0","0","0","0","0","0","1","0","1","0","0","0","0","0","0","0","0","0","0","0","0","0","0","0","0","0","1"
"funwtg56ppztrfpyskz5lpfunwtv129n","49","45-49","Masculino","São Paulo (SP)","SP","Sudeste","de R$ 1.001/mês a R$ 2.000/mês","Outras Engenharias (não inclui dev)","Pleno","Modelo 100% presencial","0","1","0","0","0","0","0","0","0","0","0","0","0","0","0","0","0","0","0","0","1","0","0","0","0","0","0","0"
"zbc9awsae050i4ykozbc9awf4da51ny0","42","40-44","Masculino","Minas Gerais (MG)","MG","Sudeste","de R$ 8.001/mês a R$ 12.000/mês","DBA/Administrador de Banco de Dados","Sênior","Modelo híbrido flexível (o funcionário tem liberdade para escolher quando estar no escritório presencialmente)","0","0","0","0","0","1","0","1","0","0","0","0","0","0","0","0","0","0","0","0","0","0","0","0","0","0","0","1"
"zabl3jn0c1hz7akpzabl33v07pdurgqn","33","30-34","Feminino","Santa Catarina (SC)","SC","Sul","de R$ 8.001/mês a R$ 12.000/mês","Cientista de Dados/Data Scientist","Júnior","Modelo híbrido flexível (o funcionário tem liberdade para escolher quando estar no escritório presencialmente)","1","0","1","0","0","0","0","1","1","1","0","0","0","0","0","0","0","0","0","0","1","0","0","0","0","0","0","0"
"z98xmt2q2zw1ehlz98xm97k601ln3rzr","27","25-29","Masculino","Espírito Santo (ES)","ES","Sudeste","de R$ 4.001/mês a R$ 6.000/mês","Analista de BI/BI Analyst/Analytics Engineer","Pleno","Modelo híbrido flexível (o funcionário tem liberdade para escolher quando estar no escritório presencialmente)","1","1","0","0","0","0","1","1","0","1","0","0","0","0","0","0","0","0","0","0","1","0","0","1","0","0","0","0"
"z98x57phv9yhz98poqc8lb2l8o4eevpo","29","25-29","Masculino","Santa Catarina (SC)","SC","Sul","de R$ 8.001/mês a R$ 12.000/mês","Cientista de Dados/Data Scientist","Pleno","Modelo 100% remoto","0","0","0","0","0","0","1","1","1","1","0","0","0","0","0","0","0","0","0","0","0","0","1","0","0","0","0","0"
"8qox3sw0nmttmzi8qo4i4ca3huxun5yo","25","25-29","Masculino","São Paulo (SP)","SP","Sudeste","de R$ 8.001/mês a R$ 12.000/mês","Analista de Dados/Data Analyst","Sênior","Modelo 100% remoto","1","1","0","0","0","0","0","1","1","1","0","0","0","0","0","0","0","0","0","0","1","0","0","0","0","1","0","0"
"z8ddj9kzf0os4fpkaz8ddzzjggujvb60","28","25-29","Feminino","Sergipe (SE)","SE","Nordeste","de R$ 1.001/mês a R$ 2.000/mês","Analista de BI/BI Analyst/Analytics Engineer","Júnior","Modelo 100% remoto","0","0","1","0","0","0","0","1","0","1","0","0","0","0","0","0","0","0","0","0","1","0","0","0","0","0","0","0"
"z892ocuxdlo4fzpl1ewz892oc17umypc","26","25-29","Feminino","Pernambuco (PE)","PE","Nordeste","de R$ 4.001/mês a R$ 6.000/mês","Analista de Marketing","Pleno","Modelo 100% remoto","0","0","0","0","0","0","1","0","0","0","0","0","0","0","0","0","0","0","0","0","1","0","0","0","0","0","1","0"
"z838y1xhjhxcz5lbuimr3z838y11iu56","32","30-34","Masculino","Minas Gerais (MG)","MG","Sudeste","de R$ 3.001/mês a R$ 4.000/mês","Analista de BI/BI Analyst/Analytics Engineer","Júnior","Modelo 100% remoto","0","0","1","0","0","0","0","1","0","0","0","0","0","0","0","0","0","0","0","0","1","0","0","0","0","0","0","0"
"z6rcvn3g2v0nbgbu9yz6rqdv51mat078","50","50-54","Masculino","Minas Gerais (MG)","MG","Sudeste","de R$ 8.001/mês a R$ 12.000/mês","Analista de Negócios/Business Analyst","Sênior","Modelo híbrido flexível (o funcionário tem liberdade para escolher quando estar no escritório presencialmente)","1","0","0","0","0","0","0","1","0","1","0","0","0","0","0","0","0","0","0","0","1","0","0","0","0","0","0","0"
"yaj8i3irylslmtveyajmjlb5g2k92xqd","50","50-54","Masculino","São Paulo (SP)","SP","Sudeste","de R$ 4.001/mês a R$ 6.000/mês","Analista de BI/BI Analyst/Analytics Engineer","Pleno","Modelo híbrido com dias fixos de trabalho presencial","0","0","1","0","0","0","0","1","0","1","0","0","0","0","0","0","0","0","0","0","1","0","0","0","0","1","0","0"
"z5ihxpejpv16uavctz5ihxyhgu7182zz","25","25-29","Masculino","Pernambuco (PE)","PE","Nordeste","de R$ 4.001/mês a R$ 6.000/mês","","","Modelo 100% presencial","","","","","","","","","","","","","","","","","","","","","","","","","","","",""
"z5fmkny85mkju06zz5fevjbxj4bntc4w","46","45-49","Masculino","Santa Catarina (SC)","SC","Sul","de R$ 12.001/mês a R$ 16.000/mês","Cientista de Dados/Data Scientist","Júnior","Modelo 100% remoto","0","0","0","0","0","1","1","1","0","0","0","0","0","0","0","0","0","0","0","0","0","0","0","0","0","0","0","0"
"z4m2k3xy0gq68a8w0eowfbrz4m2kgckw","45","45-49","Masculino","São Paulo (SP)","SP","Sudeste","de R$ 1.001/mês a R$ 2.000/mês","Outro","Júnior","Modelo 100% presencial","0","0","0","0","0","1","0","0","0","0","0","0","0","0","0","0","0","0","0","0","0","0","0","0","0","0","0","1"
"301920b74h2ayoz1z30192m60ib8ykuq","26","25-29","Masculino","Minas Gerais (MG)","MG","Sudeste","de R$ 1.001/mês a R$ 2.000/mês","Professor","Júnior","Modelo híbrido com dias fixos de trabalho presencial","0","0","0","0","0","1","0","0","0","0","0","0","0","0","0","1","0","0","0","0","0","0","0","0","0","0","1","0"
"z3ym6vmp5cy1n51duau1z3ymyyf42eqs","31","30-34","Masculino","Minas Gerais (MG)","MG","Sudeste","de R$ 3.001/mês a R$ 4.000/mês","Analista de Dados/Data Analyst","Pleno","Modelo híbrido com dias fixos de trabalho presencial","0","0","0","0","0","1","0","0","0","0","0","0","0","0","0","0","0","0","0","0","1","0","0","0","0","0","0","0"
"z3wky7tn9qnbbvexusuz3wky7ttuvtxm","43","40-44","Masculino","São Paulo (SP)","SP","Sudeste","de R$ 4.001/mês a R$ 6.000/mês","Técnico","Sênior","Modelo 100% presencial","0","0","0","0","0","1","0","0","0","1","1","0","0","0","0","0","0","0","0","0","0","0","0","0","0","0","1","0"
"z3i4dr485bseqgf0gxaz3i4rizzq5qiy","46","45-49","Masculino","São Paulo (SP)","SP","Sudeste","de R$ 6.001/mês a R$ 8.000/mês","Analista de Dados/Data Analyst","Sênior","Modelo 100% remoto","1","0","1","0","0","0","0","1","0","1","1","0","0","0","0","0","0","0","0","0","1","0","0","0","0","0","0","0"
"z27hs3syceg3cs9z27h97ak4pkh1rie3","29","25-29","Masculino","Rio de Janeiro (RJ)","RJ","Sudeste","de R$ 2.001/mês a R$ 3000/mês","Analista de Marketing","Júnior","Modelo 100% remoto","1","0","0","0","0","0","1","0","0","0","0","0","0","0","0","0","0","0","0","0","1","1","0","0","0","0","0","0"
"z1pta8v912v0z1ptagy8x3z2vqh8u3wh","29","25-29","Masculino","Rio de Janeiro (RJ)","RJ","Sudeste","de R$ 6.001/mês a R$ 8.000/mês","Analista de BI/BI Analyst/Analytics Engineer","Pleno","Modelo 100% remoto","1","0","0","0","0","1","0","1","0","1","0","0","0","0","0","0","0","0","0","0","0","0","1","0","0","0","0","0"
"z190gohu7pf6bkagz1906h2xh5ytur96","23","22-24","Masculino","Santa Catarina (SC)","SC","Sul","de R$ 6.001/mês a R$ 8.000/mês","Cientista de Dados/Data Scientist","Pleno","Modelo 100% remoto","1","0","0","0","0","0","0","0","1","1","0","0","0","0","0","0","0","0","0","0","0","0","0","0","0","0","0","1"
"y3l4rlylgfaquvatnesf51y3ld77i9tw","26","25-29","Feminino","Ceará (CE)","CE","Nordeste","de R$ 6.001/mês a R$ 8.000/mês","Analista de BI/BI Analyst/Analytics Engineer","Sênior","Modelo 100% remoto","1","0","0","0","0","0","0","1","0","1","0","0","0","0","0","0","0","0","0","0","0","0","1","0","0","1","0","0"
"yzqo5b4bsof7hmy5ivfdmyzqo5b4b6ze","20","17-21","Masculino","São Paulo (SP)","SP","Sudeste","de R$ 4.001/mês a R$ 6.000/mês","Analista de BI/BI Analyst/Analytics Engineer","Júnior","Modelo híbrido flexível (o funcionário tem liberdade para escolher quando estar no escritório presencialmente)","1","0","0","0","0","0","0","1","0","0","0","0","0","0","0","0","0","0","0","0","1","1","0","0","0","0","0","0"
"yy9zuezm8pqgahunurl13lhlyy9zueze","41","40-44","Feminino","São Paulo (SP)","SP","Sudeste","de R$ 6.001/mês a R$ 8.000/mês","Outro","Sênior","Modelo 100% presencial","0","0","0","0","0","1","0","1","0","1","0","0","0","0","0","1","0","0","0","0","1","0","0","0","0","0","0","0"
"yy8cqjb3enmq5xvlyy8cq1obaciht1wh","34","30-34","Masculino","Rio de Janeiro (RJ)","RJ","Sudeste","de R$ 8.001/mês a R$ 12.000/mês","Analista de BI/BI Analyst/Analytics Engineer","Sênior","Modelo híbrido com dias fixos de trabalho presencial","0","0","0","0","0","1","0","1","1","1","0","0","0","0","0","1","0","0","0","0","1","0","1","0","0","0","0","0"
"yy4l1rby1tt0lnww5jyy4l1r2xcqayjh","24","22-24","Masculino","Minas Gerais (MG)","MG","Sudeste","de R$ 6.001/mês a R$ 8.000/mês","Cientista de Dados/Data Scientist","Pleno","Modelo 100% remoto","0","0","0","0","0","1","0","1","0","1","0","0","0","0","0","0","0","0","0","0","0","0","0","0","0","0","0","1"
"yxi9zgdhdpp3yxi19n8decmpirmuecz1","31","30-34","Masculino","São Paulo (SP)","SP","Sudeste","de R$ 3.001/mês a R$ 4.000/mês","Analista de Dados/Data Analyst","Júnior","Modelo 100% presencial","0","1","0","0","0","0","0","1","0","1","0","0","0","0","0","0","0","0","0","0","1","0","0","0","0","1","1","0"
"yxaiaz15zz077kmcj5yxaiayvnzv29zj","20","17-21","Masculino","Rio de Janeiro (RJ)","RJ","Sudeste","de R$ 2.001/mês a R$ 3000/mês","Cientista de Dados/Data Scientist","Júnior","Modelo 100% remoto","1","0","0","0","0","0","0","1","0","1","0","0","0","0","0","0","0","0","0","0","0","0","1","0","0","0","0","0"
"yx05t1lsa2qlrmhb15ywoyx05t1iu1pr","31","30-34","Masculino","São Paulo (SP)","SP","Sudeste","de R$ 12.001/mês a R$ 16.000/mês","Outro","Sênior","Modelo 100% presencial","0","0","1","0","0","1","0","1","1","1","0","0","0","0","0","1","0","0","0","0","0","1","0","0","0","0","1","0"
"ywra80z9yty0h2ywr7vpzlk7cc8htr2x","35","35-39","Masculino","São Paulo (SP)","SP","Sudeste","de R$ 8.001/mês a R$ 12.000/mês","Engenheiro de Dados/Data Engineer","Pleno","Modelo 100% remoto","1","0","0","0","0","0","0","1","0","1","0","0","0","0","0","0","0","0","0","0","0","1","0","0","0","0","0","0"
"gg5p23l35rpjlwfpgggg5p2y2mr18xv7","26","25-29","Masculino","Espírito Santo (ES)","ES","Sudeste","de R$ 8.001/mês a R$ 12.000/mês","Desenvolvedor ou Engenheiro de Software","Sênior","Modelo 100% remoto","1","0","1","0","0","0","0","1","0","0","0","1","1","0","0","0","0","0","0","1","0","0","1","0","1","0","0","0"
"9ce76c57yn5obks7upfb9ce76ce84v02","34","30-34","Masculino","São Paulo (SP)","SP","Sudeste","de R$ 6.001/mês a R$ 8.000/mês","Analista de BI/BI Analyst/Analytics Engineer","Sênior","Modelo 100% remoto","1","0","0","0","0","0","0","1","0","1","0","0","0","0","0","0","0","0","0","0","1","0","1","0","0","0","1","0"
"s5meucvg9weptpf0ds0i3ges5me7tpre","22","22-24","Masculino","Distrito Federal (DF)","DF","Centro-oeste","de R$ 2.001/mês a R$ 3000/mês","Cientista de Dados/Data Scientist","Júnior","Modelo 100% remoto","1","0","0","0","0","0","0","1","1","1","0","0","1","1","0","0","0","0","0","1","0","0","0","0","0","0","0","0"
"20jj3r6nkaf8kw20jjo043z0jzbrrpk2","32","30-34","Masculino","Mato Grosso (MT)","MT","Centro-oeste","de R$ 12.001/mês a R$ 16.000/mês","Engenheiro de Dados/Data Engineer","Sênior","Modelo 100% remoto","1","0","1","0","0","0","0","1","0","0","0","0","0","0","0","1","0","0","0","0","1","0","1","0","0","0","1","0"
"ytvbgs707nvbi1s6jytvbjtqvcxirud9","31","30-34","Masculino","São Paulo (SP)","SP","Sudeste","de R$ 1.001/mês a R$ 2.000/mês","Engenheiro de Machine Learning/ML Engineer","Júnior","Modelo híbrido flexível (o funcionário tem liberdade para escolher quando estar no escritório presencialmente)","1","0","0","0","0","0","0","0","0","1","0","0","0","0","0","0","0","0","0","0","0","0","0","0","0","1","0","0"
"j3a8veckpfb0qmhucsyj3a8vn1lhhu1n","31","30-34","Masculino","Paraná (PR)","PR","Sul","de R$ 8.001/mês a R$ 12.000/mês","Outro","Pleno","Modelo 100% remoto","0","0","0","0","0","0","1","0","1","0","0","0","0","0","0","0","0","0","0","0","0","0","0","0","0","0","0","1"
"5ab8ss9x2ef50wvecz5ab80f20hw6v57","52","50-54","Masculino","Pernambuco (PE)","PE","Nordeste","de R$ 8.001/mês a R$ 12.000/mês","Professor","Sênior","Modelo 100% presencial","0","0","0","0","0","1","0","1","1","0","0","0","0","0","0","0","0","0","0","0","0","0","0","0","0","0","0","1"
"wq94dy19km724zauwq94dyqeh7frwevj","23","22-24","Masculino","Ceará (CE)","CE","Nordeste","Menos de R$ 1.000/mês","Desenvolvedor ou Engenheiro de Software","Júnior","Modelo 100% remoto","1","1","0","0","0","0","0","1","0","1","1","0","0","0","0","0","0","0","0","0","1","0","0","0","0","1","1","0"
"yqkfesbh6fxyyqx881z0yqkfffcnqbog","23","22-24","Masculino","Rio de Janeiro (RJ)","RJ","Sudeste","de R$ 2.001/mês a R$ 3000/mês","Analista de Dados/Data Analyst","Júnior","Modelo híbrido com dias fixos de trabalho presencial","0","0","0","0","0","0","1","1","0","1","0","0","0","0","0","1","0","0","0","0","1","1","0","0","0","0","0","0"
"yqbh1h6wr1sz8oyqbhf0grk1xme71h8y","30","30-34","Masculino","Rio de Janeiro (RJ)","RJ","Sudeste","de R$ 8.001/mês a R$ 12.000/mês","Analista de Dados/Data Analyst","Pleno","Modelo 100% remoto","1","0","0","0","0","0","0","1","0","0","0","0","0","0","0","0","0","0","0","0","0","0","0","0","0","1","0","0"
"xmay192j2cu06ze0s4cnxmay1927v4ku","31","30-34","Masculino","Minas Gerais (MG)","MG","Sudeste","de R$ 6.001/mês a R$ 8.000/mês","Engenheiro de Dados/Data Engineer","Pleno","Modelo 100% remoto","0","0","0","0","0","1","0","1","0","1","0","0","0","0","0","0","0","0","0","0","1","0","0","0","0","0","0","0"
"yojrfqmwh11xw01g48xiyojrfqa02aba","26","25-29","Masculino","Rio de Janeiro (RJ)","RJ","Sudeste","de R$ 4.001/mês a R$ 6.000/mês","Cientista de Dados/Data Scientist","Pleno","Modelo 100% remoto","1","1","0","0","0","0","0","1","0","1","0","0","1","0","0","0","0","0","0","0","1","0","0","1","0","1","0","0"
"wwtvnbu54p4da8crwwt7y351nan2rk5s","29","25-29","Masculino","Paraná (PR)","PR","Sul","de R$ 1.001/mês a R$ 2.000/mês","Cientista de Dados/Data Scientist","Pleno","Modelo 100% remoto","1","1","1","1","0","0","0","0","0","1","1","0","0","0","0","0","0","0","0","0","0","0","0","1","1","0","0","0"
"v5riajoumh4m1huv5z5fgo0ylh893z5f","48","45-49","Masculino","Minas Gerais (MG)","MG","Sudeste","de R$ 3.001/mês a R$ 4.000/mês","DBA/Administrador de Banco de Dados","Júnior","Modelo 100% remoto","0","1","0","0","0","0","0","1","0","1","0","0","0","0","0","0","0","0","0","0","0","0","0","0","0","1","0","0"
"u7yi0wo9p3bmt7omhk1fa2cu7yi0wo9a","34","30-34","Masculino","Minas Gerais (MG)","MG","Sudeste","de R$ 4.001/mês a R$ 6.000/mês","Cientista de Dados/Data Scientist","Pleno","Modelo 100% remoto","0","1","0","0","0","0","0","1","0","1","0","0","0","0","0","0","0","0","0","0","0","0","0","0","0","1","0","0"
"ymi7lozxv0gd6tif4usm1lhymi7lvifc","21","17-21","Masculino","Rio Grande do Sul (RS)","RS","Sul","de R$ 6.001/mês a R$ 8.000/mês","Engenheiro de Dados/Data Engineer","Pleno","Modelo híbrido flexível (o funcionário tem liberdade para escolher quando estar no escritório presencialmente)","0","0","1","0","0","0","0","1","0","1","0","0","0","0","0","0","0","0","0","0","1","1","0","0","0","0","0","0"
"ej0lhwsxv1g52h41yce1ko2ej0lhoyi5","51","50-54","Masculino","Minas Gerais (MG)","MG","Sudeste","de R$ 20.001/mês a R$ 25.000/mês","Engenheiro de Dados/Data Engineer","Sênior","Modelo 100% remoto","0","1","0","0","0","0","0","1","0","1","1","0","0","0","0","0","0","0","0","0","1","0","0","0","0","0","0","0"
"yjqmtbryj9hyd92wp014dyjqmtopg5w5","37","35-39","Feminino","Minas Gerais (MG)","MG","Sudeste","de R$ 2.001/mês a R$ 3000/mês","Estatístico","Júnior","Modelo híbrido flexível (o funcionário tem liberdade para escolher quando estar no escritório presencialmente)","0","0","0","0","0","1","1","0","0","0","0","0","0","0","0","0","0","0","0","0","1","0","0","0","0","0","1","0"
"q2n1nd3npj20ow2ahf1q2n1k7mnaraa4","42","40-44","Feminino","São Paulo (SP)","SP","Sudeste","de R$ 8.001/mês a R$ 12.000/mês","Analista de BI/BI Analyst/Analytics Engineer","Sênior","Modelo 100% remoto","0","0","0","0","0","1","0","1","0","1","0","0","0","0","0","0","0","0","0","0","1","0","0","0","0","1","0","0"
"yhc9ccwxn26ohqdn3vyhc9cc96hq5a3c","27","25-29","Masculino","Rio Grande do Sul (RS)","RS","Sul","de R$ 8.001/mês a R$ 12.000/mês","Cientista de Dados/Data Scientist","Pleno","Modelo híbrido flexível (o funcionário tem liberdade para escolher quando estar no escritório presencialmente)","1","0","0","0","0","0","0","1","0","1","0","0","0","0","0","0","0","0","0","0","0","0","1","1","0","0","0","0"
"9nm18bv2abrvfzhprqanm79nm18ri442","50","50-54","Masculino","Ceará (CE)","CE","Nordeste","de R$ 3.001/mês a R$ 4.000/mês","Analista de Dados/Data Analyst","Júnior","Modelo 100% remoto","0","0","0","0","0","1","0","1","0","1","0","0","0","0","0","0","0","0","0","0","0","0","0","0","0","0","0","1"
"ygy506f9oql3eik4n6ygy506fvvh5opo","26","25-29","Masculino","São Paulo (SP)","SP","Sudeste","de R$ 4.001/mês a R$ 6.000/mês","Engenheiro de Dados/Data Engineer","Pleno","Modelo 100% remoto","1","1","1","0","0","0","0","1","0","1","0","0","1","0","0","0","1","0","0","0","1","0","1","1","0","0","0","0"
"vxw5x4rbjuomewqvc57ke6vxw5xfrdy9","24","22-24","Feminino","Ceará (CE)","CE","Nordeste","de R$ 4.001/mês a R$ 6.000/mês","Engenheiro de Machine Learning/ML Engineer","Júnior","Modelo 100% remoto","1","0","0","0","0","0","0","1","0","1","0","0","0","0","0","0","0","0","0","0","0","0","0","0","0","0","0","0"
"ygfhercfpejpwmrygfhenstkhutnrcr8","30","30-34","Masculino","Minas Gerais (MG)","MG","Sudeste","de R$ 2.001/mês a R$ 3000/mês","Analista de Negócios/Business Analyst","Pleno","Modelo 100% presencial","0","0","0","0","0","1","0","1","1","1","0","0","0","0","0","1","0","1","0","0","1","0","0","0","0","0","0","0"
"yg0ixm0oh5f42memmovrnjyg0ixm0ob3","31","30-34","Masculino","Fora do Brasil","Exterior","Exterior","de R$ 30.001/mês a R$ 40.000/mês","Outro","Sênior","Modelo híbrido flexível (o funcionário tem liberdade para escolher quando estar no escritório presencialmente)","1","1","1","0","0","0","0","1","0","1","0","0","0","0","0","0","0","0","0","0","1","1","0","1","0","1","0","0"
"yfjuv84mzayujbbzayfjuv8ukd2k1tdh","29","25-29","Masculino","Piauí (PI)","PI","Nordeste","de R$ 4.001/mês a R$ 6.000/mês","Analista de BI/BI Analyst/Analytics Engineer","Júnior","Modelo 100% remoto","0","0","0","0","0","0","1","1","0","1","0","0","1","0","0","0","0","0","0","1","1","1","0","0","0","1","0","0"
"yfe2v3whx4xd27kdsyfmu6277isebsk2","30","30-34","Masculino","Rio Grande do Sul (RS)","RS","Sul","de R$ 16.001/mês a R$ 20.000/mês","Cientista de Dados/Data Scientist","Sênior","Modelo 100% remoto","1","0","0","0","0","0","0","1","0","1","0","0","0","0","0","0","0","0","0","0","0","0","1","1","1","0","0","0"
"ydp90dx48ybr69ptw74ydp90due4yeyx","23","22-24","Masculino","Paraná (PR)","PR","Sul","de R$ 2.001/mês a R$ 3000/mês","Analista de BI/BI Analyst/Analytics Engineer","Júnior","Modelo 100% remoto","0","1","0","0","0","0","0","0","0","0","0","0","0","0","0","0","0","0","0","0","0","0","0","0","0","1","0","0"
"urvh5xei4j0fx6gbjc1mfurvh5xenlr5","46","45-49","Masculino","Ceará (CE)","CE","Nordeste","de R$ 20.001/mês a R$ 25.000/mês","","","Modelo 100% presencial","","","","","","","","","","","","","","","","","","","","","","","","","","","",""
"ub13e3riojo8pm4x0lg2xub13e3abbcg","38","35-39","Masculino","Ceará (CE)","CE","Nordeste","de R$ 25.001/mês a R$ 30.000/mês","Engenheiro de Machine Learning/ML Engineer","Pleno","Modelo 100% remoto","1","0","0","0","0","0","1","1","0","1","1","0","0","0","0","0","0","0","0","0","1","0","1","0","0","1","0","0"
"yc4cfjvpip4yc4cf0017741f2ll9tvak","29","25-29","Feminino","Minas Gerais (MG)","MG","Sudeste","de R$ 2.001/mês a R$ 3000/mês","Outras Engenharias (não inclui dev)","Júnior","Modelo híbrido com dias fixos de trabalho presencial","0","1","0","0","0","0","0","0","0","1","0","0","0","0","0","0","0","0","0","0","0","0","0","0","0","0","0","1"
"yc2s413uuscxjrkqepyc2s4ahjs8vwbj","46","45-49","Masculino","São Paulo (SP)","SP","Sudeste","de R$ 30.001/mês a R$ 40.000/mês","Engenheiro de Dados/Data Engineer","Sênior","Modelo 100% remoto","1","0","0","0","0","0","0","1","1","1","0","0","0","0","0","0","0","0","0","0","0","0","0","0","0","0","0","0"
"ybv8hhjm1btvnzuvexlt95ybv8hhg4wd","27","25-29","Masculino","São Paulo (SP)","SP","Sudeste","de R$ 3.001/mês a R$ 4.000/mês","Analista de Dados/Data Analyst","Júnior","Modelo 100% presencial","0","0","0","0","0","1","0","1","0","0","0","0","0","0","0","1","0","0","0","0","0","0","1","0","0","0","0","0"
"ybmvwzs9m9iiyrybmvm1ckstcn5lrlpf","34","30-34","Feminino","São Paulo (SP)","SP","Sudeste","de R$ 4.001/mês a R$ 6.000/mês","Analista de Dados/Data Analyst","Júnior","Modelo 100% remoto","0","0","0","0","0","0","0","1","0","1","0","0","0","0","0","0","0","0","0","0","0","0","0","0","0","0","0","0"
"u9qbvs3fmwqcnnu9qbvm2jm09imwtqy8","26","25-29","Masculino","Ceará (CE)","CE","Nordeste","de R$ 1.001/mês a R$ 2.000/mês","Outro","Júnior","Modelo 100% presencial","0","0","0","0","0","1","0","0","0","0","0","0","0","0","0","0","0","0","0","0","0","0","0","0","0","0","0","0"
"piw0urzy8kmdyuty8m3p8piw0uru2fmi","34","30-34","Masculino","Rio de Janeiro (RJ)","RJ","Sudeste","de R$ 3.001/mês a R$ 4.000/mês","Outro","Júnior","Modelo híbrido flexível (o funcionário tem liberdade para escolher quando estar no escritório presencialmente)","0","0","1","0","0","1","0","1","0","1","0","0","0","0","0","0","0","0","0","0","1","0","0","0","0","0","0","0"
"opv6vwmfuvejfxs2xopv6v8nsxgn61sz","32","30-34","Masculino","Pernambuco (PE)","PE","Nordeste","de R$ 6.001/mês a R$ 8.000/mês","Analista de BI/BI Analyst/Analytics Engineer","Júnior","Modelo 100% remoto","1","0","0","0","0","0","1","1","0","1","0","0","0","0","0","0","0","0","0","0","1","0","0","0","0","0","0","0"
"mtgxb342yx46m8kphmxmtgxb3x1o6bcs","24","22-24","Masculino","São Paulo (SP)","SP","Sudeste","de R$ 8.001/mês a R$ 12.000/mês","Engenheiro de Dados/Data Engineer","Pleno","Modelo 100% remoto","0","0","1","0","0","0","0","1","0","1","0","0","1","0","0","0","0","0","0","0","1","0","0","0","0","0","0","0"
"ya4ub266gqz1f1d3ya4ubclex6q34pax","28","25-29","Masculino","Pernambuco (PE)","PE","Nordeste","de R$ 3.001/mês a R$ 4.000/mês","Engenheiro de Dados/Data Engineer","Júnior","Modelo 100% remoto","0","0","0","0","0","1","0","1","0","0","0","0","0","0","0","0","0","0","0","0","0","0","0","0","0","0","0","0"
"y6g2yo97mqcggklwxxy6g2ve0n1zsdlq","36","35-39","Masculino","Rio Grande do Sul (RS)","RS","Sul","de R$ 12.001/mês a R$ 16.000/mês","Engenheiro de Dados/Data Engineer","Sênior","Modelo híbrido flexível (o funcionário tem liberdade para escolher quando estar no escritório presencialmente)","1","0","0","0","0","1","0","1","0","0","0","1","0","0","0","0","0","0","0","0","1","0","0","0","0","0","0","0"
"y444v7913jwmv0ov0vy444v7afnck6dv","33","30-34","Feminino","Minas Gerais (MG)","MG","Sudeste","de R$ 6.001/mês a R$ 8.000/mês","Cientista de Dados/Data Scientist","Pleno","Modelo 100% remoto","1","0","0","0","0","0","0","1","0","1","0","0","0","0","0","0","0","0","0","0","0","0","0","1","0","0","0","0"
"kgom1pas17njsw6r1pkgomcb4pre3xb7","44","40-44","Masculino","São Paulo (SP)","SP","Sudeste","de R$ 6.001/mês a R$ 8.000/mês","Analista de Sistemas/Analista de TI","Sênior","Modelo 100% presencial","0","0","1","0","0","0","0","1","0","1","0","0","1","0","0","0","0","0","1","1","1","0","0","0","0","0","0","0"
"u6fqluyo8dh890y58e9xjbu6fqluak0b","45","45-49","Masculino","Ceará (CE)","CE","Nordeste","de R$ 6.001/mês a R$ 8.000/mês","Analista de BI/BI Analyst/Analytics Engineer","Sênior","Modelo 100% presencial","0","0","0","0","0","1","0","1","0","1","0","0","0","0","1","0","0","0","0","0","1","0","0","0","0","0","1","0"
"y2wagwbflgrbd83lusy2wagwbhmkclt4","40","40-44","Masculino","Minas Gerais (MG)","MG","Sudeste","de R$ 6.001/mês a R$ 8.000/mês","Analista de Dados/Data Analyst","Sênior","Modelo híbrido flexível (o funcionário tem liberdade para escolher quando estar no escritório presencialmente)","0","0","0","1","0","0","1","1","0","1","0","0","1","0","0","0","0","0","0","0","1","0","0","0","0","0","0","0"
"y2ilfl2wvn9govsmqwojy2il3zjidgeg","25","25-29","Masculino","São Paulo (SP)","SP","Sudeste","de R$ 8.001/mês a R$ 12.000/mês","Engenheiro de Dados/Data Engineer","Sênior","Modelo 100% remoto","1","0","0","0","0","0","0","1","0","1","0","1","1","0","0","0","0","0","0","1","1","0","0","0","0","0","0","0"
"y1q9esduiluq2bu2y1q9ak30w6covm71","31","30-34","Feminino","São Paulo (SP)","SP","Sudeste","de R$ 4.001/mês a R$ 6.000/mês","Analista de BI/BI Analyst/Analytics Engineer","Júnior","Modelo híbrido flexível (o funcionário tem liberdade para escolher quando estar no escritório presencialmente)","0","1","0","0","0","0","0","1","0","1","0","0","1","0","0","0","0","0","0","1","0","0","0","0","0","1","0","0"
"y18u4eqevud5k2aka451y18u4eqssqir","35","35-39","Feminino","Distrito Federal (DF)","DF","Centro-oeste","de R$ 8.001/mês a R$ 12.000/mês","Cientista de Dados/Data Scientist","Júnior","Modelo 100% remoto","0","0","0","0","0","1","0","1","0","1","0","0","0","0","0","0","0","0","0","0","1","0","0","1","0","0","0","0"
"y0mka7axq8u6t8etnl0qy0mkaqlhmvfp","30","30-34","Masculino","Santa Catarina (SC)","SC","Sul","de R$ 6.001/mês a R$ 8.000/mês","Analista de Dados/Data Analyst","Pleno","Modelo 100% remoto","1","0","0","0","0","0","0","1","1","1","0","0","0","0","0","0","0","0","0","0","0","0","1","0","0","1","0","0"
"y0lhq9jtrx7qezrh5y0lhq9jlwoyqfpx","48","45-49","Feminino","São Paulo (SP)","SP","Sudeste","de R$ 4.001/mês a R$ 6.000/mês","Professor","Pleno","Modelo 100% remoto","0","0","0","0","0","1","0","0","1","0","0","0","0","0","0","0","0","1","0","0","0","0","0","0","0","0","0","1"
"y0juiatgg5xaymla37gpgxfnbfkr0axm","36","35-39","Masculino","Paraná (PR)","PR","Sul","de R$ 3.001/mês a R$ 4.000/mês","Analista de Dados/Data Analyst","Pleno","Modelo 100% remoto","1","0","1","0","0","0","0","1","0","1","0","0","0","0","0","0","0","0","0","0","0","0","0","0","0","0","0","0"
"xzr0y9f0hfkxm4akyxzr0maumnubum3y","42","40-44","Masculino","São Paulo (SP)","SP","Sudeste","de R$ 6.001/mês a R$ 8.000/mês","Cientista de Dados/Data Scientist","Pleno","Modelo híbrido flexível (o funcionário tem liberdade para escolher quando estar no escritório presencialmente)","0","0","1","0","0","0","0","1","1","1","0","0","0","0","0","0","0","0","0","0","1","0","0","0","0","0","0","0"
"im9b8z7nfqya8phz2im9b85891wuwi2f","39","35-39","Feminino","Rio de Janeiro (RJ)","RJ","Sudeste","de R$ 8.001/mês a R$ 12.000/mês","Outro","Pleno","Modelo híbrido com dias fixos de trabalho presencial","0","0","0","0","0","0","0","0","1","0","0","0","0","0","0","0","0","0","0","0","1","0","0","0","0","0","0","0"
"xzbrl0yr303uy9e8qxzbrdn5j7vzx2p1","41","40-44","Masculino","Distrito Federal (DF)","DF","Centro-oeste","de R$ 30.001/mês a R$ 40.000/mês","Cientista de Dados/Data Scientist","Sênior","Modelo 100% remoto","0","0","0","0","0","1","0","1","0","1","0","0","1","0","0","0","0","0","0","0","1","0","0","0","0","0","0","0"
"xz4w8bvvxb7tgfry2lixz4w892dyxuqq","27","25-29","Masculino","São Paulo (SP)","SP","Sudeste","de R$ 1.001/mês a R$ 2.000/mês","Outro","Júnior","Modelo 100% presencial","0","0","0","0","0","1","0","0","0","0","0","0","0","0","0","0","0","0","0","0","0","0","0","0","0","0","1","0"
"xyusstfqrxlui1xyusk0xi0cg3yk3z1d","28","25-29","Feminino","São Paulo (SP)","SP","Sudeste","de R$ 6.001/mês a R$ 8.000/mês","Cientista de Dados/Data Scientist","Pleno","Modelo 100% remoto","1","0","1","0","0","0","0","0","1","1","0","0","0","0","0","0","0","0","0","0","0","0","0","0","0","0","0","1"
"xyofbc6f098p1fdxyo3iro806drfuih6","39","35-39","Masculino","São Paulo (SP)","SP","Sudeste","de R$ 16.001/mês a R$ 20.000/mês","Desenvolvedor ou Engenheiro de Software","Sênior","Modelo 100% remoto","1","0","0","0","0","0","0","1","0","1","0","0","1","0","0","0","0","0","0","0","0","0","1","0","0","0","0","0"
"xymzgmedb99n3qg35daxymzw8r7iy1xr","28","25-29","Masculino","São Paulo (SP)","SP","Sudeste","de R$ 20.001/mês a R$ 25.000/mês","Analista de Dados/Data Analyst","Sênior","Modelo 100% remoto","1","0","0","0","0","0","1","1","0","1","0","0","0","0","0","0","0","0","0","0","0","0","1","0","0","1","0","0"
"xxownu2xlpmci0zxxowcpx7lf49nggut","35","35-39","Masculino","Rio de Janeiro (RJ)","RJ","Sudeste","de R$ 4.001/mês a R$ 6.000/mês","Cientista de Dados/Data Scientist","Júnior","Modelo 100% remoto","0","0","1","0","0","0","0","0","0","1","0","0","0","0","0","0","0","0","0","0","1","0","0","0","0","0","0","0"
"tzbatztbzehznckdrattzbatzt58ok0k","36","35-39","Masculino","Ceará (CE)","CE","Nordeste","de R$ 3.001/mês a R$ 4.000/mês","Analista de Dados/Data Analyst","Pleno","Modelo 100% presencial","1","0","0","0","0","0","0","0","0","1","0","0","0","0","0","0","0","0","0","0","1","0","0","0","0","0","0","0"
"i04tn3aergdui6rl75ki04tnqrwpvkck","24","22-24","Masculino","Santa Catarina (SC)","SC","Sul","de R$ 6.001/mês a R$ 8.000/mês","Engenheiro de Dados/Data Engineer","Pleno","Modelo 100% remoto","1","1","0","0","0","0","0","1","0","1","0","0","0","0","0","0","0","0","0","0","0","0","0","0","0","0","0","1"
"gybhklvmco4bhufgybhkddzfwl1yq6lf","44","40-44","Masculino","","","Norte","de R$ 8.001/mês a R$ 12.000/mês","Desenvolvedor ou Engenheiro de Software","Sênior","Modelo 100% remoto","0","0","0","0","0","1","0","1","0","0","0","0","1","0","0","0","0","0","0","1","0","0","0","0","0","0","0","1"
"gulzcmv9xrolgsdig0lebho4gulzct8t","32","30-34","Masculino","Rio Grande do Sul (RS)","RS","Sul","de R$ 4.001/mês a R$ 6.000/mês","Engenheiro de Dados/Data Engineer","Pleno","Modelo 100% remoto","1","0","0","0","0","0","0","1","0","1","0","0","1","0","0","0","0","0","0","0","1","0","0","0","0","0","0","0"
"sunu72zniukdj65r7sunu7ei2t9hwcoi","24","22-24","Masculino","Ceará (CE)","CE","Nordeste","de R$ 2.001/mês a R$ 3000/mês","Cientista de Dados/Data Scientist","Júnior","Modelo híbrido flexível (o funcionário tem liberdade para escolher quando estar no escritório presencialmente)","0","0","0","0","0","1","0","1","1","1","0","0","0","0","0","0","0","0","0","0","1","0","0","0","0","0","0","0"
"avg7u33ix2fqegksravg7u3e9xux6fkt","26","25-29","Masculino","Minas Gerais (MG)","MG","Sudeste","de R$ 2.001/mês a R$ 3000/mês","Analista de BI/BI Analyst/Analytics Engineer","Júnior","Modelo 100% presencial","1","0","1","1","0","0","0","0","0","0","0","0","0","0","0","0","0","0","0","0","1","0","0","0","0","0","0","0"
"xumrdoahwo5qcavzjpksrqzxumrdoahp","30","30-34","Masculino","Minas Gerais (MG)","MG","Sudeste","de R$ 6.001/mês a R$ 8.000/mês","Cientista de Dados/Data Scientist","Júnior","Modelo 100% remoto","0","0","1","0","0","0","0","1","0","1","0","0","0","0","0","0","0","0","0","0","1","0","0","0","0","0","0","0"
"xuk63pkqxbk7cgw687txuk63xqvb0hmm","35","35-39","Masculino","Santa Catarina (SC)","SC","Sul","de R$ 8.001/mês a R$ 12.000/mês","Engenheiro de Dados/Data Engineer","Sênior","Modelo 100% remoto","0","0","1","0","0","0","0","1","0","1","0","0","0","0","0","0","0","0","0","0","1","0","0","0","0","0","0","0"
"xtjrgb07zhpqtxryqsf5xtjrg7r94kgn","23","22-24","Masculino","Rio de Janeiro (RJ)","RJ","Sudeste","de R$ 3.001/mês a R$ 4.000/mês","Analista de Dados/Data Analyst","Júnior","Modelo 100% remoto","0","0","1","0","0","0","0","0","1","0","0","0","0","0","0","0","0","0","0","0","0","0","0","0","0","0","0","1"
"xs94t74xfmscvxs94vtye1bviyjkud65","33","30-34","Masculino","São Paulo (SP)","SP","Sudeste","de R$ 8.001/mês a R$ 12.000/mês","Engenheiro de Dados/Data Engineer","Pleno","Modelo 100% remoto","1","0","0","0","1","1","0","1","0","1","0","0","0","0","0","0","0","0","0","0","1","0","0","0","0","0","0","0"
"xr6t1q2gvw5fz5gxr6tbz3vyeca388z4","20","17-21","Feminino","São Paulo (SP)","SP","Sudeste","de R$ 1.001/mês a R$ 2.000/mês","Analista de BI/BI Analyst/Analytics Engineer","Júnior","Modelo 100% presencial","0","0","0","0","0","1","0","1","0","0","0","0","0","0","0","0","0","0","0","0","1","0","0","0","0","0","0","0"
"xr6lx63z2ppi7x6exr6lxlaiunkgugmm","27","25-29","Masculino","São Paulo (SP)","SP","Sudeste","de R$ 6.001/mês a R$ 8.000/mês","Analista de Dados/Data Analyst","Pleno","Modelo híbrido flexível (o funcionário tem liberdade para escolher quando estar no escritório presencialmente)","1","0","0","0","0","1","0","1","0","0","0","0","0","0","0","0","0","0","0","0","1","0","0","0","0","0","1","0"
"xqz2n36xgmy9xxqz29wdw21e5r7ksgg2","27","25-29","Masculino","Pernambuco (PE)","PE","Nordeste","de R$ 4.001/mês a R$ 6.000/mês","Analista de Negócios/Business Analyst","Pleno","Modelo 100% remoto","0","0","1","0","0","0","0","1","0","0","0","0","0","0","0","1","0","0","0","0","1","0","0","0","0","0","1","0"
"8olzdr9uvcl0vfz38yeae8olzdr9kvr8","23","22-24","Masculino","Santa Catarina (SC)","SC","Sul","de R$ 1.001/mês a R$ 2.000/mês","Analista de BI/BI Analyst/Analytics Engineer","Júnior","Modelo 100% presencial","0","0","0","1","0","0","0","1","0","0","0","0","0","0","0","0","0","0","0","0","1","0","0","0","0","0","0","0"
"xq0ryzy0fyg6uuqovxq0ryzysfk6anbc","29","25-29","Masculino","Rio Grande do Sul (RS)","RS","Sul","de R$ 4.001/mês a R$ 6.000/mês","Analista de BI/BI Analyst/Analytics Engineer","Pleno","Modelo 100% presencial","0","0","0","0","0","1","0","1","0","0","0","0","0","0","0","0","0","0","0","0","0","0","0","0","0","0","0","0"
"xp67u9zslolcby1cmhe8xp67u9o3bd25","30","30-34","Masculino","Mato Grosso (MT)","MT","Centro-oeste","de R$ 12.001/mês a R$ 16.000/mês","Estatístico","Sênior","Modelo híbrido com dias fixos de trabalho presencial","","","","","","","","1","1","0","0","0","0","0","0","0","0","0","0","0","0","1","0","0","0","0","0","0"
"xmxt0n1ez8auqpttv4xmxt0ns5cu3io7","25","25-29","Masculino","Santa Catarina (SC)","SC","Sul","de R$ 6.001/mês a R$ 8.000/mês","Engenheiro de Dados/Data Engineer","Pleno","Modelo híbrido flexível (o funcionário tem liberdade para escolher quando estar no escritório presencialmente)","1","1","0","0","0","0","0","1","0","1","0","0","0","0","0","0","0","0","0","0","0","0","0","1","0","0","0","0"
"5na2sxnxbs71ned7py75naehk6g4560w","34","30-34","Masculino","Paraná (PR)","PR","Sul","de R$ 3.001/mês a R$ 4.000/mês","Analista de Dados/Data Analyst","Júnior","Modelo 100% remoto","1","0","0","0","0","0","0","1","1","1","0","0","0","0","0","0","0","1","0","0","1","0","1","0","0","0","0","0"
"xmhmbz7tb9jyr2dr4tu7zjjkxmhmbzoi","22","22-24","Masculino","Minas Gerais (MG)","MG","Sudeste","de R$ 2.001/mês a R$ 3000/mês","Cientista de Dados/Data Scientist","Júnior","Modelo 100% remoto","1","1","0","0","0","0","0","1","0","1","0","0","0","0","0","0","0","0","0","0","1","0","0","0","0","0","0","0"
"xl0em71rl3rxjuxuxl0emylfa78sq71e","23","22-24","Masculino","São Paulo (SP)","SP","Sudeste","de R$ 4.001/mês a R$ 6.000/mês","Cientista de Dados/Data Scientist","Júnior","Modelo 100% remoto","1","0","0","0","0","0","0","1","1","1","0","0","0","0","0","0","0","0","0","0","1","0","0","0","0","0","0","0"
"rihnvu8kx0di32asrihnvu8ldc0rtz7c","43","40-44","Masculino","Ceará (CE)","CE","Nordeste","de R$ 4.001/mês a R$ 6.000/mês","Desenvolvedor ou Engenheiro de Software","Pleno","Modelo 100% presencial","1","0","0","0","0","0","0","1","0","1","0","0","1","0","0","0","0","0","0","1","1","0","0","0","0","0","0","0"
"a4pe78bhge5v4dlea4pe78e2npvnpvpz","50","50-54","Masculino","Rio de Janeiro (RJ)","RJ","Sudeste","de R$ 8.001/mês a R$ 12.000/mês","Analista de Dados/Data Analyst","Sênior","Modelo 100% remoto","0","0","0","0","0","0","0","1","0","0","0","0","0","0","0","0","0","0","0","0","0","0","0","0","0","0","0","0"
"xk5oguuohrctxrugr7s2ubxk5oguuh6g","26","25-29","Masculino","Santa Catarina (SC)","SC","Sul","de R$ 8.001/mês a R$ 12.000/mês","Engenheiro de Dados/Data Engineer","Pleno","Modelo híbrido flexível (o funcionário tem liberdade para escolher quando estar no escritório presencialmente)","0","0","0","0","0","1","0","1","0","1","0","0","0","0","0","0","0","0","0","0","1","0","0","0","0","0","0","0"
"28ddsyiv169kd052jl728ddsyikpv38z","36","35-39","Masculino","Goiás (GO)","GO","Centro-oeste","de R$ 4.001/mês a R$ 6.000/mês","Outras Engenharias (não inclui dev)","Sênior","Modelo 100% presencial","0","1","0","0","0","0","0","0","0","0","0","0","0","0","0","0","0","0","0","0","0","0","0","0","0","0","0","0"
"xilh8rbqw68ry2lqjvgsxilh8r3vf2v4","48","45-49","Masculino","Rio de Janeiro (RJ)","RJ","Sudeste","de R$ 3.001/mês a R$ 4.000/mês","Analista de Negócios/Business Analyst","Pleno","Modelo 100% presencial","0","0","0","0","0","0","1","1","0","0","0","0","0","0","0","1","0","0","0","0","0","0","0","0","0","0","1","0"
"xhusmcwts8vfvcuxh37osyg95tj189hj","48","45-49","Masculino","Rio de Janeiro (RJ)","RJ","Sudeste","de R$ 16.001/mês a R$ 20.000/mês","Estatístico","Sênior","Modelo 100% presencial","0","0","0","0","0","1","0","1","1","0","0","0","0","0","0","1","0","0","0","0","0","1","0","0","0","0","0","0"
"xhmc8wlc0nwbaobxhmjxvwacdhm42jcd","21","17-21","Masculino","São Paulo (SP)","SP","Sudeste","de R$ 1.001/mês a R$ 2.000/mês","Analista de BI/BI Analyst/Analytics Engineer","Júnior","Modelo 100% remoto","0","0","0","1","1","0","0","1","0","0","0","0","0","0","0","1","0","0","0","0","1","0","0","0","0","0","0","0"
"1w6by66b5zrh1deghq1w6by99g7hp8t2","26","25-29","Masculino","São Paulo (SP)","SP","Sudeste","de R$ 8.001/mês a R$ 12.000/mês","Cientista de Dados/Data Scientist","Pleno","Modelo híbrido com dias fixos de trabalho presencial","1","0","0","0","0","0","0","1","0","1","0","0","0","0","0","0","0","0","0","0","0","0","0","1","0","0","0","0"
"0t5z7nsoj2h5t8huw0t5z7t9gu8l331e","21","17-21","Masculino","Rio Grande do Sul (RS)","RS","Sul","de R$ 1.001/mês a R$ 2.000/mês","Desenvolvedor ou Engenheiro de Software","Júnior","Modelo 100% remoto","1","0","0","0","0","0","0","1","0","0","0","0","1","0","0","0","0","0","0","1","0","0","0","0","0","0","1","0"
"xguvy85zxzmr5truqstq6xguvy85g70n","26","25-29","Masculino","Paraná (PR)","PR","Sul","de R$ 20.001/mês a R$ 25.000/mês","Engenheiro de Dados/Data Engineer","Sênior","Modelo 100% remoto","1","0","0","0","0","0","0","1","0","1","0","0","0","0","0","0","0","0","0","0","0","0","1","1","0","0","0","0"
"xgowpnpddfbyuw3mxgowpn762vash3y6","36","35-39","Masculino","Minas Gerais (MG)","MG","Sudeste","de R$ 8.001/mês a R$ 12.000/mês","Outras Engenharias (não inclui dev)","Sênior","Modelo 100% remoto","0","0","0","0","0","0","1","1","0","0","0","1","1","0","0","1","0","0","1","1","0","0","0","0","0","0","0","1"
"xghk0nvw55jfbqxgl0hrt28x5982hygi","29","25-29","Masculino","Minas Gerais (MG)","MG","Sudeste","de R$ 4.001/mês a R$ 6.000/mês","Analista de Dados/Data Analyst","Pleno","Modelo 100% remoto","0","0","1","0","0","0","0","1","1","1","0","0","0","0","0","0","0","0","0","0","1","0","0","0","0","1","0","0"
"qjn80jzbszv0bshusqjn80jz821nd4rs","24","22-24","Masculino","Ceará (CE)","CE","Nordeste","de R$ 3.001/mês a R$ 4.000/mês","Engenheiro de Dados/Data Engineer","Júnior","Modelo 100% remoto","0","0","1","0","0","0","0","1","1","1","0","0","0","0","0","0","0","0","0","0","0","0","0","0","0","0","0","0"
"xdt4naxh4y2txdt90sl7ctnr61my9y4p","31","30-34","Masculino","Rio de Janeiro (RJ)","RJ","Sudeste","de R$ 4.001/mês a R$ 6.000/mês","Analista de Dados/Data Analyst","Pleno","Modelo 100% remoto","0","0","0","0","0","1","0","1","0","1","0","0","0","0","1","0","0","0","0","0","1","0","0","0","0","1","1","0"
"08ifni78wxd8b7na3z41c08im741fek3","44","40-44","Masculino","Fora do Brasil","Exterior","Exterior","de R$ 4.001/mês a R$ 6.000/mês","Analista de Dados/Data Analyst","Pleno","Modelo 100% remoto","0","0","1","0","0","1","0","1","0","0","0","0","0","0","0","0","0","0","0","0","1","0","0","0","0","0","0","0"
"x9pp4zzd75sghldykbwee7x9pp4z38g0","26","25-29","Masculino","São Paulo (SP)","SP","Sudeste","de R$ 8.001/mês a R$ 12.000/mês","Engenheiro de Dados/Data Engineer","Júnior","Modelo 100% remoto","1","1","1","0","0","0","0","1","0","1","0","0","0","0","0","0","0","0","0","0","1","0","0","0","0","0","0","0"
"x7sfhds9umylugzd1tx7sfhdc8l9kjn4","22","22-24","Masculino","São Paulo (SP)","SP","Sudeste","de R$ 4.001/mês a R$ 6.000/mês","Engenheiro de Dados/Data Engineer","Júnior","Modelo 100% remoto","1","1","0","0","0","0","0","1","0","1","0","0","0","0","0","0","0","0","0","0","0","0","0","1","0","0","0","0"
"x7lqrtmpj2uvllpciyx7lqrtk564oovw","24","22-24","Masculino","Minas Gerais (MG)","MG","Sudeste","de R$ 3.001/mês a R$ 4.000/mês","Desenvolvedor ou Engenheiro de Software","Pleno","Modelo 100% remoto","0","0","0","0","0","0","0","1","0","1","0","0","1","0","0","0","0","0","1","0","0","0","0","0","0","0","0","0"
"jjzf3dtcl2og4jjzf3mruxvwv88cnjlc","26","25-29","Masculino","Espírito Santo (ES)","ES","Sudeste","de R$ 4.001/mês a R$ 6.000/mês","Engenheiro de Dados/Data Engineer","Pleno","Modelo 100% remoto","1","0","0","0","0","0","0","1","0","1","0","0","0","0","0","0","0","0","0","0","0","0","1","1","0","0","0","0"
"x6k3d7us7vaqmoef9t9sjex6k3d7ud56","28","25-29","Masculino","Santa Catarina (SC)","SC","Sul","de R$ 20.001/mês a R$ 25.000/mês","Engenheiro de Machine Learning/ML Engineer","Pleno","Modelo 100% remoto","1","0","0","0","0","0","0","1","0","1","0","0","1","0","0","0","0","0","0","1","0","0","0","0","0","0","0","1"
"x3th684yofaq1ybvx3th6m1v7d1y7se6","28","25-29","Masculino","São Paulo (SP)","SP","Sudeste","de R$ 2.001/mês a R$ 3000/mês","Outro","Pleno","Modelo 100% remoto","0","0","0","0","0","1","0","0","0","0","0","0","0","0","0","0","0","0","0","0","0","0","0","0","0","0","1","0"
"x33m0whqlpqwtax33mcsn2ncwgpv8yvp","30","30-34","Masculino","Paraná (PR)","PR","Sul","de R$ 6.001/mês a R$ 8.000/mês","Analista de Dados/Data Analyst","Pleno","Modelo 100% remoto","1","0","0","0","0","0","0","1","0","1","0","0","0","0","0","0","0","0","0","0","1","0","0","1","0","0","0","0"
"x25ik47m9xv64hadpxx25ik4rt34ctt0","27","25-29","Masculino","Minas Gerais (MG)","MG","Sudeste","de R$ 4.001/mês a R$ 6.000/mês","Analista de BI/BI Analyst/Analytics Engineer","Sênior","Modelo 100% remoto","1","1","0","0","0","0","0","1","0","1","0","0","1","0","0","0","0","0","0","1","1","0","0","0","0","1","0","0"
"wzbkk0d5ndbadq44wzbkk0t7wwynu8yw","38","35-39","Masculino","São Paulo (SP)","SP","Sudeste","Acima de R$ 40.001/mês","Engenheiro de Dados/Data Engineer","Sênior","Modelo 100% remoto","0","0","0","0","0","0","1","1","0","1","0","0","1","0","0","0","0","0","1","1","0","0","0","0","1","0","0","0"
"wzavujuxazoeq6khcjuwzavc5nc67eka","24","22-24","Feminino","Rio de Janeiro (RJ)","RJ","Sudeste","de R$ 4.001/mês a R$ 6.000/mês","Analista de Inteligência de Mercado/Market Intelligence","Pleno","Modelo híbrido flexível (o funcionário tem liberdade para escolher quando estar no escritório presencialmente)","0","0","0","0","0","1","0","0","0","1","0","0","1","0","0","0","0","0","0","1","1","0","0","0","0","1","0","0"
"wyy0plksrxgrypj6xwyy0plwdtzxwro6","40","40-44","Masculino","São Paulo (SP)","SP","Sudeste","de R$ 4.001/mês a R$ 6.000/mês","Outro","Pleno","Modelo 100% remoto","0","0","0","0","0","1","0","0","0","0","0","0","0","0","0","0","0","0","0","0","1","0","0","0","0","0","0","0"
"tu92qvdognpkuifhe2tu92qhlt73mji7","25","25-29","Masculino","São Paulo (SP)","SP","Sudeste","de R$ 1.001/mês a R$ 2.000/mês","Engenheiro de Dados/Data Engineer","Júnior","Modelo 100% remoto","0","0","1","0","0","0","0","1","0","0","0","0","0","0","0","0","0","0","0","0","1","0","0","0","0","0","0","1"
"wytakrdxl204kauz4wytax2wzcsh8t9k","21","17-21","Masculino","Pernambuco (PE)","PE","Nordeste","de R$ 3.001/mês a R$ 4.000/mês","Analista de Dados/Data Analyst","Júnior","Modelo 100% remoto","0","1","0","0","0","0","0","1","0","1","0","0","0","0","0","0","0","0","0","0","0","0","0","0","0","0","0","1"
"wyoejnjzg2valgkiwyoe6kbgx33o0ogn","44","40-44","Masculino","Paraíba (PB)","PB","Nordeste","de R$ 4.001/mês a R$ 6.000/mês","Analista de BI/BI Analyst/Analytics Engineer","Sênior","Modelo 100% presencial","0","0","1","0","0","0","0","1","0","0","0","0","0","0","0","0","0","0","0","0","1","0","0","0","0","0","0","0"
"pss4g3h0nca8yi7ch5oipss4g3h0a0sa","24","22-24","Masculino","Minas Gerais (MG)","MG","Sudeste","de R$ 3.001/mês a R$ 4.000/mês","Analista de BI/BI Analyst/Analytics Engineer","Júnior","Modelo 100% remoto","0","0","0","1","0","0","0","1","0","1","0","0","1","0","0","0","0","0","0","1","1","0","0","0","0","0","0","0"
"wvqb77hcievwulw60lphlluywvqb77hc","43","40-44","Masculino","Rio de Janeiro (RJ)","RJ","Sudeste","de R$ 6.001/mês a R$ 8.000/mês","Outro","Pleno","Modelo híbrido com dias fixos de trabalho presencial","0","0","1","0","0","0","0","0","0","1","0","0","0","0","0","1","0","0","0","0","1","0","0","0","0","0","0","0"
"wvfs0fsug1ffciyny579pkiwvfs0fsug","25","25-29","Masculino","Rio de Janeiro (RJ)","RJ","Sudeste","de R$ 8.001/mês a R$ 12.000/mês","Cientista de Dados/Data Scientist","Pleno","Modelo 100% remoto","1","0","0","0","0","0","0","1","0","1","0","0","0","0","0","0","0","0","0","0","0","0","0","0","0","0","0","0"
"mat5msnm6x6izupl156xnmat5msnq921","22","22-24","Masculino","São Paulo (SP)","SP","Sudeste","de R$ 6.001/mês a R$ 8.000/mês","Analista de Dados/Data Analyst","Pleno","Modelo híbrido com dias fixos de trabalho presencial","0","0","0","0","0","0","1","1","0","1","0","0","0","0","0","0","0","0","0","0","1","0","0","1","0","1","0","0"
"sm27cx40fqmn77i82sm27ciw4mv2gs8b","34","30-34","Feminino","Bahia (BA)","BA","Nordeste","de R$ 8.001/mês a R$ 12.000/mês","Cientista de Dados/Data Scientist","Sênior","Modelo 100% remoto","0","1","0","0","0","0","0","1","1","1","0","0","0","0","1","0","0","0","0","0","1","0","0","0","0","0","0","0"
"wtn5ld5my21n58a4cwtn5ul2w5xtkknq","41","40-44","Masculino","Minas Gerais (MG)","MG","Sudeste","de R$ 16.001/mês a R$ 20.000/mês","Arquiteto de Dados","Sênior","Modelo híbrido flexível (o funcionário tem liberdade para escolher quando estar no escritório presencialmente)","1","1","1","1","0","0","0","1","1","1","1","0","1","0","0","0","0","0","0","1","1","1","1","0","0","1","0","0"
"wtmeihvn0h7jhqxofworwtmwnh32cp94","28","25-29","Masculino","São Paulo (SP)","SP","Sudeste","de R$ 4.001/mês a R$ 6.000/mês","Analista de Dados/Data Analyst","Júnior","Modelo 100% remoto","1","1","0","0","0","0","0","1","0","1","0","0","0","0","0","0","0","1","0","0","1","1","0","0","0","1","0","0"
"wr6m22os3uflewimpjwusttwr6m22osi","34","30-34","Masculino","Fora do Brasil","Exterior","Exterior","de R$ 8.001/mês a R$ 12.000/mês","Analista de Dados/Data Analyst","Júnior","Modelo híbrido flexível (o funcionário tem liberdade para escolher quando estar no escritório presencialmente)","0","0","1","0","0","0","0","1","0","1","0","0","0","0","0","0","0","0","0","0","1","0","0","0","0","0","0","0"
"ixolmawfhnztwbaozeix4dixolmawqwv","36","35-39","Masculino","Bahia (BA)","BA","Nordeste","de R$ 3.001/mês a R$ 4.000/mês","Técnico","Sênior","Modelo 100% presencial","1","0","0","0","0","0","0","0","0","1","0","0","0","0","0","0","0","0","0","0","1","0","0","0","0","0","0","0"
"wp0i224rsrjxwua17wp0i2kcar25aetn","31","30-34","Masculino","São Paulo (SP)","SP","Sudeste","de R$ 12.001/mês a R$ 16.000/mês","Cientista de Dados/Data Scientist","Sênior","Modelo 100% remoto","1","0","0","0","0","0","0","1","1","1","0","0","0","0","0","0","0","0","0","0","0","0","1","0","0","0","0","0"
"wo9g9zt2daqecsvwo9g9ztfvhe8vxnd4","29","25-29","Masculino","São Paulo (SP)","SP","Sudeste","de R$ 8.001/mês a R$ 12.000/mês","Analista de BI/BI Analyst/Analytics Engineer","Sênior","Modelo 100% remoto","1","0","1","0","0","0","0","1","0","1","0","0","0","0","0","0","0","0","0","0","1","0","0","0","0","1","0","0"
"wo351fytv1h7c5vuwo3513u0p1lvyjib","33","30-34","Masculino","Santa Catarina (SC)","SC","Sul","de R$ 6.001/mês a R$ 8.000/mês","Engenheiro de Machine Learning/ML Engineer","Pleno","Modelo 100% remoto","0","1","0","0","0","0","0","1","0","1","0","0","0","0","0","0","0","0","0","0","0","0","0","0","0","0","0","0"
"oruzhlqszok0jp4nvyoruzhlwfgk8453","22","22-24","Masculino","Ceará (CE)","CE","Nordeste","de R$ 1.001/mês a R$ 2.000/mês","Engenheiro de Dados/Data Engineer","Júnior","Modelo 100% remoto","0","0","0","0","0","1","0","1","0","0","0","0","0","0","0","0","0","0","0","0","0","0","0","0","0","0","0","1"
"b7q3468kkivqn0ea8b7q3468cct880hl","25","25-29","Masculino","Rio Grande do Sul (RS)","RS","Sul","de R$ 16.001/mês a R$ 20.000/mês","Engenheiro de Dados/Data Engineer","Sênior","Modelo 100% remoto","0","0","1","0","0","0","0","1","0","1","0","0","0","0","0","0","0","0","0","0","1","0","0","0","0","0","0","0"
"wnb6p9s5wi7kp21wnb6q6yh76enqzvlt","22","22-24","Masculino","Minas Gerais (MG)","MG","Sudeste","de R$ 1.001/mês a R$ 2.000/mês","Cientista de Dados/Data Scientist","Júnior","Modelo híbrido flexível (o funcionário tem liberdade para escolher quando estar no escritório presencialmente)","1","0","1","0","0","0","0","1","0","1","0","0","0","0","0","0","0","0","0","0","0","0","0","1","0","0","0","0"
"wkf3yi8yk4jz2wkf3y7tl7va5e9l2vah","37","35-39","Feminino","São Paulo (SP)","SP","Sudeste","de R$ 4.001/mês a R$ 6.000/mês","Engenheiro de Dados/Data Engineer","Júnior","Modelo 100% remoto","1","1","0","0","0","0","0","1","0","1","0","0","0","0","0","0","0","0","0","0","0","0","0","0","0","0","1","1"
"wjqpb0tt1tki90xqra1m6wjqpb1bew39","31","30-34","Masculino","São Paulo (SP)","SP","Sudeste","de R$ 6.001/mês a R$ 8.000/mês","Analista de Dados/Data Analyst","Sênior","Modelo híbrido flexível (o funcionário tem liberdade para escolher quando estar no escritório presencialmente)","0","0","0","0","0","1","0","1","1","0","0","0","0","0","0","0","0","0","0","0","1","0","0","0","0","0","0","0"
"at3ah4ymbagrokh4hu5jsj3at3ah4ymb","46","45-49","Masculino","São Paulo (SP)","SP","Sudeste","de R$ 12.001/mês a R$ 16.000/mês","Engenheiro de Dados/Data Engineer","Sênior","Modelo híbrido com dias fixos de trabalho presencial","0","0","1","0","0","0","0","0","0","1","0","0","0","0","0","0","0","0","0","0","1","0","0","0","0","0","0","0"
"wjgirc5k99bpc8g8pyxpwjgi0u2c0lks","28","25-29","Masculino","Paraná (PR)","PR","Sul","de R$ 2.001/mês a R$ 3000/mês","Outro","Júnior","Modelo 100% presencial","0","0","0","0","0","1","0","1","0","1","0","0","0","0","0","1","0","0","0","0","0","1","0","0","0","0","1","0"
"wjdmikavie75g5y75mfwjdmikqwcygrv","22","22-24","Masculino","São Paulo (SP)","SP","Sudeste","de R$ 1.001/mês a R$ 2.000/mês","Analista de Inteligência de Mercado/Market Intelligence","Júnior","Modelo híbrido flexível (o funcionário tem liberdade para escolher quando estar no escritório presencialmente)","0","0","1","0","0","0","0","1","0","1","0","0","0","0","0","0","0","0","0","0","1","1","0","0","0","0","0","0"
"wikd36uwg34ek2ua0ifruwikd36ut00m","23","22-24","Masculino","São Paulo (SP)","SP","Sudeste","de R$ 8.001/mês a R$ 12.000/mês","Cientista de Dados/Data Scientist","Pleno","Modelo híbrido flexível (o funcionário tem liberdade para escolher quando estar no escritório presencialmente)","1","0","0","0","0","0","0","1","0","1","0","0","0","0","0","0","0","0","0","0","0","0","0","0","1","0","0","0"
"whevtho3rxoakowhewjwxhhhsawck7vb","31","30-34","Masculino","São Paulo (SP)","SP","Sudeste","de R$ 25.001/mês a R$ 30.000/mês","Analista de Dados/Data Analyst","Sênior","Modelo híbrido flexível (o funcionário tem liberdade para escolher quando estar no escritório presencialmente)","1","0","0","0","0","0","0","1","0","1","0","0","0","0","0","0","0","0","0","0","0","0","0","0","0","0","0","0"
"nytw4mv7s3kauyc6i6qnytw4ljet1ard","33","30-34","Masculino","Alagoas (AL)","AL","Nordeste","de R$ 12.001/mês a R$ 16.000/mês","Engenheiro de Dados/Data Engineer","Sênior","Modelo 100% remoto","1","0","0","0","0","0","0","1","0","1","0","0","1","0","0","0","0","0","0","0","0","0","0","1","0","0","0","0"
"wftx03s9b3bl0qkqfwftx035gvkriycd","34","30-34","Feminino","Minas Gerais (MG)","MG","Sudeste","de R$ 6.001/mês a R$ 8.000/mês","Analista de BI/BI Analyst/Analytics Engineer","Sênior","Modelo 100% remoto","0","0","1","0","0","0","0","1","0","0","0","0","0","0","0","0","0","0","0","0","1","0","0","0","0","0","0","0"
"weamrl7nh6f81eyywerc4e9jjof3kxal","22","22-24","Masculino","Minas Gerais (MG)","MG","Sudeste","de R$ 2.001/mês a R$ 3000/mês","Analista de Negócios/Business Analyst","Júnior","Modelo híbrido flexível (o funcionário tem liberdade para escolher quando estar no escritório presencialmente)","0","0","0","0","1","0","0","1","0","0","0","0","0","0","0","1","0","0","0","0","1","0","0","0","0","0","0","0"
"wdmmmred2dz6z01jvz7wdmmmrzo3udpa","24","22-24","Feminino","Sergipe (SE)","SE","Nordeste","de R$ 6.001/mês a R$ 8.000/mês","Engenheiro de Dados/Data Engineer","Pleno","Modelo 100% remoto","1","1","0","0","0","0","0","1","0","1","0","0","0","0","0","0","1","0","0","0","0","0","1","0","1","0","0","0"
"wcpbdveyoh0c1b76wcpbdikkb2elrgmd","27","25-29","Masculino","São Paulo (SP)","SP","Sudeste","de R$ 12.001/mês a R$ 16.000/mês","Cientista de Dados/Data Scientist","Pleno","Modelo 100% remoto","1","1","1","0","0","0","0","1","0","1","0","0","0","0","0","0","0","0","0","0","0","0","0","0","0","0","0","1"
"wbx8ihnsa97g232p2969wbx8ihypxojm","35","35-39","Masculino","Rio Grande do Sul (RS)","RS","Sul","de R$ 8.001/mês a R$ 12.000/mês","Outro","Pleno","Modelo 100% remoto","1","1","0","0","0","0","0","1","0","1","0","0","0","0","1","0","0","0","0","0","1","0","1","0","0","0","0","0"
"wbucst6loyjva50eefxmwbucstw59en1","18","17-21","Masculino","São Paulo (SP)","SP","Sudeste","de R$ 1.001/mês a R$ 2.000/mês","Engenheiro de Dados/Data Engineer","Júnior","Modelo 100% remoto","0","1","0","0","0","0","0","1","0","1","0","0","1","0","0","0","0","0","0","0","0","1","0","0","0","0","0","0"
"wbf7qkpo4xu3xmdv1owbf74f4egljer4","35","35-39","Masculino","Fora do Brasil","Exterior","Exterior","de R$ 12.001/mês a R$ 16.000/mês","Analista de Dados/Data Analyst","Sênior","Modelo híbrido com dias fixos de trabalho presencial","0","0","0","1","0","0","0","1","0","0","0","0","0","0","0","1","0","0","0","0","1","0","0","0","0","0","0","0"
"zc37pgfam2lur7g9tvzc37hffihm2vsm","20","17-21","Masculino","Distrito Federal (DF)","DF","Centro-oeste","Menos de R$ 1.000/mês","DBA/Administrador de Banco de Dados","Júnior","Modelo 100% remoto","0","1","0","0","0","0","0","0","0","1","0","0","0","0","0","0","0","0","0","0","1","0","1","0","0","0","0","0"
"w8goadg0lbswm3nhtmbww8goadg0utcd","22","22-24","Masculino","São Paulo (SP)","SP","Sudeste","de R$ 3.001/mês a R$ 4.000/mês","Analista de Dados/Data Analyst","Júnior","Modelo híbrido com dias fixos de trabalho presencial","0","0","1","0","0","0","0","0","0","0","0","0","0","0","0","0","0","0","0","0","1","0","0","0","0","0","0","0"
"w7wyx31z5rmhq06ba2t01pw7wyx31hku","32","30-34","Masculino","São Paulo (SP)","SP","Sudeste","de R$ 16.001/mês a R$ 20.000/mês","Cientista de Dados/Data Scientist","Sênior","Modelo 100% remoto","1","1","0","0","0","0","0","1","0","1","0","0","0","0","0","0","0","0","0","0","0","0","0","0","0","0","0","1"
"w7w9ldjky6dhgcuzw7w9lfy6qjezh59c","33","30-34","Masculino","Rio Grande do Sul (RS)","RS","Sul","de R$ 6.001/mês a R$ 8.000/mês","Outras Engenharias (não inclui dev)","Pleno","Modelo 100% presencial","0","0","0","0","0","0","1","0","0","1","0","0","0","0","0","0","0","0","0","0","1","0","0","0","0","1","0","0"
"w6xi1ub302tk5umiw6xpke6yv777a6bu","32","30-34","Masculino","São Paulo (SP)","SP","Sudeste","de R$ 8.001/mês a R$ 12.000/mês","Analista de BI/BI Analyst/Analytics Engineer","Sênior","Modelo híbrido flexível (o funcionário tem liberdade para escolher quando estar no escritório presencialmente)","1","0","1","0","0","0","0","1","1","1","0","0","1","0","0","0","0","0","0","1","1","1","0","0","0","0","0","0"
"w5g75f16u1ab7kxmw5ois1500w6el12c","26","25-29","Feminino","Minas Gerais (MG)","MG","Sudeste","de R$ 8.001/mês a R$ 12.000/mês","Cientista de Dados/Data Scientist","Pleno","Modelo 100% remoto","1","0","0","0","0","0","0","1","0","1","0","0","0","0","0","0","0","0","0","0","0","0","0","0","1","0","0","0"
"w4geasxo0gyeslegjlw4geasxyra8f18","32","30-34","Masculino","Santa Catarina (SC)","SC","Sul","de R$ 8.001/mês a R$ 12.000/mês","Analista de Dados/Data Analyst","Sênior","Modelo 100% remoto","1","0","1","0","0","0","0","1","0","1","0","0","0","0","0","0","0","0","0","0","1","0","1","0","0","0","0","0"
"w4csckbkzsd8l6fkj5dftbcw4csckbpd","40","40-44","Masculino","Piauí (PI)","PI","Nordeste","de R$ 12.001/mês a R$ 16.000/mês","Outro","Pleno","Modelo híbrido flexível (o funcionário tem liberdade para escolher quando estar no escritório presencialmente)","1","1","0","0","0","0","0","0","1","1","0","0","0","0","0","0","0","0","0","0","1","0","0","0","0","1","0","0"
"x0lvl2jwvz399pvjhx0htetxb85cpvu4","32","30-34","Masculino","Ceará (CE)","CE","Nordeste","de R$ 4.001/mês a R$ 6.000/mês","Analista de BI/BI Analyst/Analytics Engineer","Pleno","Modelo 100% presencial","0","0","1","0","0","1","0","1","0","1","0","0","0","0","0","0","0","0","0","0","1","0","1","0","0","1","0","0"
"w2zqvyl0crv7r41xkw2zqvmpmafrwra5","30","30-34","Masculino","São Paulo (SP)","SP","Sudeste","de R$ 16.001/mês a R$ 20.000/mês","Cientista de Dados/Data Scientist","Sênior","Modelo 100% remoto","1","1","0","0","0","0","0","1","0","1","0","0","0","0","0","0","1","0","0","0","0","0","0","0","1","1","0","0"
"w2t2p7wpun2m2wnlcw2t2p7wplflx2xi","32","30-34","Feminino","Santa Catarina (SC)","SC","Sul","de R$ 6.001/mês a R$ 8.000/mês","Analista de Dados/Data Analyst","Pleno","Modelo 100% presencial","0","0","1","0","0","0","0","1","0","1","0","0","0","0","0","0","0","0","0","0","0","0","0","0","0","0","0","1"
"y6x5aqlscefjh8mwdhy6x5aqchpkdh1u","35","35-39","Masculino","Goiás (GO)","GO","Centro-oeste","de R$ 2.001/mês a R$ 3000/mês","Analista de BI/BI Analyst/Analytics Engineer","Júnior","Modelo 100% remoto","0","0","1","0","0","0","0","1","0","0","0","0","1","0","0","1","0","0","0","0","1","0","0","0","0","0","0","0"
"oqfw1k5p7y2uv4o5g68pa10ufvvgu65g","27","25-29","Feminino","Ceará (CE)","CE","Nordeste","de R$ 4.001/mês a R$ 6.000/mês","Analista de BI/BI Analyst/Analytics Engineer","Júnior","Modelo 100% remoto","0","0","0","0","0","1","0","1","0","0","0","0","0","0","0","0","0","0","0","0","1","0","0","0","0","0","0","0"
"w0u10tyyoj63sy255qfw0u10tiyh6wm6","23","22-24","Masculino","Minas Gerais (MG)","MG","Sudeste","de R$ 6.001/mês a R$ 8.000/mês","Engenheiro de Dados/Data Engineer","Júnior","Modelo 100% remoto","1","0","0","0","0","0","0","1","0","1","0","0","1","0","0","0","0","0","0","0","0","0","0","0","0","0","0","0"
"xv5bjfudl0ntqph0pzxv5bjf4ho7i9mf","29","25-29","Feminino","Rio Grande do Sul (RS)","RS","Sul","de R$ 6.001/mês a R$ 8.000/mês","Analista de Negócios/Business Analyst","Pleno","Modelo 100% presencial","0","0","0","0","0","1","0","0","0","0","0","0","0","0","0","0","0","0","0","0","1","0","0","0","0","0","1","0"
"w0gxh28g78fq4isd826w0gxh28jz7q2l","27","25-29","Masculino","Santa Catarina (SC)","SC","Sul","de R$ 8.001/mês a R$ 12.000/mês","Cientista de Dados/Data Scientist","Pleno","Modelo 100% remoto","0","1","1","0","0","0","0","1","0","1","0","0","0","0","0","0","1","0","0","0","1","0","1","1","1","1","0","0"
"s8d0byrcxkgp1msnbns8dsacwtrepvbs","43","40-44","Masculino","Ceará (CE)","CE","Nordeste","de R$ 4.001/mês a R$ 6.000/mês","Suporte Técnico","Júnior","Modelo 100% presencial","0","0","0","0","0","1","0","1","0","0","0","0","0","0","0","0","0","0","0","0","0","0","0","0","0","0","1","0"
"vzqz6dljujcoqhuzbst4q3zvzqz040fe","26","25-29","Masculino","São Paulo (SP)","SP","Sudeste","de R$ 4.001/mês a R$ 6.000/mês","Analista de Dados/Data Analyst","Júnior","Modelo 100% remoto","0","0","1","0","0","0","0","1","0","1","0","0","0","0","0","1","1","0","0","0","1","0","0","0","0","0","0","0"
"vzdfppnemxmn7a9sgoczvzdfppn92hq6","","55+","Masculino","São Paulo (SP)","SP","Sudeste","de R$ 8.001/mês a R$ 12.000/mês","Analista de Negócios/Business Analyst","Sênior","Modelo 100% remoto","0","1","1","0","0","0","1","0","0","0","0","0","0","0","0","0","0","0","0","0","1","0","0","0","0","1","0","0"
"vyo0sdet3yzmc0igh7uvyo0sbka01vyb","34","30-34","Feminino","Minas Gerais (MG)","MG","Sudeste","de R$ 8.001/mês a R$ 12.000/mês","Analista de BI/BI Analyst/Analytics Engineer","Pleno","Modelo 100% remoto","1","0","0","0","0","0","0","1","0","1","0","0","0","0","0","0","0","0","0","0","1","0","0","0","0","0","0","0"
"nzxr1ld1187tjar77nzxrg22gssgdddr","40","40-44","Masculino","Ceará (CE)","CE","Nordeste","de R$ 8.001/mês a R$ 12.000/mês","DBA/Administrador de Banco de Dados","Pleno","Modelo 100% remoto","1","0","0","0","1","1","0","1","0","1","0","0","0","0","0","0","0","0","0","0","0","0","0","0","0","0","0","1"
"xmlqqq62r4xoez2veixsbi6xmlqqw9vo","31","30-34","Masculino","São Paulo (SP)","SP","Sudeste","de R$ 4.001/mês a R$ 6.000/mês","Analista de Dados/Data Analyst","Pleno","Modelo híbrido com dias fixos de trabalho presencial","0","0","0","0","1","0","0","1","0","1","0","0","0","0","0","0","0","0","0","0","0","1","0","0","0","0","0","0"
"jv0e2khrnv7p5qhsjv0f5dp6i4r3bepr","24","22-24","Feminino","Ceará (CE)","CE","Nordeste","de R$ 4.001/mês a R$ 6.000/mês","Analista de Dados/Data Analyst","Sênior","Modelo 100% remoto","0","0","0","0","0","1","0","0","0","1","0","0","0","0","1","0","0","0","0","0","0","0","0","0","0","0","1","0"
"vwu1wyil2s5l4fvvwu1wexk4k3v0j04a","31","30-34","Masculino","Sergipe (SE)","SE","Nordeste","de R$ 6.001/mês a R$ 8.000/mês","Cientista de Dados/Data Scientist","Sênior","Modelo 100% remoto","0","1","1","0","0","0","0","0","0","1","0","0","0","0","0","0","0","0","0","0","0","0","0","0","0","0","0","1"
"vwjpve6qz4tn559vkvwjpve3mwwnlpdi","27","25-29","Masculino","São Paulo (SP)","SP","Sudeste","de R$ 6.001/mês a R$ 8.000/mês","Analista de BI/BI Analyst/Analytics Engineer","Sênior","Modelo 100% remoto","0","0","0","0","0","1","0","1","0","0","0","0","0","0","0","0","0","0","0","0","1","0","0","0","0","0","0","0"
"vvgs5e036n1haci3h474vvgs5b5jhy8f","33","30-34","Masculino","São Paulo (SP)","SP","Sudeste","de R$ 4.001/mês a R$ 6.000/mês","Outro","Júnior","Modelo 100% remoto","1","1","0","0","0","0","0","0","0","1","1","0","0","0","0","0","0","0","0","0","0","0","1","0","0","0","0","0"
"vssviku9iwx0w1z1vssvj8q4tm59grg0","24","22-24","Masculino","Rio Grande do Norte (RN)","RN","Nordeste","de R$ 8.001/mês a R$ 12.000/mês","Analista de Dados/Data Analyst","Júnior","Modelo 100% remoto","0","0","0","0","0","1","0","1","0","1","0","0","0","0","0","0","0","0","0","0","0","0","0","0","1","0","0","0"
"x3wgh5sif6qz7qmux3wgh53xkskx2y43","30","30-34","Masculino","São Paulo (SP)","SP","Sudeste","de R$ 3.001/mês a R$ 4.000/mês","Suporte Técnico","Pleno","Modelo 100% remoto","0","0","1","0","0","0","0","0","0","0","0","0","0","0","0","0","0","0","0","0","1","0","0","0","0","0","0","0"
"vs36fou45zzhbj3bvs36fosfs9pul0r4","32","30-34","Masculino","Rio Grande do Sul (RS)","RS","Sul","de R$ 2.001/mês a R$ 3000/mês","Suporte Técnico","Júnior","Modelo 100% remoto","0","0","0","0","0","0","1","1","0","0","0","0","0","0","0","0","0","0","0","0","0","0","0","0","0","0","0","1"
"vs1vx7uxq2d9okh5ca6vs1vx7150udm6","23","22-24","Feminino","Minas Gerais (MG)","MG","Sudeste","de R$ 1.001/mês a R$ 2.000/mês","Analista de BI/BI Analyst/Analytics Engineer","Júnior","Modelo 100% remoto","1","1","1","0","0","0","0","1","0","1","0","0","0","0","0","0","0","0","0","0","1","0","0","0","0","0","0","0"
"vrwr44wa604oiglvvrwa5b6lnfbuzfk1","23","22-24","Masculino","Rio de Janeiro (RJ)","RJ","Sudeste","de R$ 8.001/mês a R$ 12.000/mês","Analista de Dados/Data Analyst","Júnior","Modelo 100% remoto","0","1","0","0","0","0","0","1","1","1","0","0","0","0","0","0","0","0","0","0","0","0","0","0","0","0","0","0"
"vrlmrgca60tc2vrlmrtcy2r3j92ywa9a","38","35-39","Masculino","São Paulo (SP)","SP","Sudeste","de R$ 16.001/mês a R$ 20.000/mês","Estatístico","Sênior","Modelo 100% remoto","0","0","0","0","0","1","0","1","1","1","0","0","0","0","0","1","0","0","0","0","0","0","1","0","0","0","0","0"
"vrgjhrwkk3sz5tlxfvrgjhy7qsnu9ca6","28","25-29","Masculino","Minas Gerais (MG)","MG","Sudeste","de R$ 6.001/mês a R$ 8.000/mês","Cientista de Dados/Data Scientist","Sênior","Modelo 100% remoto","1","0","0","1","0","0","0","1","0","1","0","0","0","0","0","0","0","0","0","0","1","0","1","1","0","0","0","0"
"vqvp9ar6i820vqvhq2su04womayd3dy5","26","25-29","Masculino","Minas Gerais (MG)","MG","Sudeste","de R$ 8.001/mês a R$ 12.000/mês","Cientista de Dados/Data Scientist","Pleno","Modelo 100% remoto","0","0","1","0","0","0","0","1","1","1","0","0","1","0","0","0","0","0","0","1","1","0","0","1","0","0","0","0"
"vqssq1rc7g6nc5v0vqedfhrqalslpssv","31","30-34","Masculino","Goiás (GO)","GO","Centro-oeste","de R$ 6.001/mês a R$ 8.000/mês","Analista de Dados/Data Analyst","Sênior","Modelo 100% presencial","0","0","0","0","0","1","0","1","0","0","0","0","1","0","0","1","0","0","0","1","1","1","0","0","0","0","0","0"
"vp0spk7sinwp03ytbbvasevp0spkktiu","31","30-34","Feminino","Minas Gerais (MG)","MG","Sudeste","de R$ 6.001/mês a R$ 8.000/mês","Cientista de Dados/Data Scientist","Pleno","Modelo 100% remoto","1","1","0","0","0","0","0","1","0","1","0","0","0","0","0","0","0","0","0","0","1","0","0","0","0","0","0","0"
"vo0ldhibgkbgzlb26ovo0ldhgfwakorb","44","40-44","Masculino","São Paulo (SP)","SP","Sudeste","de R$ 3.001/mês a R$ 4.000/mês","Outro","Júnior","Modelo 100% presencial","0","0","0","0","0","1","0","0","0","0","0","0","0","0","0","0","0","0","0","0","0","0","0","0","0","0","1","0"
"vnxp1o53afzeyz6nparvvnxp1o533h6g","43","40-44","Masculino","São Paulo (SP)","SP","Sudeste","de R$ 16.001/mês a R$ 20.000/mês","Professor","Pleno","Modelo 100% presencial","0","1","0","0","0","0","1","0","0","0","0","0","0","0","0","0","0","0","0","0","0","0","0","0","0","1","0","0"
"vno1q6m5b26jlv3h2pvno1q0elvcr3e2","30","30-34","Masculino","Santa Catarina (SC)","SC","Sul","de R$ 6.001/mês a R$ 8.000/mês","Analista de Dados/Data Analyst","Pleno","Modelo 100% remoto","1","0","0","0","0","0","0","1","1","1","0","0","0","0","0","0","0","0","0","0","0","0","1","1","1","0","0","0"
"vnj1pf66m3rabjc2n092vnj1pfnvhe3u","26","25-29","Masculino","São Paulo (SP)","SP","Sudeste","de R$ 4.001/mês a R$ 6.000/mês","Analista de Dados/Data Analyst","Júnior","Modelo híbrido flexível (o funcionário tem liberdade para escolher quando estar no escritório presencialmente)","0","1","0","0","0","0","0","1","0","1","0","0","0","0","0","1","0","0","0","0","1","0","1","0","0","0","0","0"
"vn48mscq6ybsbti0vn4qztz4oggzencv","29","25-29","Feminino","Fora do Brasil","Exterior","Exterior","de R$ 12.001/mês a R$ 16.000/mês","Analista de Dados/Data Analyst","Sênior","Modelo híbrido flexível (o funcionário tem liberdade para escolher quando estar no escritório presencialmente)","1","0","0","0","0","0","0","1","0","1","0","0","0","0","0","0","0","0","0","0","0","0","1","0","0","1","0","0"
"vkwe8nax7lbgf0hkm85vkwe8n0allt8u","33","30-34","Masculino","Piauí (PI)","PI","Nordeste","de R$ 3.001/mês a R$ 4.000/mês","Estatístico","Júnior","Modelo 100% presencial","0","0","0","0","0","1","0","1","0","1","0","0","0","0","0","0","0","0","0","0","1","0","0","0","0","0","0","0"
"vk7x1aoykqasemxzw9vk7xrhwp9vf2hz","29","25-29","Masculino","Fora do Brasil","Exterior","Exterior","de R$ 12.001/mês a R$ 16.000/mês","Engenheiro de Dados/Data Engineer","Sênior","Modelo híbrido com dias fixos de trabalho presencial","1","0","0","0","0","0","0","1","0","1","0","0","0","0","0","0","0","0","0","0","0","0","0","0","1","0","0","0"
"sy5dsyq8p7t0xaupcsy5dsxakp9gd1sb","27","25-29","Masculino","São Paulo (SP)","SP","Sudeste","de R$ 16.001/mês a R$ 20.000/mês","Engenheiro de Dados/Data Engineer","Sênior","Modelo híbrido flexível (o funcionário tem liberdade para escolher quando estar no escritório presencialmente)","1","0","0","0","0","0","0","1","0","1","0","0","1","0","0","0","1","0","0","1","0","0","0","0","0","0","0","0"
"vjlciu8pk5gswjwqy62yavjlciumdrx8","32","30-34","Masculino","Mato Grosso (MT)","MT","Centro-oeste","de R$ 12.001/mês a R$ 16.000/mês","Desenvolvedor ou Engenheiro de Software","Sênior","Modelo 100% presencial","0","0","0","0","0","1","0","1","0","0","0","0","0","0","0","0","0","0","0","0","1","0","0","0","0","0","0","0"
"vizmyca5yaf3d9ht9qvizmycgdedmpik","25","25-29","Masculino","","","Norte","de R$ 3.001/mês a R$ 4.000/mês","Analista de Dados/Data Analyst","Pleno","Modelo 100% remoto","0","0","1","0","0","0","0","1","1","1","0","0","0","0","0","0","0","0","0","0","1","0","0","0","0","0","0","0"
"vhlck6swt5tqv9gixcvhlck0n2hpfwkn","29","25-29","Masculino","São Paulo (SP)","SP","Sudeste","de R$ 3.001/mês a R$ 4.000/mês","DBA/Administrador de Banco de Dados","Pleno","Modelo 100% presencial","1","0","1","0","0","0","0","1","0","0","0","0","0","0","0","0","0","0","0","0","0","0","0","0","0","0","0","1"
"vh5w53pldrp2pw0ag2rpnvh5w53bpjs2","35","35-39","Masculino","Rio de Janeiro (RJ)","RJ","Sudeste","de R$ 4.001/mês a R$ 6.000/mês","Analista de Dados/Data Analyst","Júnior","Modelo 100% remoto","0","0","1","0","0","0","0","1","1","0","0","0","0","0","0","0","0","0","0","0","0","0","0","0","0","0","0","1"
"jtry789g2iy05okwvayjtry789gaspzt","29","25-29","Masculino","Ceará (CE)","CE","Nordeste","de R$ 8.001/mês a R$ 12.000/mês","Engenheiro de Dados/Data Engineer","Sênior","Modelo 100% remoto","1","0","0","0","0","0","0","1","0","1","0","0","1","0","0","0","0","0","0","1","0","0","0","0","0","0","0","0"
"vfy7iopxcxvsrwmvotqcvfy7iopxy8ee","25","25-29","Masculino","Sergipe (SE)","SE","Nordeste","de R$ 3.001/mês a R$ 4.000/mês","Cientista de Dados/Data Scientist","Júnior","Modelo 100% remoto","0","0","0","0","0","1","0","0","0","1","0","0","0","0","0","0","0","0","0","0","","","","","","","",""
"vfrfspkudqr69utqvfrfsv7kmve6axjd","41","40-44","Masculino","Rio de Janeiro (RJ)","RJ","Sudeste","de R$ 8.001/mês a R$ 12.000/mês","Analista de Negócios/Business Analyst","Pleno","Modelo 100% remoto","0","0","0","0","0","1","0","0","0","0","0","0","0","0","0","0","0","0","0","0","0","0","0","0","0","0","0","1"
"vf55dibbma6czncvf5vg0npvxm3in46l","29","25-29","Masculino","São Paulo (SP)","SP","Sudeste","de R$ 4.001/mês a R$ 6.000/mês","Analista de Negócios/Business Analyst","Pleno","Modelo 100% presencial","0","0","0","0","0","1","0","1","0","0","0","0","0","0","0","0","0","0","0","0","0","0","0","0","0","0","1","0"
"vca2xqu0fi6cvvcavizww5nryjs4zg0v","26","25-29","Masculino","São Paulo (SP)","SP","Sudeste","de R$ 30.001/mês a R$ 40.000/mês","Cientista de Dados/Data Scientist","Sênior","Modelo 100% remoto","1","0","0","0","0","0","0","1","1","1","0","0","0","0","0","0","0","0","0","0","1","0","0","0","1","0","0","0"
"vali4gabuhpouujovaliuvs0vhm9yhsg","33","30-34","Masculino","São Paulo (SP)","SP","Sudeste","de R$ 8.001/mês a R$ 12.000/mês","Engenheiro de Machine Learning/ML Engineer","Pleno","Modelo 100% remoto","1","0","0","0","0","0","0","1","0","1","0","0","0","0","0","0","1","0","0","0","0","0","0","0","1","1","0","0"
"vahqwk5jj5msyyvahy18nb1p5evv4kyp","28","25-29","Masculino","Minas Gerais (MG)","MG","Sudeste","de R$ 4.001/mês a R$ 6.000/mês","Analista de Dados/Data Analyst","Sênior","Modelo 100% remoto","0","0","1","0","0","0","0","1","1","0","0","0","0","0","0","0","0","0","0","0","1","0","0","0","0","0","0","0"
"v9w04jf9wqctgcv9byil52fh0p06e9cc","28","25-29","Masculino","Paraná (PR)","PR","Sul","de R$ 8.001/mês a R$ 12.000/mês","Desenvolvedor ou Engenheiro de Software","Pleno","Modelo 100% remoto","0","0","1","0","0","0","0","0","0","1","1","0","0","0","0","0","0","1","0","0","0","0","0","0","0","0","1","0"
"v8rj1mh2hgzkao2abv8rj16nfd8vcl6c","24","22-24","Masculino","São Paulo (SP)","SP","Sudeste","de R$ 8.001/mês a R$ 12.000/mês","Engenheiro de Dados/Data Engineer","Sênior","Modelo 100% remoto","0","1","0","0","0","0","0","0","0","1","0","0","1","0","0","0","1","0","0","1","0","0","0","0","0","0","0","0"
"v8khpe0ksto0e8o18jhw6aav8khp88xx","","55+","Masculino","Distrito Federal (DF)","DF","Centro-oeste","de R$ 20.001/mês a R$ 25.000/mês","Analista de BI/BI Analyst/Analytics Engineer","Sênior","Modelo híbrido com dias fixos de trabalho presencial","0","0","0","0","0","0","1","1","0","1","0","0","0","0","0","0","0","0","0","0","0","0","0","0","0","1","0","0"
"v7zpn4l5kunqxvkenv7zpvl4dsu6dkxs","34","30-34","Masculino","Paraná (PR)","PR","Sul","de R$ 8.001/mês a R$ 12.000/mês","Analista de Dados/Data Analyst","Sênior","Modelo 100% remoto","0","0","0","0","0","1","0","1","0","0","0","0","0","0","0","0","0","0","0","0","1","1","0","0","1","1","0","0"
"v7t4xi5m5g173hwvnzv7t4xidt0l9y12","26","25-29","Masculino","São Paulo (SP)","SP","Sudeste","de R$ 1.001/mês a R$ 2.000/mês","Analista de BI/BI Analyst/Analytics Engineer","Júnior","Modelo híbrido flexível (o funcionário tem liberdade para escolher quando estar no escritório presencialmente)","0","0","1","0","0","0","0","0","0","0","0","0","0","0","0","0","0","0","0","0","1","0","0","0","0","0","0","0"
"slyfihdvylyq9vv4adslyfux03juyzo6","29","25-29","Masculino","Paraná (PR)","PR","Sul","de R$ 6.001/mês a R$ 8.000/mês","Analista de BI/BI Analyst/Analytics Engineer","Sênior","Modelo 100% presencial","0","0","0","0","0","1","0","1","0","1","0","0","0","0","0","0","0","0","0","0","1","1","0","0","0","0","0","0"
"v72bs511fe3oke7lv72bigfqvp4y7q20","33","30-34","Masculino","Fora do Brasil","Exterior","Exterior","de R$ 8.001/mês a R$ 12.000/mês","Cientista de Dados/Data Scientist","Júnior","Modelo híbrido flexível (o funcionário tem liberdade para escolher quando estar no escritório presencialmente)","1","0","0","0","0","0","0","1","0","1","0","0","0","0","0","0","0","0","0","0","1","0","0","0","0","0","0","0"
"s8tnm9rsf4w6c6p9a4ru5ms8tnm9rjmz","40","40-44","Masculino","Rio Grande do Sul (RS)","RS","Sul","de R$ 4.001/mês a R$ 6.000/mês","Analista de BI/BI Analyst/Analytics Engineer","Pleno","Modelo 100% remoto","1","1","0","0","0","0","0","1","0","1","0","0","0","0","0","0","0","0","0","0","1","0","0","0","0","0","0","0"
"v6vnphum6bw06judtmpnv6vnpxjwl415","26","25-29","Masculino","Espírito Santo (ES)","ES","Sudeste","de R$ 6.001/mês a R$ 8.000/mês","Analista de BI/BI Analyst/Analytics Engineer","Sênior","Modelo 100% remoto","0","0","1","0","0","0","0","1","1","1","0","0","0","0","0","0","0","0","0","0","1","0","0","0","0","0","0","0"
"riy5q0nejr65r3sxkriy5q0ntaxlyl3v","31","30-34","Masculino","Rio de Janeiro (RJ)","RJ","Sudeste","de R$ 8.001/mês a R$ 12.000/mês","Analista de Sistemas/Analista de TI","Sênior","Modelo 100% presencial","1","0","0","0","0","0","0","0","0","0","0","0","0","0","0","0","0","0","0","0","0","0","0","0","0","1","0","0"
"v3gn97h19ei5dwlkkgwpv3gn97sctmg0","38","35-39","Masculino","Rio Grande do Norte (RN)","RN","Nordeste","de R$ 4.001/mês a R$ 6.000/mês","","","Modelo 100% presencial","","","","","","","","","","","","","","","","","","","","","","","","","","","",""
"v3773ngipafge7k51jv3773taphs30bd","32","30-34","Masculino","São Paulo (SP)","SP","Sudeste","de R$ 2.001/mês a R$ 3000/mês","Engenheiro de Dados/Data Engineer","Pleno","Modelo híbrido com dias fixos de trabalho presencial","0","0","0","0","0","0","1","1","0","1","0","0","1","0","0","0","0","0","1","1","0","0","0","0","0","0","1","0"
"v2z9w05j8xpauv1cv2z9dy8m9a9coskm","24","22-24","Masculino","Minas Gerais (MG)","MG","Sudeste","de R$ 1.001/mês a R$ 2.000/mês","Cientista de Dados/Data Scientist","Júnior","Modelo 100% remoto","0","1","0","0","0","0","0","1","1","1","0","0","0","0","0","0","0","0","0","0","0","0","0","0","0","0","0","0"
"v1p9u8jgz87ripghqdf5v1p9ttu55gn2","26","25-29","Masculino","São Paulo (SP)","SP","Sudeste","de R$ 8.001/mês a R$ 12.000/mês","Analista de Dados/Data Analyst","Sênior","Modelo 100% remoto","0","0","1","0","0","0","0","1","0","1","0","0","0","0","0","0","0","0","0","0","1","0","0","0","0","0","0","0"
"rcwm5c3i5jgxgardutk9ojtfrcwm5c3m","27","25-29","Masculino","São Paulo (SP)","SP","Sudeste","Menos de R$ 1.000/mês","Outro","Júnior","Modelo 100% presencial","0","0","1","1","0","0","0","0","0","0","0","0","0","0","0","1","0","0","0","0","1","0","0","0","0","0","1","0"
"uwwq0g90c93uftw7k3pjuwwq0gqrp5ot","37","35-39","Masculino","Distrito Federal (DF)","DF","Centro-oeste","de R$ 12.001/mês a R$ 16.000/mês","Analista de Negócios/Business Analyst","Sênior","Modelo 100% presencial","0","0","1","0","0","0","0","1","0","0","0","0","0","0","1","0","0","0","0","0","1","0","0","0","0","0","0","0"
"uwbxd5xgz9jlinq3euwbxd5xnvf3f6q3","25","25-29","Masculino","Minas Gerais (MG)","MG","Sudeste","de R$ 6.001/mês a R$ 8.000/mês","Cientista de Dados/Data Scientist","Pleno","Modelo 100% remoto","0","0","1","0","0","0","0","0","1","1","0","0","0","0","0","0","0","0","0","0","0","0","0","0","0","0","0","1"
"uw1r8ud0b5759ur2uw1reznq6w5jmhpz","39","35-39","Masculino","Paraná (PR)","PR","Sul","de R$ 8.001/mês a R$ 12.000/mês","Desenvolvedor ou Engenheiro de Software","Sênior","Modelo 100% remoto","1","0","0","0","0","0","0","1","0","1","0","0","1","0","0","0","0","0","0","1","1","0","0","0","0","0","0","0"
"uvp2f80x59730q8k26q3uvp2f8d34mfj","25","25-29","Masculino","São Paulo (SP)","SP","Sudeste","de R$ 4.001/mês a R$ 6.000/mês","Analista de Dados/Data Analyst","Pleno","Modelo híbrido flexível (o funcionário tem liberdade para escolher quando estar no escritório presencialmente)","0","0","1","0","0","0","0","0","1","1","0","0","0","0","0","0","0","0","0","0","1","0","0","0","0","0","0","0"
"uv0xb0jlb27quv0fu5ikn989d6an5tfu","22","22-24","Masculino","Santa Catarina (SC)","SC","Sul","de R$ 3.001/mês a R$ 4.000/mês","Analista de Dados/Data Analyst","Júnior","Modelo 100% remoto","0","0","0","0","0","1","0","1","0","1","0","0","0","0","0","0","0","0","0","0","0","1","0","0","0","0","0","0"
"r8iwifyq58adehr8iwv5ywbtkpt0xlg9","37","35-39","Feminino","Minas Gerais (MG)","MG","Sudeste","de R$ 8.001/mês a R$ 12.000/mês","Analista de BI/BI Analyst/Analytics Engineer","Sênior","Modelo 100% remoto","1","0","1","0","0","0","1","1","1","0","0","0","0","0","0","1","0","0","0","0","1","0","0","0","0","1","0","0"
"utguww54541rrutgidyym9jp12n7said","31","30-34","Feminino","São Paulo (SP)","SP","Sudeste","de R$ 6.001/mês a R$ 8.000/mês","Analista de BI/BI Analyst/Analytics Engineer","Sênior","Modelo 100% remoto","1","0","0","0","0","0","0","1","0","1","0","0","0","0","0","0","0","0","0","0","0","0","1","0","0","0","0","0"
"ut5r3yw2w2p95q3gozhxut5r3ywro893","26","25-29","Masculino","São Paulo (SP)","SP","Sudeste","de R$ 2.001/mês a R$ 3000/mês","Analista de BI/BI Analyst/Analytics Engineer","Júnior","Modelo 100% presencial","0","0","0","0","0","1","0","0","0","1","0","0","0","0","0","0","0","0","0","0","1","0","0","0","0","0","0","0"
"b9ra0kgyzknbgzpb9rafxuvyd3vfpsl2","28","25-29","Masculino","Ceará (CE)","CE","Nordeste","de R$ 8.001/mês a R$ 12.000/mês","Desenvolvedor ou Engenheiro de Software","Sênior","Modelo 100% remoto","1","0","0","0","0","0","0","0","0","0","0","0","1","0","0","0","0","0","0","0","0","0","0","0","0","0","0","1"
"useixr9fjgszj5oyzwf5useixr0qy64t","26","25-29","Masculino","Fora do Brasil","Exterior","Exterior","de R$ 8.001/mês a R$ 12.000/mês","Engenheiro de Dados/Data Engineer","Pleno","Modelo 100% remoto","1","1","0","0","0","0","0","1","0","1","0","0","1","0","0","0","0","0","0","1","0","0","1","0","0","1","0","0"
"us4g6625qcchus4guu3vtbdtu5bxaqs3","24","22-24","Masculino","Santa Catarina (SC)","SC","Sul","de R$ 3.001/mês a R$ 4.000/mês","Engenheiro de Dados/Data Engineer","Júnior","Modelo 100% remoto","1","0","0","0","0","0","0","1","0","1","0","0","0","0","0","0","0","0","0","0","1","0","0","1","0","0","0","0"
"us3p8tt2slo2jfe27us3p8t61i0h1pww","30","30-34","Feminino","São Paulo (SP)","SP","Sudeste","de R$ 12.001/mês a R$ 16.000/mês","Analista de Dados/Data Analyst","Sênior","Modelo 100% remoto","1","0","0","0","0","0","0","1","0","1","0","0","0","0","0","0","0","0","0","0","0","0","1","0","0","0","0","0"
"jmkbbezpnx74zsecg8jmkb3h1qsi3ivm","35","35-39","Masculino","Ceará (CE)","CE","Nordeste","de R$ 4.001/mês a R$ 6.000/mês","Analista de BI/BI Analyst/Analytics Engineer","Pleno","Modelo 100% remoto","1","0","1","0","0","0","0","1","0","1","0","0","0","0","0","0","0","0","0","0","1","0","0","0","0","0","0","0"
"jibo2wlw6of77lzt0blfjibo2itstz3z","44","40-44","Masculino","Ceará (CE)","CE","Nordeste","de R$ 1.001/mês a R$ 2.000/mês","Analista Administrativo","Júnior","Modelo 100% presencial","0","0","1","0","0","0","0","0","0","0","0","0","0","0","0","0","0","0","0","0","1","0","0","0","0","0","0","0"
"9dcyteob919dcyjx01da8lax6whp659s","30","30-34","Masculino","Ceará (CE)","CE","Nordeste","de R$ 6.001/mês a R$ 8.000/mês","Analista de Negócios/Business Analyst","Sênior","Modelo 100% remoto","1","0","1","0","0","1","0","1","0","1","0","0","1","0","0","0","0","0","0","0","1","0","0","0","0","0","0","0"
"uqcn1z4puee4yjmlcec2ttuqcn1z4l5x","30","30-34","Masculino","São Paulo (SP)","SP","Sudeste","de R$ 8.001/mês a R$ 12.000/mês","Analista de BI/BI Analyst/Analytics Engineer","Sênior","Modelo 100% remoto","1","0","0","0","0","0","0","1","0","1","0","0","0","0","0","0","0","0","0","0","1","0","0","0","1","0","0","0"
"q11susjf994q11imftpfgr13k71joeei","31","30-34","Masculino","São Paulo (SP)","SP","Sudeste","de R$ 3.001/mês a R$ 4.000/mês","Analista Administrativo","Pleno","Modelo 100% presencial","0","0","1","0","0","0","0","0","0","0","0","0","0","0","0","0","0","0","0","0","1","0","0","0","0","0","0","0"
"uopy7d78vcomqrocmuopy7d7yhuvpd1o","27","25-29","Feminino","Pernambuco (PE)","PE","Nordeste","de R$ 4.001/mês a R$ 6.000/mês","Analista de BI/BI Analyst/Analytics Engineer","Pleno","Modelo 100% remoto","1","0","0","0","0","0","0","1","0","1","0","0","0","0","0","0","0","0","0","0","0","0","1","0","0","0","0","0"
"uoa5877ft6mf3935di2uoa5877fdn25q","40","40-44","Masculino","Minas Gerais (MG)","MG","Sudeste","de R$ 8.001/mês a R$ 12.000/mês","Analista de Dados/Data Analyst","Sênior","Modelo 100% remoto","0","0","0","0","0","1","0","1","0","1","0","0","0","0","0","0","0","0","0","0","1","0","0","0","0","0","0","0"
"uns8u63v14bm7xunsz6ryr2h29fg4r8z","31","30-34","Feminino","Minas Gerais (MG)","MG","Sudeste","de R$ 6.001/mês a R$ 8.000/mês","Analista de Dados/Data Analyst","Pleno","Modelo híbrido com dias fixos de trabalho presencial","0","0","0","0","0","1","0","1","0","0","0","0","0","0","0","0","0","0","0","0","1","0","0","0","0","0","0","0"
"unfel0gtqar4tq65s1yy9l13unfel0w3","32","30-34","Masculino","Paraná (PR)","PR","Sul","de R$ 8.001/mês a R$ 12.000/mês","Engenheiro de Machine Learning/ML Engineer","Sênior","Modelo 100% remoto","0","1","0","0","0","0","0","1","0","1","0","0","0","0","0","0","0","0","0","0","0","0","1","0","0","0","0","0"
"nnb4wvgl8rlljeavnnpchdn01zxdraho","29","25-29","Masculino","São Paulo (SP)","SP","Sudeste","de R$ 2.001/mês a R$ 3000/mês","Outro","Júnior","Modelo híbrido flexível (o funcionário tem liberdade para escolher quando estar no escritório presencialmente)","0","0","0","0","0","1","0","0","0","0","0","0","0","0","0","0","0","0","0","0","0","0","0","0","0","0","0","1"
"um962mzi3edjvcey4bkbum962794q0eq","41","40-44","Masculino","Mato Grosso (MT)","MT","Centro-oeste","de R$ 1.001/mês a R$ 2.000/mês","","","Modelo 100% presencial","","","","","","","","","","","","","","","","","","","","","","","","","","","",""
"um6z24ra1ketpwcz296um6z2avg9a225","43","40-44","Feminino","São Paulo (SP)","SP","Sudeste","de R$ 4.001/mês a R$ 6.000/mês","Cientista de Dados/Data Scientist","Pleno","Modelo 100% remoto","0","0","0","0","1","1","0","1","0","1","0","0","0","0","0","0","0","0","0","0","0","0","0","0","0","0","0","1"
"uks5m72p2ehagyq9vuks5m73cigr45v7","41","40-44","Feminino","São Paulo (SP)","SP","Sudeste","de R$ 12.001/mês a R$ 16.000/mês","Desenvolvedor ou Engenheiro de Software","Sênior","Modelo 100% remoto","0","0","1","0","0","0","0","0","0","1","0","0","0","0","0","0","0","0","0","0","0","0","0","0","0","0","0","1"
"ndtni8bha5egndtnirbm67c2un8cov0v","30","30-34","Masculino","Distrito Federal (DF)","DF","Centro-oeste","de R$ 2.001/mês a R$ 3000/mês","Analista de BI/BI Analyst/Analytics Engineer","Pleno","Modelo 100% presencial","0","1","0","0","0","0","0","1","0","0","0","0","0","0","0","0","0","0","0","0","1","0","0","0","0","0","0","0"
"ujdts3c80ee17glzqe8ger6ujdtm0sm4","36","35-39","Masculino","Paraná (PR)","PR","Sul","de R$ 6.001/mês a R$ 8.000/mês","Outras Engenharias (não inclui dev)","Pleno","Modelo híbrido flexível (o funcionário tem liberdade para escolher quando estar no escritório presencialmente)","0","0","0","0","0","0","1","0","1","1","0","0","0","0","0","1","0","0","0","0","1","1","0","0","0","0","1","0"
"uguc9idvqja3fsb2yc09dduguc9ida6o","27","25-29","Masculino","São Paulo (SP)","SP","Sudeste","de R$ 4.001/mês a R$ 6.000/mês","Analista de BI/BI Analyst/Analytics Engineer","Pleno","Modelo 100% remoto","0","0","0","0","0","1","0","1","0","0","0","0","0","0","1","0","0","0","0","0","0","0","0","0","0","0","0","1"
"myqfwbtzxgtgdd5r4myqfwbe09s9os38","35","35-39","Masculino","Goiás (GO)","GO","Centro-oeste","de R$ 4.001/mês a R$ 6.000/mês","Analista de Dados/Data Analyst","Júnior","Modelo híbrido com dias fixos de trabalho presencial","0","0","1","0","0","0","0","1","0","0","0","0","0","0","0","1","0","0","0","0","1","0","0","0","0","0","0","0"
"mlsqkubzn36npq0302omlsqkusnelfta","27","25-29","Feminino","São Paulo (SP)","SP","Sudeste","de R$ 4.001/mês a R$ 6.000/mês","Analista de Dados/Data Analyst","Júnior","Modelo híbrido flexível (o funcionário tem liberdade para escolher quando estar no escritório presencialmente)","0","0","0","0","0","0","1","0","0","0","0","0","0","0","0","0","0","0","0","0","1","0","0","0","0","0","0","0"
"uf5vfzjbjxrndyrd5uf5vfzkrjluz0by","26","25-29","Masculino","Minas Gerais (MG)","MG","Sudeste","de R$ 8.001/mês a R$ 12.000/mês","Analista de Dados/Data Analyst","Sênior","Modelo 100% remoto","1","0","1","0","0","1","0","1","0","0","0","0","0","0","0","0","0","0","0","0","1","0","0","0","0","0","0","0"
"uee47olf1hgof4uee47odblgt0m8orj6","46","45-49","Masculino","Santa Catarina (SC)","SC","Sul","de R$ 4.001/mês a R$ 6.000/mês","Analista de BI/BI Analyst/Analytics Engineer","Sênior","Modelo 100% presencial","0","0","1","0","1","0","0","1","0","0","0","0","1","0","0","0","0","0","0","1","1","0","1","0","0","0","0","0"
"udz7wm9v0hcgo6pt4udz7dk5gs817n7z","29","25-29","Masculino","São Paulo (SP)","SP","Sudeste","de R$ 4.001/mês a R$ 6.000/mês","Analista de BI/BI Analyst/Analytics Engineer","Pleno","Modelo híbrido com dias fixos de trabalho presencial","1","0","0","0","0","0","0","1","0","1","0","0","0","0","0","0","0","0","0","0","1","0","0","0","0","0","0","0"
"uduvjlh1hitu2mbmohaauduviwu5yw0t","24","22-24","Masculino","Rio de Janeiro (RJ)","RJ","Sudeste","de R$ 1.001/mês a R$ 2.000/mês","Cientista de Dados/Data Scientist","Júnior","Modelo 100% remoto","1","1","0","0","0","0","0","1","0","1","0","0","0","0","0","0","0","0","0","0","1","0","0","0","0","0","0","0"
"udof29w7kingjd5tm0gmqudof29oop7q","31","30-34","Masculino","Minas Gerais (MG)","MG","Sudeste","de R$ 3.001/mês a R$ 4.000/mês","Analista de BI/BI Analyst/Analytics Engineer","Júnior","Modelo 100% presencial","1","0","0","0","0","0","0","1","0","0","0","0","0","0","0","0","0","0","0","0","1","0","0","0","0","0","0","0"
"udffkffi0yqmk9w42xudff5nq8hf2tnc","27","25-29","Feminino","São Paulo (SP)","SP","Sudeste","de R$ 4.001/mês a R$ 6.000/mês","Engenheiro de Dados/Data Engineer","Júnior","Modelo híbrido flexível (o funcionário tem liberdade para escolher quando estar no escritório presencialmente)","1","1","0","0","0","1","0","1","0","1","0","0","1","0","0","0","0","0","0","1","1","0","0","0","0","1","0","0"
"udev88t5r5sznu7wlioudev88au6xfm5","41","40-44","Masculino","São Paulo (SP)","SP","Sudeste","de R$ 4.001/mês a R$ 6.000/mês","Engenheiro de Dados/Data Engineer","Pleno","Modelo 100% remoto","1","0","1","1","0","0","0","1","0","1","0","0","0","0","0","0","0","0","0","0","1","0","0","0","0","0","0","0"
"mkrrwgljpor1qcs6oqmkrrwgivru7kp4","36","35-39","Masculino","Rio Grande do Sul (RS)","RS","Sul","de R$ 8.001/mês a R$ 12.000/mês","Cientista de Dados/Data Scientist","Júnior","Modelo híbrido flexível (o funcionário tem liberdade para escolher quando estar no escritório presencialmente)","0","0","1","0","0","1","0","1","0","1","0","0","0","0","0","0","0","0","0","0","0","0","1","0","0","0","0","0"
"uchol9ez80hjhszgescucholksnyrgy9","23","22-24","Masculino","São Paulo (SP)","SP","Sudeste","de R$ 8.001/mês a R$ 12.000/mês","Cientista de Dados/Data Scientist","Pleno","Modelo híbrido flexível (o funcionário tem liberdade para escolher quando estar no escritório presencialmente)","1","1","0","0","0","0","0","1","0","1","0","0","0","0","0","0","0","0","0","0","0","0","0","1","0","0","0","0"
"ubm4v4s04jwpyty85ubm42w1j22k11xc","36","35-39","Masculino","Maranhão (MA)","MA","Nordeste","de R$ 4.001/mês a R$ 6.000/mês","Outras Engenharias (não inclui dev)","Júnior","Modelo 100% presencial","0","0","1","0","0","0","0","0","0","1","0","0","0","0","0","0","0","0","0","0","1","0","0","0","0","0","0","0"
"u9jnij0ms2lpfw9bo2u9jnijb4d0x2oh","33","30-34","Masculino","Maranhão (MA)","MA","Nordeste","de R$ 4.001/mês a R$ 6.000/mês","Outro","Sênior","Modelo híbrido flexível (o funcionário tem liberdade para escolher quando estar no escritório presencialmente)","0","0","0","0","0","1","0","1","0","1","0","0","0","0","0","0","0","0","0","0","1","0","0","0","0","0","0","0"
"u98ek5ritm0hn3gc3i5u98esuc1epd2u","24","22-24","Feminino","São Paulo (SP)","SP","Sudeste","de R$ 3.001/mês a R$ 4.000/mês","Analista de Inteligência de Mercado/Market Intelligence","Júnior","Modelo 100% remoto","0","0","1","0","0","0","0","0","0","0","0","0","0","0","0","0","0","0","0","0","1","0","0","0","0","0","0","0"
"u8c3gigxsat1blhzu8c3gisdorryvx99","27","25-29","Masculino","Goiás (GO)","GO","Centro-oeste","de R$ 4.001/mês a R$ 6.000/mês","Engenheiro de Dados/Data Engineer","Júnior","Modelo 100% remoto","1","0","0","0","0","0","0","0","0","1","0","0","0","0","0","0","0","0","0","0","0","0","0","1","0","0","0","0"
"kg9gvu96o51pxkcgarkkg9gvu1z9mesw","27","25-29","Masculino","São Paulo (SP)","SP","Sudeste","de R$ 6.001/mês a R$ 8.000/mês","Outro","Pleno","Modelo 100% presencial","0","0","0","0","0","1","0","0","0","0","0","0","0","0","0","0","0","0","0","0","0","0","0","0","0","0","1","0"
"u7p4t6nuhy3ucn560ru78u7p4thek6f8","28","25-29","Masculino","Mato Grosso (MT)","MT","Centro-oeste","de R$ 12.001/mês a R$ 16.000/mês","Estatístico","Pleno","Modelo 100% presencial","0","0","0","0","0","1","0","1","1","0","0","0","0","0","0","0","0","0","0","0","0","1","0","0","0","0","0","0"
"u7mzkzk6r4juz6ho0q9pu7mzkzz3mowj","24","22-24","Masculino","Minas Gerais (MG)","MG","Sudeste","de R$ 8.001/mês a R$ 12.000/mês","Cientista de Dados/Data Scientist","Sênior","Modelo 100% remoto","0","1","1","0","0","0","0","1","1","1","0","0","0","0","1","1","0","0","0","0","1","0","1","0","0","1","0","0"
"u7a4118fs0jxdgxinahg9u5ku7a41188","24","22-24","Masculino","Minas Gerais (MG)","MG","Sudeste","de R$ 8.001/mês a R$ 12.000/mês","Cientista de Dados/Data Scientist","Pleno","Modelo 100% remoto","1","1","0","0","0","0","0","1","1","1","0","0","0","0","0","0","0","0","0","0","0","0","1","0","0","0","0","0"
"u7203blm7550rpy5yu7203sq9hw2q17q","31","30-34","Masculino","Rio de Janeiro (RJ)","RJ","Sudeste","de R$ 12.001/mês a R$ 16.000/mês","Arquiteto de dados","Pleno","Modelo 100% remoto","0","0","1","0","0","0","0","0","0","1","0","0","0","0","0","0","0","0","0","0","1","0","0","0","0","0","0","0"
"hog6lpni9ivqhogv75z1fefcqdow3umj","36","35-39","Masculino","Ceará (CE)","CE","Nordeste","de R$ 6.001/mês a R$ 8.000/mês","Engenheiro de Dados/Data Engineer","Pleno","Modelo 100% remoto","0","0","1","0","0","1","0","1","0","1","0","0","0","0","0","0","0","0","0","0","1","0","0","0","0","0","0","0"
"hgsapgzxfkwr00up45hgsapggo1yauvx","27","25-29","Masculino","Ceará (CE)","CE","Nordeste","de R$ 4.001/mês a R$ 6.000/mês","Cientista de Dados/Data Scientist","Júnior","Modelo 100% remoto","0","0","0","0","0","1","0","1","0","1","0","0","0","0","0","0","0","0","0","0","1","0","0","0","0","0","0","0"
"u5bkkwng6io3hcwhwe7rpvu5bkkwxsj4","35","35-39","Masculino","São Paulo (SP)","SP","Sudeste","de R$ 30.001/mês a R$ 40.000/mês","Analista de BI/BI Analyst/Analytics Engineer","Sênior","Modelo 100% remoto","1","0","1","0","0","0","0","1","0","1","0","0","0","0","0","0","0","0","0","0","1","0","1","0","0","0","0","0"
"u568dreyucyg4o8yygsmqiu568drejnk","20","17-21","Feminino","São Paulo (SP)","SP","Sudeste","de R$ 1.001/mês a R$ 2.000/mês","Desenvolvedor ou Engenheiro de Software","Júnior","Modelo 100% remoto","1","0","1","0","0","0","0","0","0","0","0","0","1","0","0","0","0","0","0","1","0","0","0","0","0","0","0","1"
"u4s4aw3swj20o26j4akkcmu4s4aw3skb","34","30-34","Feminino","Minas Gerais (MG)","MG","Sudeste","de R$ 6.001/mês a R$ 8.000/mês","Analista de Dados/Data Analyst","Pleno","Modelo híbrido flexível (o funcionário tem liberdade para escolher quando estar no escritório presencialmente)","0","0","1","0","0","0","0","1","0","1","0","0","0","0","0","0","0","0","0","0","1","0","0","0","0","0","0","0"
"yoh2mc1qt4wrgajxuopcqyoh2mc1q6o9","36","35-39","Feminino","Bahia (BA)","BA","Nordeste","de R$ 3.001/mês a R$ 4.000/mês","Professor","Júnior","Modelo híbrido com dias fixos de trabalho presencial","0","0","1","0","0","0","0","0","0","1","0","0","0","0","0","0","0","0","0","0","1","0","0","0","0","0","0","0"
"u3y7iyfkiobwll4ryu3y7i5nyc60we4u","29","25-29","Masculino","Rio de Janeiro (RJ)","RJ","Sudeste","de R$ 6.001/mês a R$ 8.000/mês","Analista de Dados/Data Analyst","Sênior","Modelo híbrido com dias fixos de trabalho presencial","0","1","0","0","0","0","0","1","0","0","0","0","0","0","0","0","0","0","0","0","1","0","0","0","0","0","0","0"
"jou62ficaacjobie04lfamv3992xb5ub","24","22-24","Masculino","Maranhão (MA)","MA","Nordeste","de R$ 1.001/mês a R$ 2.000/mês","Analista de Dados/Data Analyst","Júnior","Modelo 100% presencial","1","0","0","0","0","0","0","1","0","1","0","0","0","0","0","0","0","0","0","0","1","0","0","0","0","1","0","0"
"u2y3rz6ftao6s61xahqu2y3rz6ngz3hs","25","25-29","Feminino","Rio Grande do Sul (RS)","RS","Sul","de R$ 8.001/mês a R$ 12.000/mês","Cientista de Dados/Data Scientist","Júnior","Modelo 100% remoto","1","1","1","0","0","0","0","1","0","1","0","0","0","0","0","0","0","0","0","0","1","0","0","0","0","1","0","0"
"u2hhm5qsi1l8sfu2hh0e1bb2f3sep7nh","26","25-29","Masculino","Minas Gerais (MG)","MG","Sudeste","de R$ 6.001/mês a R$ 8.000/mês","Cientista de Dados/Data Scientist","Pleno","Modelo híbrido com dias fixos de trabalho presencial","0","0","0","0","0","1","0","1","1","1","0","0","0","0","0","0","0","0","0","0","1","1","0","0","0","0","0","0"
"thevwd7030dldjvy77j993thevwd07sq","43","40-44","Masculino","Mato Grosso (MT)","MT","Centro-oeste","de R$ 16.001/mês a R$ 20.000/mês","Outras Engenharias (não inclui dev)","Pleno","Modelo híbrido com dias fixos de trabalho presencial","0","1","0","0","0","0","0","1","1","1","0","0","1","0","0","0","0","0","0","1","0","0","0","0","0","0","0","0"
"u1cyn5mxdigbvp8fanu1cynv8le2yzfg","45","45-49","Masculino","Sergipe (SE)","SE","Nordeste","de R$ 12.001/mês a R$ 16.000/mês","Engenheiro de Dados/Data Engineer","Pleno","Modelo 100% presencial","0","0","0","0","0","1","0","1","0","1","0","0","1","0","0","0","0","0","0","0","0","0","0","1","0","0","0","0"
"j6tebuk4y8zisv32j6teqgi23uhiahvg","34","30-34","Masculino","Minas Gerais (MG)","MG","Sudeste","de R$ 8.001/mês a R$ 12.000/mês","Engenheiro de Dados/Data Engineer","Pleno","Modelo 100% remoto","0","1","1","0","0","0","0","1","0","1","0","0","0","0","0","0","0","0","0","0","0","0","0","1","0","0","0","0"
"j4p4aliw3hza5lodpfj4p4aliwr7t4yg","28","25-29","Feminino","Santa Catarina (SC)","SC","Sul","de R$ 16.001/mês a R$ 20.000/mês","Product Manager","Sênior","Modelo 100% remoto","1","1","0","0","0","0","0","1","0","0","0","0","0","0","0","0","1","0","0","0","0","0","0","0","1","1","0","0"
"u07jip5jr8ly2iuvddlu07jip5mzvpk6","30","30-34","Masculino","São Paulo (SP)","SP","Sudeste","Menos de R$ 1.000/mês","","","Modelo 100% remoto","","","","","","","","","","","","","","","","","","","","","","","","","","","",""
"tzzyhtwnllx08nmwqtzzynsnrdyq4afa","30","30-34","Masculino","São Paulo (SP)","SP","Sudeste","de R$ 12.001/mês a R$ 16.000/mês","Cientista de Dados/Data Scientist","Sênior","Modelo híbrido com dias fixos de trabalho presencial","1","0","0","0","0","0","0","1","0","1","0","0","0","0","0","0","0","0","0","0","0","0","1","1","0","0","0","0"
"tzp2typ5scjmt61tzp2tyfg7qeaex193","25","25-29","Masculino","Distrito Federal (DF)","DF","Centro-oeste","de R$ 3.001/mês a R$ 4.000/mês","Analista de Dados/Data Analyst","Júnior","Modelo 100% presencial","1","1","0","0","0","0","1","0","1","1","0","0","0","0","0","0","0","0","0","0","1","0","0","0","0","0","1","0"
"tzmbld146klxvofltzmb45qwh5jcqhah","37","35-39","Masculino","São Paulo (SP)","SP","Sudeste","de R$ 4.001/mês a R$ 6.000/mês","Analista de Dados/Data Analyst","Sênior","Modelo híbrido com dias fixos de trabalho presencial","0","0","0","1","0","0","0","1","0","1","0","0","0","0","1","0","0","0","0","0","1","0","0","0","0","0","1","0"
"tz5ohrt580rudzgwpztz5oqddfpa9o6n","31","30-34","Masculino","Rio de Janeiro (RJ)","RJ","Sudeste","de R$ 8.001/mês a R$ 12.000/mês","Engenheiro de Dados/Data Engineer","Pleno","Modelo 100% remoto","0","1","0","0","0","0","0","1","0","1","0","0","0","0","0","0","0","0","0","0","1","0","0","0","0","1","0","0"
"txrqrh07ddyxjnws2txrqrh77ppgmej6","26","25-29","Masculino","São Paulo (SP)","SP","Sudeste","de R$ 12.001/mês a R$ 16.000/mês","Engenheiro de Dados/Data Engineer","Sênior","Modelo híbrido flexível (o funcionário tem liberdade para escolher quando estar no escritório presencialmente)","0","1","0","0","0","0","0","1","0","1","0","0","0","0","0","0","0","0","0","0","0","0","0","1","0","0","0","0"
"z7dipmdya6fb0u3axrz7dipo77666dfx","51","50-54","Masculino","Paraná (PR)","PR","Sul","de R$ 8.001/mês a R$ 12.000/mês","Outro","Pleno","Modelo 100% remoto","0","0","0","0","0","0","1","0","1","0","0","0","0","0","0","0","0","0","0","0","0","0","0","0","0","0","0","0"
"tvpzerzf2siztvpzeexuvhfhwdn3j2b3","36","35-39","Masculino","Pernambuco (PE)","PE","Nordeste","de R$ 12.001/mês a R$ 16.000/mês","Engenheiro de Dados/Data Engineer","Pleno","Modelo 100% presencial","0","0","0","0","0","1","0","1","0","1","0","0","0","0","0","0","0","0","0","0","0","1","0","0","0","0","0","0"
"tvnof6pdsl7cptwkctvnhfne87yoqyq8","30","30-34","Feminino","Rio de Janeiro (RJ)","RJ","Sudeste","de R$ 4.001/mês a R$ 6.000/mês","Analista de BI/BI Analyst/Analytics Engineer","Pleno","Modelo 100% remoto","0","0","0","0","0","1","0","1","0","0","0","0","0","0","0","0","0","0","0","0","1","0","0","0","0","1","1","0"
"tvgs1g8fbzp5g2relub1xtvgs1g8zguw","28","25-29","Masculino","São Paulo (SP)","SP","Sudeste","de R$ 8.001/mês a R$ 12.000/mês","Estatístico","Pleno","Modelo 100% remoto","1","0","0","0","1","0","0","1","1","1","0","0","0","0","1","0","0","0","0","0","0","0","0","0","0","0","1","0"
"tvd3y54f1vexqlmft4cbtvd3y54d060l","25","25-29","Masculino","Rio de Janeiro (RJ)","RJ","Sudeste","de R$ 3.001/mês a R$ 4.000/mês","Analista de Dados/Data Analyst","Júnior","Modelo 100% remoto","0","0","1","0","0","1","0","1","0","1","0","0","0","0","0","1","0","0","0","0","1","0","1","0","0","0","0","0"
"yvx0elviiniyg17qv3yvx0ejvfxh1jqi","51","50-54","Masculino","São Paulo (SP)","SP","Sudeste","de R$ 20.001/mês a R$ 25.000/mês","Cientista de Dados/Data Scientist","Pleno","Modelo híbrido flexível (o funcionário tem liberdade para escolher quando estar no escritório presencialmente)","0","0","0","0","0","1","0","1","0","1","0","0","0","0","0","0","0","0","0","0","0","0","1","0","0","0","0","0"
"tv20rvc1he8qwlstv20f3icwb5d05vj2","28","25-29","Feminino","Rio Grande do Norte (RN)","RN","Nordeste","de R$ 6.001/mês a R$ 8.000/mês","Analista de Dados/Data Analyst","Júnior","Modelo 100% remoto","0","0","1","0","0","0","0","1","0","1","0","0","1","0","0","0","0","0","0","1","0","0","0","0","0","0","0","1"
"tuwunxdabbmwtuwuoar2d31vzjnyh77o","31","30-34","Feminino","Paraná (PR)","PR","Sul","de R$ 6.001/mês a R$ 8.000/mês","Analista de Dados/Data Analyst","Pleno","Modelo 100% remoto","1","0","0","0","0","0","0","1","0","1","0","0","0","0","0","0","0","0","0","0","0","0","0","1","0","0","0","0"
"turblzwbg1wgnpcrige0w2pturblzwbl","32","30-34","Feminino","São Paulo (SP)","SP","Sudeste","de R$ 8.001/mês a R$ 12.000/mês","Analista de Dados/Data Analyst","Sênior","Modelo 100% remoto","0","1","0","0","0","0","0","1","0","1","0","0","0","0","0","1","0","0","0","0","1","0","0","0","0","1","0","0"
"i7sm3eswrfw2rm286i7smhydig1zu619","31","30-34","Feminino","São Paulo (SP)","SP","Sudeste","de R$ 3.001/mês a R$ 4.000/mês","","","Modelo 100% presencial","","","","","","","","","","","","","","","","","","","","","","","","","","","",""
"ttqm9yjcjmg96azttqmvgb3i7ex8uwve","33","30-34","Masculino","Minas Gerais (MG)","MG","Sudeste","de R$ 6.001/mês a R$ 8.000/mês","Analista de BI/BI Analyst/Analytics Engineer","Júnior","Modelo 100% remoto","1","0","1","0","0","0","0","1","0","0","0","0","0","0","0","0","0","0","0","0","1","0","0","0","0","0","0","0"
"tstv72jljuklpamkeocfitstv72jlmxm","27","25-29","Masculino","Paraná (PR)","PR","Sul","de R$ 16.001/mês a R$ 20.000/mês","Cientista de Dados/Data Scientist","Sênior","Modelo 100% remoto","1","0","0","0","0","0","0","1","0","1","0","0","0","0","0","0","0","0","0","0","0","0","0","0","1","0","0","0"
"tsj6iirzre230ry0htsj6buwt4vvn4vu","39","35-39","Feminino","Minas Gerais (MG)","MG","Sudeste","de R$ 2.001/mês a R$ 3000/mês","Analista Administrativo","Júnior","Modelo 100% presencial","0","0","0","0","0","1","0","0","0","0","0","0","0","0","0","0","0","0","0","0","0","0","0","0","0","0","1","0"
"u63yxtyuycg9dk91h5o2u63yxwjtpdcl","33","30-34","Masculino","Bahia (BA)","BA","Nordeste","de R$ 2.001/mês a R$ 3000/mês","Analista Administrativo","Pleno","Modelo 100% presencial","0","0","0","0","0","1","0","0","0","0","0","0","0","0","0","0","0","0","0","0","1","0","0","0","0","0","0","0"
"hq6ndd2ounv0v4uotrathq6ndd2v7azg","38","35-39","Feminino","São Paulo (SP)","SP","Sudeste","de R$ 6.001/mês a R$ 8.000/mês","Analista de Dados/Data Analyst","Sênior","Modelo híbrido com dias fixos de trabalho presencial","1","0","1","0","0","0","0","0","0","0","0","0","0","0","0","0","0","0","0","0","1","0","1","0","0","1","0","0"
"ts6m2xnfupts65fu83butwhxsj261u4b","39","35-39","Masculino","Rio Grande do Sul (RS)","RS","Sul","de R$ 6.001/mês a R$ 8.000/mês","Outras Engenharias (não inclui dev)","Sênior","Modelo híbrido com dias fixos de trabalho presencial","0","0","0","0","0","1","0","1","0","1","0","0","0","0","0","1","0","0","0","0","1","0","0","0","0","0","0","0"
"gl5e408zrs7dgs4m8k2gl5a6gg0ldgx3","35","35-39","Masculino","Santa Catarina (SC)","SC","Sul","de R$ 1.001/mês a R$ 2.000/mês","Engenheiro de Dados/Data Engineer","Júnior","Modelo 100% presencial","0","0","0","0","0","1","0","1","0","1","0","0","1","0","0","0","0","0","0","1","1","1","0","0","0","0","0","0"
"troswswqq0l03sxtroswrr17fugckp7k","36","35-39","Masculino","São Paulo (SP)","SP","Sudeste","de R$ 6.001/mês a R$ 8.000/mês","Analista de BI/BI Analyst/Analytics Engineer","Pleno","Modelo 100% remoto","1","0","0","0","0","0","0","1","0","0","0","0","0","0","0","0","0","0","0","0","0","0","1","0","0","0","0","0"
"trj5zcngk8xw65wztrj5hslted1lu398","25","25-29","Feminino","São Paulo (SP)","SP","Sudeste","de R$ 6.001/mês a R$ 8.000/mês","Cientista de Dados/Data Scientist","Júnior","Modelo 100% remoto","1","1","0","0","0","0","0","1","0","1","0","0","0","0","0","0","0","0","0","0","0","0","1","0","0","0","0","0"
"tqa2fh83z3cug9wek1stqa2fh8yy85jy","28","25-29","Outro","São Paulo (SP)","SP","Sudeste","de R$ 4.001/mês a R$ 6.000/mês","Desenvolvedor ou Engenheiro de Software","Pleno","Modelo híbrido com dias fixos de trabalho presencial","1","0","0","0","0","0","0","1","0","0","1","0","0","0","0","0","0","0","0","0","0","0","0","0","0","0","0","0"
"tp99o4u71a2qr8ixjtp99ol604t7tna7","24","22-24","Masculino","Rio Grande do Sul (RS)","RS","Sul","de R$ 4.001/mês a R$ 6.000/mês","Analista de Dados/Data Analyst","Pleno","Modelo híbrido flexível (o funcionário tem liberdade para escolher quando estar no escritório presencialmente)","0","0","1","0","0","0","0","1","0","1","0","0","0","0","0","0","0","0","0","0","1","0","0","0","0","0","0","0"
"toifu5ov08x868zjkhutoifu5os2505f","24","22-24","Feminino","São Paulo (SP)","SP","Sudeste","de R$ 2.001/mês a R$ 3000/mês","Desenvolvedor ou Engenheiro de Software","Júnior","Modelo híbrido flexível (o funcionário tem liberdade para escolher quando estar no escritório presencialmente)","0","0","0","1","0","0","1","0","0","1","0","0","1","0","0","0","0","0","0","1","1","0","0","0","0","0","0","0"
"tn2tpu33iavtmxihmop66tn2tpcso289","42","40-44","Masculino","São Paulo (SP)","SP","Sudeste","de R$ 4.001/mês a R$ 6.000/mês","Técnico","Sênior","Modelo 100% presencial","0","0","0","0","0","1","0","0","0","0","0","0","0","0","0","0","0","0","0","0","0","0","0","0","0","0","1","1"
"tmqz0ht7n6a1roevptmqz0qweu52bdjj","31","30-34","Feminino","Rio de Janeiro (RJ)","RJ","Sudeste","de R$ 8.001/mês a R$ 12.000/mês","Analista de Dados/Data Analyst","Pleno","Modelo 100% remoto","1","0","0","0","0","0","0","1","1","1","0","0","0","0","0","0","0","0","0","0","0","0","0","0","0","0","0","0"
"tmg7aw6tnrnhgh2swlax5tmg7aw69qwl","38","35-39","Masculino","Rio de Janeiro (RJ)","RJ","Sudeste","de R$ 4.001/mês a R$ 6.000/mês","Analista de BI/BI Analyst/Analytics Engineer","Pleno","Modelo híbrido com dias fixos de trabalho presencial","0","1","1","0","0","0","0","0","0","0","0","0","0","0","0","0","0","0","0","0","1","0","0","0","0","0","0","0"
"tl7upshanwgzvotl7u4dzkw07477gk03","36","35-39","Feminino","São Paulo (SP)","SP","Sudeste","de R$ 6.001/mês a R$ 8.000/mês","Desenvolvedor ou Engenheiro de Software","Júnior","Modelo 100% remoto","0","0","1","1","0","0","0","1","1","1","0","0","0","0","0","1","0","0","0","0","1","0","0","0","0","0","0","0"
"tkx43h3mu5uv7pxtkx43f4c046uhf4bd","24","22-24","Feminino","Rio Grande do Norte (RN)","RN","Nordeste","de R$ 8.001/mês a R$ 12.000/mês","Cientista de Dados/Data Scientist","Júnior","Modelo 100% remoto","1","0","0","0","0","0","0","1","0","1","0","0","0","0","0","0","0","0","0","0","0","0","0","0","0","1","0","0"
"tj2efzt9k3hr56rwvtf9vtj2efgsgz7g","30","30-34","Masculino","Santa Catarina (SC)","SC","Sul","de R$ 8.001/mês a R$ 12.000/mês","Engenheiro de Machine Learning/ML Engineer","Sênior","Modelo 100% remoto","1","0","0","0","0","0","0","1","0","1","0","0","0","0","0","0","0","0","0","0","0","0","0","0","0","0","0","1"
"tiskl7e4amulbzdsmnrtiskpvrsjgdqg","30","30-34","Masculino","São Paulo (SP)","SP","Sudeste","de R$ 3.001/mês a R$ 4.000/mês","Analista de BI/BI Analyst/Analytics Engineer","Pleno","Modelo 100% presencial","0","0","0","0","0","1","0","0","0","0","0","0","0","0","0","1","0","0","0","0","0","1","0","0","0","0","1","0"
"ti0ui8wz86y72eqexxti0uid029nhe09","25","25-29","Masculino","São Paulo (SP)","SP","Sudeste","de R$ 6.001/mês a R$ 8.000/mês","Engenheiro de Dados/Data Engineer","Pleno","Modelo 100% remoto","1","0","0","0","0","0","0","1","0","1","0","0","0","0","0","0","0","0","0","0","0","0","0","0","0","0","0","1"
"thhptgskxoj4iazy323s1q7zthhptgsy","25","25-29","Masculino","Minas Gerais (MG)","MG","Sudeste","de R$ 2.001/mês a R$ 3000/mês","Analista de BI/BI Analyst/Analytics Engineer","Júnior","Modelo 100% remoto","1","0","1","1","0","0","0","1","0","0","0","0","0","0","0","0","0","0","0","0","0","0","1","0","0","1","0","0"
"thg52huegbvu56ax4thzteijegj6vtno","34","30-34","Masculino","Rio Grande do Sul (RS)","RS","Sul","de R$ 4.001/mês a R$ 6.000/mês","Analista de Dados/Data Analyst","Pleno","Modelo 100% remoto","1","0","0","0","0","0","0","1","0","1","0","0","0","0","0","0","0","0","0","0","1","0","0","1","1","0","0","0"
"ft5dmrotk5e0ogld6ft5dmryp1bhqdwi","26","25-29","Feminino","Distrito Federal (DF)","DF","Centro-oeste","de R$ 6.001/mês a R$ 8.000/mês","Engenheiro de Dados/Data Engineer","Pleno","Modelo 100% remoto","0","1","0","0","0","0","0","1","0","1","0","0","0","0","0","0","0","0","0","0","1","0","1","0","0","1","0","0"
"th3r8ztuphjbksath3r85vlux9dvfho2","29","25-29","Masculino","Paraná (PR)","PR","Sul","de R$ 16.001/mês a R$ 20.000/mês","Engenheiro de Dados/Data Engineer","Sênior","Modelo 100% remoto","1","0","1","0","0","0","0","1","1","1","0","0","0","0","0","0","0","0","0","0","1","0","0","0","0","1","0","0"
"tgwfrkmfc5lkkh7elj1gbcdhtgwfrkmm","33","30-34","Masculino","São Paulo (SP)","SP","Sudeste","de R$ 8.001/mês a R$ 12.000/mês","Engenheiro de Dados/Data Engineer","Sênior","Modelo 100% remoto","1","0","0","0","0","0","1","1","0","1","0","0","0","0","1","0","0","0","0","0","1","0","1","0","0","0","0","0"
"tguf4yftgsefllk0xo7kbitguf4yr9yr","30","30-34","Masculino","Paraná (PR)","PR","Sul","de R$ 4.001/mês a R$ 6.000/mês","Analista de Dados/Data Analyst","Pleno","Modelo híbrido flexível (o funcionário tem liberdade para escolher quando estar no escritório presencialmente)","1","0","0","0","0","0","0","1","0","0","0","0","0","0","0","0","0","0","0","0","0","0","0","0","0","0","0","0"
"tgu8s46xgv8oyetgu8s4cxw8hyzmugkj","33","30-34","Masculino","São Paulo (SP)","SP","Sudeste","de R$ 6.001/mês a R$ 8.000/mês","Analista de Dados/Data Analyst","Sênior","Modelo 100% remoto","0","1","0","0","0","0","0","1","0","1","0","0","0","0","0","0","0","0","0","0","0","1","0","0","0","1","1","0"
"tgl84reaw089srtgl89qgobkz30488rc","27","25-29","Masculino","São Paulo (SP)","SP","Sudeste","de R$ 8.001/mês a R$ 12.000/mês","Cientista de Dados/Data Scientist","Pleno","Modelo 100% remoto","1","0","0","0","0","0","0","1","0","1","0","0","0","0","0","0","0","0","0","0","0","0","0","1","0","0","0","0"
"tg3vaysdoxeetg3x9qn9jyhc5g3xdn74","35","35-39","Masculino","São Paulo (SP)","SP","Sudeste","de R$ 4.001/mês a R$ 6.000/mês","Engenheiro de Dados/Data Engineer","Júnior","Modelo 100% remoto","0","1","0","0","0","0","0","1","0","1","0","0","1","0","0","0","0","0","0","1","0","0","0","0","0","1","0","0"
"tfyu2n6pagqtu3vq5od809yjjtfyu2n6","29","25-29","Masculino","Minas Gerais (MG)","MG","Sudeste","de R$ 8.001/mês a R$ 12.000/mês","Analista de Negócios/Business Analyst","Sênior","Modelo 100% remoto","0","1","0","0","0","0","0","1","0","1","0","0","0","0","0","0","0","0","0","0","1","0","0","0","0","1","0","0"
"tfm3uow1uchd1cddntfm3p4sb6wwrbcj","28","25-29","Feminino","São Paulo (SP)","SP","Sudeste","de R$ 3.001/mês a R$ 4.000/mês","Analista de BI/BI Analyst/Analytics Engineer","Pleno","Modelo 100% remoto","1","1","0","0","0","0","0","1","0","1","0","0","0","0","0","0","0","0","0","0","1","0","0","0","0","1","0","0"
"tf7n67vvvr0bektf7jc744bpdvokr95v","20","17-21","Masculino","Paraná (PR)","PR","Sul","de R$ 2.001/mês a R$ 3000/mês","Analista de BI/BI Analyst/Analytics Engineer","Júnior","Modelo híbrido com dias fixos de trabalho presencial","0","0","1","0","0","0","0","1","0","1","0","0","0","0","0","1","0","0","0","0","1","0","1","0","0","0","0","0"
"fl507z2yrsbgsv8fl507rh54esrj060u","30","30-34","Feminino","Minas Gerais (MG)","MG","Sudeste","de R$ 2.001/mês a R$ 3000/mês","Analista de Negócios/Business Analyst","Júnior","Modelo 100% remoto","0","0","0","1","0","0","0","0","0","0","0","0","0","0","0","0","0","0","0","0","0","0","1","0","0","0","0","0"
"tea2iynxfadvfj88qnteayap8g39dpj6","43","40-44","Masculino","Goiás (GO)","GO","Centro-oeste","de R$ 8.001/mês a R$ 12.000/mês","Outro","Pleno","Modelo híbrido com dias fixos de trabalho presencial","0","0","0","0","0","1","1","0","1","1","0","0","0","0","0","0","0","0","0","0","0","0","0","0","0","0","0","1"
"te72t4fghc6yyeyrz0te72t4hg5aq8v2","24","22-24","Masculino","São Paulo (SP)","SP","Sudeste","de R$ 6.001/mês a R$ 8.000/mês","Engenheiro de Dados/Data Engineer","Pleno","Modelo híbrido flexível (o funcionário tem liberdade para escolher quando estar no escritório presencialmente)","0","1","0","0","0","0","0","1","0","1","0","0","0","0","0","0","0","0","0","0","0","0","0","1","0","0","0","0"
"tdnmkvdha2uish1dmtdntrepwxg2874k","21","17-21","Masculino","Rio Grande do Sul (RS)","RS","Sul","Menos de R$ 1.000/mês","Outro","Júnior","Modelo 100% remoto","0","0","0","0","0","0","1","0","0","1","0","0","0","0","0","0","0","0","0","0","0","0","0","0","0","0","0","1"
"tddf1unpcjd0qms0tlhrtddf1xtc7uq6","39","35-39","Masculino","Espírito Santo (ES)","ES","Sudeste","de R$ 4.001/mês a R$ 6.000/mês","Professor","Sênior","Modelo 100% presencial","1","0","0","0","0","0","0","1","1","1","1","0","0","0","1","0","0","0","0","0","1","0","0","0","0","0","0","0"
"tch2vjycp9updjow6tch27ogz5ln4l8m","27","25-29","Masculino","Rio Grande do Sul (RS)","RS","Sul","de R$ 3.001/mês a R$ 4.000/mês","Analista de Negócios/Business Analyst","Júnior","Modelo híbrido com dias fixos de trabalho presencial","0","0","1","0","0","0","0","1","0","0","0","0","0","0","0","0","0","0","0","0","1","0","0","0","0","0","0","0"
"tbj6gootqpb5qlhauhbtbj6g2tsw2cnp","22","22-24","Masculino","Minas Gerais (MG)","MG","Sudeste","de R$ 3.001/mês a R$ 4.000/mês","Engenheiro de Dados/Data Engineer","Júnior","Modelo 100% presencial","1","0","0","0","0","0","0","1","0","1","0","0","0","0","0","0","0","0","0","0","1","0","0","1","0","0","0","0"
"t979guz99uman2wt97ejrwo1pkv4ccfp","40","40-44","Masculino","São Paulo (SP)","SP","Sudeste","de R$ 6.001/mês a R$ 8.000/mês","Outras Engenharias (não inclui dev)","Sênior","Modelo híbrido flexível (o funcionário tem liberdade para escolher quando estar no escritório presencialmente)","0","0","0","0","0","0","0","0","0","1","0","0","0","0","0","0","0","0","0","0","0","0","0","0","0","0","0","1"
"ygy3copu4uizk539sygy3cg4hf4x1fez","51","50-54","Feminino","Minas Gerais (MG)","MG","Sudeste","de R$ 4.001/mês a R$ 6.000/mês","Cientista de Dados/Data Scientist","Júnior","Modelo 100% remoto","1","0","0","0","0","0","0","0","0","1","0","0","0","0","0","0","0","0","0","0","0","0","0","0","0","0","0","0"
"t7h9ytd5w65mru7979dv2st7h9ytg8ur","24","22-24","Masculino","São Paulo (SP)","SP","Sudeste","de R$ 4.001/mês a R$ 6.000/mês","Engenheiro de Dados/Data Engineer","Júnior","Modelo híbrido flexível (o funcionário tem liberdade para escolher quando estar no escritório presencialmente)","1","0","0","0","0","0","0","1","0","1","0","0","0","0","0","0","0","0","0","0","1","0","0","0","0","0","0","0"
"efceckc3up3b77tycjkefcnyxyejbieb","30","30-34","Masculino","Minas Gerais (MG)","MG","Sudeste","de R$ 6.001/mês a R$ 8.000/mês","Analista de Sistemas/Analista de TI","Pleno","Modelo 100% remoto","1","0","1","0","0","0","0","1","0","0","1","1","0","0","0","1","0","0","0","0","1","0","1","0","0","0","0","0"
"t76kdeckt27t9cml3u9t76kai7cd802s","25","25-29","Masculino","Paraná (PR)","PR","Sul","de R$ 12.001/mês a R$ 16.000/mês","Engenheiro de Machine Learning/ML Engineer","Pleno","Modelo 100% remoto","0","1","0","0","0","0","0","0","0","1","0","0","0","0","0","0","0","0","0","0","1","0","0","1","0","1","0","0"
"t5ebop2t6osekjrxpkrjt5eb66k2pi32","26","25-29","Masculino","São Paulo (SP)","SP","Sudeste","de R$ 8.001/mês a R$ 12.000/mês","Analista de Dados/Data Analyst","Pleno","Modelo híbrido flexível (o funcionário tem liberdade para escolher quando estar no escritório presencialmente)","1","1","0","0","0","0","0","1","0","1","0","0","0","0","0","0","0","0","0","0","1","0","0","1","0","0","0","0"
"t374st0zvv16t374s6aj6ol15ebz7e2o","20","17-21","Masculino","Rio Grande do Sul (RS)","RS","Sul","de R$ 6.001/mês a R$ 8.000/mês","Desenvolvedor ou Engenheiro de Software","Pleno","Modelo 100% remoto","0","1","1","0","0","0","0","1","0","1","0","0","1","0","0","0","0","0","0","0","1","0","0","0","0","0","0","0"
"t2s464zqgs42isyut2s46bsa4ltqv2xg","31","30-34","Masculino","São Paulo (SP)","SP","Sudeste","de R$ 12.001/mês a R$ 16.000/mês","Cientista de Dados/Data Scientist","Sênior","Modelo 100% remoto","0","0","0","0","0","1","0","1","0","1","0","0","0","0","1","0","0","0","0","0","1","0","1","0","0","0","0","0"
"t2pz0tpdqvu074mtt2pz004ehrc7xff8","25","25-29","Masculino","São Paulo (SP)","SP","Sudeste","de R$ 6.001/mês a R$ 8.000/mês","Analista de BI/BI Analyst/Analytics Engineer","Pleno","Modelo 100% presencial","0","0","1","0","0","0","0","1","0","0","0","0","0","0","0","0","0","0","0","0","1","1","0","0","0","0","0","0"
"t2h8vuoehe42wst2h8g3q244fu9t7kl0","18","17-21","Feminino","Minas Gerais (MG)","MG","Sudeste","de R$ 4.001/mês a R$ 6.000/mês","Desenvolvedor ou Engenheiro de Software","Júnior","Modelo híbrido flexível (o funcionário tem liberdade para escolher quando estar no escritório presencialmente)","0","0","0","0","1","0","0","0","0","1","0","0","0","0","0","0","0","0","0","0","0","0","0","0","0","0","0","0"
"t2cid81vv1n8w86gjdt2cid81dvinhh1","30","30-34","Masculino","São Paulo (SP)","SP","Sudeste","de R$ 1.001/mês a R$ 2.000/mês","Outras Engenharias (não inclui dev)","Júnior","Modelo 100% presencial","1","0","0","0","0","0","0","0","0","1","0","0","0","0","0","0","0","0","0","0","0","0","0","0","0","0","1","0"
"cw882p5ma0tqttqnyvta1cw882p5xzbt","39","35-39","Masculino","São Paulo (SP)","SP","Sudeste","de R$ 1.001/mês a R$ 2.000/mês","Analista de Sistemas/Analista de TI","Júnior","Modelo 100% remoto","1","0","0","0","0","0","0","1","0","1","0","0","0","0","0","0","0","0","0","0","1","0","0","0","0","0","0","0"
"t198yi4rtuwu507i6ozjy2t198yjf19k","26","25-29","Masculino","São Paulo (SP)","SP","Sudeste","de R$ 4.001/mês a R$ 6.000/mês","Engenheiro de Dados/Data Engineer","Pleno","Modelo 100% remoto","0","0","1","0","0","0","0","1","0","0","0","0","0","0","0","0","0","0","0","0","0","0","1","0","0","0","0","0"
"t14vk15hwcx2w7t4r9t14vk8rybxsadv","33","30-34","Masculino","Minas Gerais (MG)","MG","Sudeste","de R$ 3.001/mês a R$ 4.000/mês","Cientista de Dados/Data Scientist","Pleno","Modelo híbrido flexível (o funcionário tem liberdade para escolher quando estar no escritório presencialmente)","1","1","0","0","0","0","0","1","1","1","0","0","0","0","0","0","0","0","0","0","0","0","1","0","0","1","0","0"
"t0qlvyy5cd2z8q0liht0ql7d22gisdos","23","22-24","Masculino","Rio Grande do Sul (RS)","RS","Sul","de R$ 3.001/mês a R$ 4.000/mês","Analista de BI/BI Analyst/Analytics Engineer","Pleno","Modelo híbrido com dias fixos de trabalho presencial","1","0","0","0","0","0","0","0","0","0","0","0","0","0","0","0","0","0","0","0","1","0","0","0","0","0","0","0"
"t00leqn7a2b3b5l2gsby6pz7nt00leqn","36","35-39","Masculino","Santa Catarina (SC)","SC","Sul","de R$ 8.001/mês a R$ 12.000/mês","Analista de BI/BI Analyst/Analytics Engineer","Sênior","Modelo híbrido com dias fixos de trabalho presencial","0","0","0","1","0","0","0","1","0","0","0","0","0","0","0","0","0","0","0","0","0","0","0","0","0","0","0","0"
"syz2oaqb0txnteu4syz3a05dxwf68gpb","24","22-24","Masculino","Pernambuco (PE)","PE","Nordeste","de R$ 6.001/mês a R$ 8.000/mês","Engenheiro de Dados/Data Engineer","Pleno","Modelo híbrido flexível (o funcionário tem liberdade para escolher quando estar no escritório presencialmente)","1","0","0","0","0","0","0","1","0","1","0","0","0","0","0","0","0","0","0","0","0","0","1","0","0","0","0","0"
"jg0gqffp91xjlez18ijg0gqfn4eo2nyp","37","35-39","Masculino","Bahia (BA)","BA","Nordeste","de R$ 8.001/mês a R$ 12.000/mês","Outras Engenharias (não inclui dev)","Pleno","Modelo híbrido com dias fixos de trabalho presencial","0","0","0","0","0","1","0","1","0","1","0","0","0","0","0","0","0","0","0","0","0","0","1","0","0","0","0","0"
"gvkv2p091v1iin6msggvkv23qjklt5dj","46","45-49","Masculino","Mato Grosso do Sul (MS)","MS","Centro-oeste","de R$ 8.001/mês a R$ 12.000/mês","Analista de Dados/Data Analyst","Sênior","Modelo 100% remoto","1","0","0","0","0","0","0","1","0","1","0","0","1","0","0","0","0","0","0","1","0","0","0","1","0","0","0","0"
"sxf8jf35mvxvosxf82820wzufvoj8dq6","31","30-34","Masculino","Fora do Brasil","Exterior","Exterior","de R$ 20.001/mês a R$ 25.000/mês","Analista de Dados/Data Analyst","Pleno","Modelo híbrido flexível (o funcionário tem liberdade para escolher quando estar no escritório presencialmente)","1","0","0","0","0","0","0","1","0","0","0","0","0","0","0","0","0","0","0","0","0","0","1","0","0","0","0","0"
"9skv740609utdfxx99n9skv79a0v3r6t","27","25-29","Masculino","São Paulo (SP)","SP","Sudeste","de R$ 3.001/mês a R$ 4.000/mês","Analista de BI/BI Analyst/Analytics Engineer","Júnior","Modelo 100% remoto","0","0","0","0","0","1","0","1","0","1","0","0","0","0","0","0","0","0","0","0","1","0","0","0","0","0","0","0"
"sx4hmxhofvt3gi8jsx4hw6sjuelkxqjo","24","22-24","Masculino","Distrito Federal (DF)","DF","Centro-oeste","de R$ 3.001/mês a R$ 4.000/mês","Cientista de Dados/Data Scientist","Pleno","Modelo 100% remoto","0","1","0","0","0","0","0","1","0","1","0","0","0","0","0","0","0","0","0","0","1","0","0","0","0","0","0","0"
"9puscp4on3rotm9pusceae4lkn6j9qpy","27","25-29","Masculino","São Paulo (SP)","SP","Sudeste","de R$ 1.001/mês a R$ 2.000/mês","Analista de Dados/Data Analyst","Júnior","Modelo 100% presencial","0","0","0","0","0","1","0","0","0","0","0","0","0","0","0","1","0","0","0","0","1","0","0","0","0","0","1","0"
"swa0cakksxf6jxfxcm5iswa0bac7au3n","32","30-34","Masculino","Paraná (PR)","PR","Sul","de R$ 6.001/mês a R$ 8.000/mês","Analista de Dados/Data Analyst","Sênior","Modelo 100% presencial","0","0","0","0","0","1","0","1","0","1","0","0","0","0","0","0","0","0","0","0","1","0","0","0","0","0","0","0"
"svww7khgg88obwaxoa347svww7kh9g0i","27","25-29","Masculino","Rio Grande do Sul (RS)","RS","Sul","de R$ 4.001/mês a R$ 6.000/mês","Analista de Dados/Data Analyst","Pleno","Modelo híbrido flexível (o funcionário tem liberdade para escolher quando estar no escritório presencialmente)","1","0","0","0","0","0","0","1","0","1","0","0","0","0","0","0","0","0","0","0","1","0","0","0","0","0","0","0"
"9lzf32q67wgdt09qh1m9l2y064azmrae","21","17-21","Masculino","São Paulo (SP)","SP","Sudeste","de R$ 2.001/mês a R$ 3000/mês","Desenvolvedor ou Engenheiro de Software","Júnior","Modelo híbrido com dias fixos de trabalho presencial","1","0","0","0","0","0","0","1","0","0","0","0","1","0","0","0","0","0","0","1","0","0","0","1","0","0","0","0"
"sv90p0cfx47wsv90p2lk7makahhvp9es","27","25-29","Masculino","São Paulo (SP)","SP","Sudeste","de R$ 3.001/mês a R$ 4.000/mês","Analista de Inteligência de Mercado/Market Intelligence","Sênior","Modelo 100% remoto","0","0","0","0","0","1","0","0","1","1","0","0","0","0","0","0","0","0","0","0","1","0","0","0","0","0","1","0"
"e3rswu6k4i3l7d8qie3rsy77mdnuz2xi","26","25-29","Masculino","Bahia (BA)","BA","Nordeste","de R$ 3.001/mês a R$ 4.000/mês","Analista de BI/BI Analyst/Analytics Engineer","Pleno","Modelo 100% remoto","1","0","1","0","0","0","0","1","0","0","0","0","0","0","0","1","0","0","0","0","1","0","1","1","0","0","1","0"
"g6v3f1rj5d6vsrcg6v3fdzgcwtrz8a3k","25","25-29","Feminino","Ceará (CE)","CE","Nordeste","de R$ 2.001/mês a R$ 3000/mês","Analista de BI/BI Analyst/Analytics Engineer","Júnior","Modelo 100% remoto","0","1","0","0","0","0","0","1","0","1","0","0","0","0","0","0","0","0","0","0","1","0","0","0","0","1","0","0"
"suneqwp4wyd1ttsuneqjossdnc6vncd9","27","25-29","Masculino","São Paulo (SP)","SP","Sudeste","Acima de R$ 40.001/mês","Engenheiro de Dados/Data Engineer","Sênior","Modelo 100% remoto","1","1","0","0","0","0","0","1","0","1","0","0","0","0","0","0","1","0","0","0","0","0","0","1","0","0","0","0"
"su1kdvajz517myzdksu1kdvoil288ng9","35","35-39","Masculino","Minas Gerais (MG)","MG","Sudeste","de R$ 6.001/mês a R$ 8.000/mês","Analista de Dados/Data Analyst","Sênior","Modelo 100% remoto","0","1","0","0","0","0","0","1","0","1","0","0","0","0","0","0","0","0","0","0","1","0","0","0","0","0","0","0"
"srvaf0b21pq5ojrsvvsrvaf0xa259yts","27","25-29","Masculino","São Paulo (SP)","SP","Sudeste","de R$ 12.001/mês a R$ 16.000/mês","Cientista de Dados/Data Scientist","Pleno","Modelo híbrido com dias fixos de trabalho presencial","1","0","0","0","0","0","0","1","1","1","0","0","0","0","0","0","1","0","0","0","0","0","0","0","1","0","0","0"
"sqcy649yc238b16oka46h1sqcy6lbb4i","31","30-34","Masculino","Rio Grande do Sul (RS)","RS","Sul","de R$ 16.001/mês a R$ 20.000/mês","Engenheiro de Dados/Data Engineer","Sênior","Modelo 100% remoto","1","1","1","0","0","0","0","1","0","1","0","0","1","0","0","0","1","0","0","0","1","0","1","0","0","0","0","0"
"8sbzpu33t52ayq7zyfvgf8sbzpu3q9by","26","25-29","Masculino","São Paulo (SP)","SP","Sudeste","de R$ 2.001/mês a R$ 3000/mês","Analista de Sistemas/Analista de TI","Júnior","Modelo 100% remoto","0","0","0","0","0","1","0","1","1","0","0","0","0","0","0","1","0","0","0","0","0","0","0","0","0","1","0","0"
"spw9p41p1vhkn8b8yc305spw9p4llvy4","32","30-34","Masculino","Rio de Janeiro (RJ)","RJ","Sudeste","de R$ 8.001/mês a R$ 12.000/mês","Cientista de Dados/Data Scientist","Pleno","Modelo 100% remoto","0","0","0","0","0","0","1","1","0","1","0","0","0","0","0","0","0","0","0","0","1","0","0","0","0","0","0","0"
"spiwwt1n3gb1jxeak3p4spiwwthyjf09","23","22-24","Masculino","Rio de Janeiro (RJ)","RJ","Sudeste","de R$ 4.001/mês a R$ 6.000/mês","Desenvolvedor ou Engenheiro de Software","Júnior","Modelo 100% remoto","0","0","0","0","0","1","0","1","0","1","0","0","1","0","0","0","0","0","0","1","0","0","0","1","0","0","0","0"
"spa8zd1jxp84egybswuspa8zov6eq4oh","24","22-24","Masculino","São Paulo (SP)","SP","Sudeste","de R$ 4.001/mês a R$ 6.000/mês","Analista de Dados/Data Analyst","Pleno","Modelo 100% presencial","0","0","0","0","0","1","1","1","1","1","0","0","0","0","1","1","0","0","0","0","1","0","0","0","0","0","1","0"
"8luz4x0gn1px88g7s8luz66acjq3ftzc","21","17-21","Masculino","São Paulo (SP)","SP","Sudeste","de R$ 1.001/mês a R$ 2.000/mês","Analista de BI/BI Analyst/Analytics Engineer","Júnior","Modelo híbrido flexível (o funcionário tem liberdade para escolher quando estar no escritório presencialmente)","1","1","0","0","0","0","0","1","0","1","0","0","0","0","0","0","0","0","0","0","1","0","0","0","0","0","0","0"
"snxf7z15driqi5eevsnxf7z1z1tdjvtk","31","30-34","Feminino","São Paulo (SP)","SP","Sudeste","de R$ 16.001/mês a R$ 20.000/mês","Desenvolvedor ou Engenheiro de Software","Sênior","Modelo 100% remoto","1","0","1","0","0","0","1","1","0","0","1","1","1","0","0","0","0","0","0","1","0","0","0","0","0","0","0","1"
"snczna9gn430tvhaapsncznvte52e8is","33","30-34","Masculino","Minas Gerais (MG)","MG","Sudeste","de R$ 4.001/mês a R$ 6.000/mês","Analista de Dados/Data Analyst","Pleno","Modelo 100% remoto","0","0","0","0","0","1","0","1","0","1","0","0","1","0","0","1","0","0","1","1","1","0","0","0","0","0","0","0"
"smob9r856g58mwegizdvfsmob94m8tu9","30","30-34","Feminino","","","Norte","de R$ 2.001/mês a R$ 3000/mês","Analista de Dados/Data Analyst","Júnior","Modelo híbrido flexível (o funcionário tem liberdade para escolher quando estar no escritório presencialmente)","0","0","0","0","0","1","0","0","0","1","0","0","0","0","0","0","0","0","0","0","1","0","0","0","0","1","0","0"
"cp0i4mi8tgel1x6n7zhscp0i4mip0n7p","22","22-24","Masculino","Ceará (CE)","CE","Nordeste","de R$ 2.001/mês a R$ 3000/mês","Analista de BI/BI Analyst/Analytics Engineer","Júnior","Modelo híbrido flexível (o funcionário tem liberdade para escolher quando estar no escritório presencialmente)","0","0","1","0","0","0","0","1","1","1","0","0","0","0","0","0","0","0","0","0","1","0","0","0","0","0","0","0"
"6m9dhlzmdaggm6mor6jam6qwrekby8b5","36","35-39","Masculino","Minas Gerais (MG)","MG","Sudeste","de R$ 1.001/mês a R$ 2.000/mês","Outro","Pleno","Modelo 100% presencial","0","0","0","0","0","1","0","0","0","0","0","0","0","0","0","0","0","0","0","0","0","0","0","0","0","0","0","1"
"sls45ph0dz4d53sls4i1z3oxg0kdoqrz","29","25-29","Masculino","São Paulo (SP)","SP","Sudeste","de R$ 6.001/mês a R$ 8.000/mês","Cientista de Dados/Data Scientist","Júnior","Modelo híbrido com dias fixos de trabalho presencial","0","0","0","0","0","1","0","1","1","0","0","0","0","1","0","0","0","0","0","0","1","0","0","0","0","0","0","0"
"slinrcqk4oh2xsaslinrgkujzwsd5jqw","31","30-34","Masculino","Paraná (PR)","PR","Sul","de R$ 30.001/mês a R$ 40.000/mês","Engenheiro de Machine Learning/ML Engineer","Sênior","Modelo 100% remoto","1","1","0","0","0","1","0","0","0","1","1","0","0","0","0","0","0","0","0","0","0","0","1","0","0","0","1","0"
"skuif9y7vijv85iyrr5m7j4skuifgrq1","25","25-29","Masculino","São Paulo (SP)","SP","Sudeste","de R$ 8.001/mês a R$ 12.000/mês","Analista de BI/BI Analyst/Analytics Engineer","Sênior","Modelo 100% remoto","0","1","0","0","0","0","0","1","1","1","0","0","0","0","0","0","0","0","0","0","0","0","0","1","1","1","0","0"
"6m2f7s1y8989weod986m2f7s1yawdpk8","22","22-24","Masculino","Minas Gerais (MG)","MG","Sudeste","de R$ 1.001/mês a R$ 2.000/mês","Analista de Inteligência de Mercado/Market Intelligence","Júnior","Modelo 100% presencial","0","0","0","0","0","1","0","0","0","0","0","0","0","0","0","0","0","0","0","0","1","0","0","0","0","0","0","0"
"sht3j6rwo8ic9jssht3j6pw21pxiwk9m","28","25-29","Masculino","Paraná (PR)","PR","Sul","de R$ 6.001/mês a R$ 8.000/mês","Engenheiro de Dados/Data Engineer","Pleno","Modelo híbrido flexível (o funcionário tem liberdade para escolher quando estar no escritório presencialmente)","0","0","1","0","0","1","0","1","0","1","0","0","0","0","0","0","0","0","0","0","1","0","0","0","0","0","0","0"
"shk15b4ujav9o0ndeateyshk15b4bgsy","29","25-29","Feminino","São Paulo (SP)","SP","Sudeste","de R$ 4.001/mês a R$ 6.000/mês","Desenvolvedor ou Engenheiro de Software","Júnior","Modelo 100% remoto","0","0","1","0","0","0","0","1","0","1","0","0","0","0","0","0","0","0","0","0","0","0","0","0","0","0","0","0"
"sfgb6ikxus7ykmo6zsfgbtpfb7uls22s","38","35-39","Feminino","Minas Gerais (MG)","MG","Sudeste","de R$ 6.001/mês a R$ 8.000/mês","Analista de Dados/Data Analyst","Sênior","Modelo híbrido com dias fixos de trabalho presencial","0","0","0","0","0","1","0","1","0","1","0","0","0","0","0","0","0","0","0","0","1","0","0","0","0","0","1","0"
"ser25ah9gn04wseryxxymu007iinhrjc","34","30-34","Feminino","Minas Gerais (MG)","MG","Sudeste","de R$ 12.001/mês a R$ 16.000/mês","Professor","Sênior","Modelo 100% remoto","0","1","0","0","0","0","0","0","0","1","0","0","0","0","0","0","0","0","0","0","0","0","0","0","0","0","0","1"
"68qmv8dexufesavh3w4468qmv8d3kebo","38","35-39","Feminino","Rio de Janeiro (RJ)","RJ","Sudeste","de R$ 2.001/mês a R$ 3000/mês","Outro","Pleno","Modelo 100% presencial","0","0","0","0","0","1","0","0","0","0","0","0","0","0","0","0","0","0","0","0","0","0","0","0","0","0","0","0"
"sbn3orctrkhnftqlqsbn3oku0mu8g8f9","24","22-24","Masculino","São Paulo (SP)","SP","Sudeste","de R$ 1.001/mês a R$ 2.000/mês","Analista de BI/BI Analyst/Analytics Engineer","Júnior","Modelo 100% remoto","0","0","0","0","0","0","1","1","0","1","0","0","0","0","0","0","0","0","0","0","1","0","0","0","0","0","0","0"
"5dk2xa16umavfwe4kx5dk2xqq6zv6s3y","25","25-29","Feminino","Maranhão (MA)","MA","Nordeste","Menos de R$ 1.000/mês","","","Modelo híbrido com dias fixos de trabalho presencial","","","","","","","","","","","","","","","","","","","","","","","","","","","",""
"ppk6g9kj8v734zf12hxppk6x62fwd0mj","28","25-29","Masculino","Mato Grosso (MT)","MT","Centro-oeste","de R$ 4.001/mês a R$ 6.000/mês","Outro","Pleno","Modelo híbrido flexível (o funcionário tem liberdade para escolher quando estar no escritório presencialmente)","0","0","1","0","0","0","0","1","0","0","0","0","0","0","0","0","0","0","0","0","1","0","0","0","0","0","0","0"
"cocv2b8ust131e57cocvq3lbnsweg6kz","29","25-29","Masculino","Ceará (CE)","CE","Nordeste","de R$ 6.001/mês a R$ 8.000/mês","Cientista de Dados/Data Scientist","Pleno","Modelo 100% remoto","1","0","0","0","0","1","0","1","0","1","0","0","0","0","0","0","0","0","0","0","1","0","0","1","0","0","0","0"
"s7u1ut9h8pbzyo0iz89s7u12vb4bv54b","","55+","Masculino","Rio de Janeiro (RJ)","RJ","Sudeste","de R$ 8.001/mês a R$ 12.000/mês","Analista de Dados/Data Analyst","Pleno","Modelo 100% remoto","0","0","0","0","0","0","1","1","1","1","0","0","0","0","0","0","0","0","0","0","1","0","0","0","0","0","0","0"
"s7rh757uzd89res7rh75j6g9gy4u2tpl","28","25-29","Feminino","Distrito Federal (DF)","DF","Centro-oeste","de R$ 6.001/mês a R$ 8.000/mês","Analista de BI/BI Analyst/Analytics Engineer","Júnior","Modelo 100% presencial","1","0","0","0","0","0","0","1","0","1","0","0","0","0","0","0","0","0","0","0","0","0","1","1","0","0","0","0"
"s7e9jj78vf0cgnp7vgzs7e9jio51p3fa","47","45-49","Masculino","Distrito Federal (DF)","DF","Centro-oeste","de R$ 12.001/mês a R$ 16.000/mês","Analista de BI/BI Analyst/Analytics Engineer","Sênior","Modelo 100% remoto","1","0","0","1","0","1","0","1","0","1","0","0","1","0","0","0","1","0","0","0","1","0","0","0","0","0","0","0"
"s77hd28oiovetkj9bpxhrs77hdjwdfyh","33","30-34","Masculino","Minas Gerais (MG)","MG","Sudeste","de R$ 8.001/mês a R$ 12.000/mês","Analista de BI/BI Analyst/Analytics Engineer","Sênior","Modelo 100% remoto","0","1","0","0","0","0","0","1","0","1","0","0","0","0","0","0","0","0","0","0","0","0","0","0","1","1","0","0"
"s6vwlrd9qow4iivqdvp4gziw8s6vwlrd","23","22-24","Masculino","Rio Grande do Sul (RS)","RS","Sul","de R$ 4.001/mês a R$ 6.000/mês","Analista de BI/BI Analyst/Analytics Engineer","Pleno","Modelo híbrido flexível (o funcionário tem liberdade para escolher quando estar no escritório presencialmente)","0","0","1","0","0","1","0","1","1","1","0","0","0","0","0","1","0","0","0","0","1","0","0","0","0","0","0","0"
"2l6as57wp5aey4ielsfl2l6asd54joiw","23","22-24","Masculino","Goiás (GO)","GO","Centro-oeste","de R$ 1.001/mês a R$ 2.000/mês","Suporte Técnico","Pleno","Modelo 100% remoto","1","0","0","0","0","0","0","1","0","0","0","0","1","0","0","0","0","0","0","0","0","0","0","0","0","0","0","0"
"s5m2ijr9sujpxs5m2iw6h695y5al67ys","21","17-21","Masculino","São Paulo (SP)","SP","Sudeste","de R$ 4.001/mês a R$ 6.000/mês","Analista de Dados/Data Analyst","Sênior","Modelo híbrido flexível (o funcionário tem liberdade para escolher quando estar no escritório presencialmente)","0","1","0","0","0","0","0","1","1","1","0","0","1","0","0","0","0","0","0","1","1","0","0","0","0","1","1","0"
"s2wi3jfs56r27pqs2wi3bbuknvwly6vz","27","25-29","Masculino","São Paulo (SP)","SP","Sudeste","de R$ 6.001/mês a R$ 8.000/mês","Engenheiro de Dados/Data Engineer","Pleno","Modelo híbrido flexível (o funcionário tem liberdade para escolher quando estar no escritório presencialmente)","1","1","0","0","0","0","0","1","0","1","0","0","1","0","0","0","0","0","0","1","0","0","0","1","0","1","0","0"
"s27c08qmxzrkqpws278q98hy8ngnlo06","30","30-34","Masculino","São Paulo (SP)","SP","Sudeste","de R$ 12.001/mês a R$ 16.000/mês","Cientista de Dados/Data Scientist","Sênior","Modelo 100% remoto","1","1","1","0","0","0","0","1","0","1","0","0","0","0","0","0","0","0","0","0","0","0","0","0","0","0","0","1"
"s1q8id2jt9b576wij5s1q8ipc4dvm62p","29","25-29","Feminino","São Paulo (SP)","SP","Sudeste","de R$ 2.001/mês a R$ 3000/mês","Analista de Marketing","Júnior","Modelo 100% remoto","0","0","0","0","0","1","0","0","0","0","0","0","0","0","0","0","0","0","0","0","0","0","0","0","0","0","1","0"
"s12e9xwag6dytxhfs15n6oowcsv0xwzu","32","30-34","Masculino","São Paulo (SP)","SP","Sudeste","de R$ 6.001/mês a R$ 8.000/mês","Cientista de Dados/Data Scientist","Pleno","Modelo híbrido flexível (o funcionário tem liberdade para escolher quando estar no escritório presencialmente)","0","0","1","0","0","0","0","1","1","1","0","0","0","1","0","0","0","0","0","0","1","0","0","0","0","0","0","0"
"rz58fc1p9x3tns4rbsrz58191yrwmpgs","44","40-44","Masculino","São Paulo (SP)","SP","Sudeste","de R$ 4.001/mês a R$ 6.000/mês","Outro","Sênior","Modelo híbrido com dias fixos de trabalho presencial","1","0","1","0","0","0","1","0","0","0","0","0","0","0","0","0","0","0","0","0","0","0","0","0","0","0","0","0"
"0153iak0ju979lvvzhb0153iap1ob6kr","24","22-24","Masculino","Rio de Janeiro (RJ)","RJ","Sudeste","de R$ 8.001/mês a R$ 12.000/mês","Engenheiro de Dados/Data Engineer","Júnior","Modelo 100% remoto","1","0","0","0","0","0","0","1","0","1","0","0","0","0","0","0","0","0","0","0","0","0","0","0","0","1","0","0"
"ryqk3zdz0zxhgb3v911uivmryqk3zd1r","28","25-29","Masculino","Paraná (PR)","PR","Sul","de R$ 8.001/mês a R$ 12.000/mês","Cientista de Dados/Data Scientist","Sênior","Modelo 100% remoto","1","0","0","0","0","0","0","1","0","1","0","0","0","0","0","0","0","0","0","0","1","0","0","0","0","1","1","0"
"rycmgq4er3n4dlakrycmawa1j2pn1ekq","33","30-34","Masculino","São Paulo (SP)","SP","Sudeste","de R$ 2.001/mês a R$ 3000/mês","Outro","Júnior","Modelo 100% remoto","0","0","1","0","0","0","0","1","0","1","0","0","0","0","0","0","0","0","0","0","1","0","0","0","0","0","0","0"
"ry65zz6n547ary651ossg4rf0j1umlxc","36","35-39","Masculino","São Paulo (SP)","SP","Sudeste","de R$ 3.001/mês a R$ 4.000/mês","Analista de BI/BI Analyst/Analytics Engineer","Pleno","Modelo 100% remoto","0","1","0","0","0","0","0","1","0","0","0","0","0","0","0","0","0","0","0","0","1","0","0","0","0","1","0","0"
"rwu97xgrc727oo95yatrwuw82xvdq8wf","41","40-44","Masculino","Espírito Santo (ES)","ES","Sudeste","de R$ 6.001/mês a R$ 8.000/mês","Analista de Dados/Data Analyst","Pleno","Modelo 100% remoto","0","0","1","0","0","0","0","1","0","1","1","1","1","0","0","1","0","0","0","1","1","0","0","0","0","0","0","0"
"rwkr71escnvn4hurwkr7sqvcabkzv0nd","35","35-39","Masculino","Rio Grande do Sul (RS)","RS","Sul","de R$ 8.001/mês a R$ 12.000/mês","Engenheiro de Dados/Data Engineer","Sênior","Modelo 100% remoto","0","1","0","0","0","0","0","1","0","1","1","0","1","0","0","0","0","0","0","1","0","0","1","0","0","1","0","0"
"rwbplyfdumt3ws3uarwbpl3cz83i8ncf","28","25-29","Masculino","São Paulo (SP)","SP","Sudeste","Acima de R$ 40.001/mês","Engenheiro de Machine Learning/ML Engineer","Pleno","Modelo 100% remoto","1","0","0","0","0","0","0","1","0","1","0","0","0","0","0","0","0","0","0","0","0","0","0","0","0","0","0","1"
"rw6o0clectcq9vfd1k878rw6o0b8705s","31","30-34","Masculino","Rio de Janeiro (RJ)","RJ","Sudeste","de R$ 2.001/mês a R$ 3000/mês","Analista de BI/BI Analyst/Analytics Engineer","Pleno","Modelo híbrido com dias fixos de trabalho presencial","0","0","0","0","0","1","0","0","0","1","0","0","0","0","0","0","0","0","0","0","1","0","1","0","0","0","0","0"
"rw2ybaie1nxewumobrw2ybaihkekqgvm","42","40-44","Masculino","Espírito Santo (ES)","ES","Sudeste","de R$ 6.001/mês a R$ 8.000/mês","Outro","Pleno","Modelo 100% presencial","0","0","0","0","0","0","0","0","0","0","0","0","0","0","0","0","0","0","0","0","0","0","0","0","0","0","0","1"
"rvezv4hc0ooyw7bryrvezvvgj79pyg1o","32","30-34","Feminino","Minas Gerais (MG)","MG","Sudeste","de R$ 8.001/mês a R$ 12.000/mês","Cientista de Dados/Data Scientist","Sênior","Modelo 100% remoto","0","0","1","0","0","0","0","1","1","1","0","0","0","0","0","0","0","0","0","0","1","0","0","0","0","0","0","0"
"rv2zxdtdjbk8rupxj3rv2zxd74wzugu7","38","35-39","Masculino","Minas Gerais (MG)","MG","Sudeste","de R$ 6.001/mês a R$ 8.000/mês","Engenheiro de Dados/Data Engineer","Júnior","Modelo 100% remoto","1","0","0","0","0","0","0","1","0","1","0","0","0","0","0","0","0","0","0","0","0","0","1","0","0","0","0","0"
"ru6hrgs292hlsmn8klgj8i6fru6hrgs2","33","30-34","Feminino","São Paulo (SP)","SP","Sudeste","de R$ 3.001/mês a R$ 4.000/mês","Analista Administrativo","Pleno","Modelo híbrido flexível (o funcionário tem liberdade para escolher quando estar no escritório presencialmente)","0","0","1","0","0","0","0","0","0","0","0","0","0","0","0","0","0","0","0","0","1","0","0","0","0","0","0","0"
"rttcjnsike5ukrta72erttcjn0k74t81","29","25-29","Feminino","Minas Gerais (MG)","MG","Sudeste","de R$ 4.001/mês a R$ 6.000/mês","Analista de BI/BI Analyst/Analytics Engineer","Júnior","Modelo 100% remoto","1","0","1","0","0","0","0","1","0","0","0","0","0","0","0","0","0","0","0","0","1","0","0","0","0","0","0","0"
"rtccr59ihi9rvpgeb1krtccr59h55u7r","24","22-24","Feminino","Paraná (PR)","PR","Sul","de R$ 8.001/mês a R$ 12.000/mês","Analista de Dados/Data Analyst","Sênior","Modelo híbrido flexível (o funcionário tem liberdade para escolher quando estar no escritório presencialmente)","1","0","0","0","0","0","0","1","0","1","0","0","0","0","0","0","0","0","0","0","1","0","1","1","0","0","0","0"
"rsd3f6q9l7fbvkyjnrs8tukibld20w3d","19","17-21","Masculino","Distrito Federal (DF)","DF","Centro-oeste","Menos de R$ 1.000/mês","Analista de Dados/Data Analyst","Júnior","Modelo híbrido com dias fixos de trabalho presencial","0","0","0","0","0","1","0","1","1","1","0","0","0","0","0","0","0","0","0","0","1","0","0","0","0","0","0","0"
"rrv22zs5ihc1a36o9cxobrrv22z8mgxk","41","40-44","Masculino","São Paulo (SP)","SP","Sudeste","de R$ 6.001/mês a R$ 8.000/mês","Engenheiro de Dados/Data Engineer","Pleno","Modelo híbrido flexível (o funcionário tem liberdade para escolher quando estar no escritório presencialmente)","0","1","1","0","0","0","0","1","0","1","0","0","1","0","0","0","1","0","0","0","1","1","1","0","0","1","0","0"
"rrqqmxytkxaqawh6t42rrqqhurjckdf0","29","25-29","Feminino","São Paulo (SP)","SP","Sudeste","de R$ 3.001/mês a R$ 4.000/mês","Cientista de Dados/Data Scientist","Pleno","Modelo 100% remoto","0","1","0","0","0","0","0","1","0","1","0","0","0","0","0","0","0","0","0","0","0","0","0","0","0","1","0","0"
"rrf89s4bkmho476rrf898p4us2e0wm37","30","30-34","Feminino","São Paulo (SP)","SP","Sudeste","de R$ 8.001/mês a R$ 12.000/mês","Analista de Dados/Data Analyst","Pleno","Modelo 100% remoto","0","0","1","0","0","0","0","1","0","1","0","0","0","0","0","0","1","0","0","0","1","0","0","0","0","0","0","0"
"yruk03i9w1z7xuqrtff4ayruk03i9juu","36","35-39","Masculino","São Paulo (SP)","SP","Sudeste","de R$ 8.001/mês a R$ 12.000/mês","Analista de BI/BI Analyst/Analytics Engineer","Sênior","Modelo híbrido com dias fixos de trabalho presencial","1","0","0","0","0","0","0","1","0","1","0","0","0","0","0","0","0","0","0","0","1","0","0","0","0","0","0","0"
"rqn008cbth5i9h3frq32mjrqhj7sptmt","37","35-39","Masculino","São Paulo (SP)","SP","Sudeste","de R$ 8.001/mês a R$ 12.000/mês","Analista de BI/BI Analyst/Analytics Engineer","Sênior","Modelo 100% remoto","1","0","1","0","0","0","0","1","0","1","0","0","0","0","1","0","0","0","0","0","1","0","1","0","0","0","0","0"
"rqf80ytsrctxnc3l7rqf80iunb4bdwwt","25","25-29","Feminino","Minas Gerais (MG)","MG","Sudeste","de R$ 6.001/mês a R$ 8.000/mês","Engenheiro de Dados/Data Engineer","Pleno","Modelo 100% remoto","0","0","1","0","0","0","0","1","0","1","0","0","0","0","0","0","0","0","0","0","0","0","0","0","0","0","0","1"
"rq7u797g0kv9r208r22rq7u79aezfcuq","36","35-39","Masculino","Minas Gerais (MG)","MG","Sudeste","de R$ 6.001/mês a R$ 8.000/mês","Engenheiro de Dados/Data Engineer","Pleno","Modelo 100% remoto","1","1","1","0","0","0","0","0","0","1","0","0","0","0","0","0","0","0","0","0","1","0","1","1","0","1","0","0"
"rj4daj9cxkeazeycr7rj4dd07fo071gs","51","50-54","Masculino","Santa Catarina (SC)","SC","Sul","de R$ 8.001/mês a R$ 12.000/mês","Analista de Dados/Data Analyst","Júnior","Modelo híbrido com dias fixos de trabalho presencial","0","0","0","0","0","1","0","1","0","0","0","0","0","0","0","0","0","0","0","0","1","0","0","0","0","0","0","0"
"rpdnp4vhxaaoq5x5g2carpdnpcpp00gc","28","25-29","Masculino","Paraná (PR)","PR","Sul","de R$ 4.001/mês a R$ 6.000/mês","Cientista de Dados/Data Scientist","Júnior","Modelo 100% presencial","1","0","0","0","0","0","0","1","1","0","0","0","0","0","0","0","0","0","0","0","0","0","0","1","0","0","0","0"
"yb23e3ecy6zha1z65wyv4wyb23e3eb87","24","22-24","Masculino","São Paulo (SP)","SP","Sudeste","de R$ 4.001/mês a R$ 6.000/mês","Analista de Dados/Data Analyst","Júnior","Modelo 100% remoto","1","0","0","0","0","0","0","1","0","1","0","0","0","0","0","0","0","0","0","0","0","0","0","0","0","0","0","0"
"rnivu76wdl92ri9n2ppf3aernivu761z","25","25-29","Masculino","São Paulo (SP)","SP","Sudeste","de R$ 4.001/mês a R$ 6.000/mês","Analista de Dados/Data Analyst","Júnior","Modelo 100% remoto","0","0","0","0","0","1","0","1","0","1","0","0","0","0","0","0","0","0","0","0","1","0","0","0","0","0","0","0"
"xhfy47v1k13kfqvzayxhfy47mjebbupl","30","30-34","Masculino","Paraná (PR)","PR","Sul","de R$ 4.001/mês a R$ 6.000/mês","Analista de BI/BI Analyst/Analytics Engineer","Pleno","Modelo 100% remoto","1","0","0","0","0","0","0","1","0","1","0","0","0","1","0","0","0","0","0","0","1","0","0","1","0","0","0","0"
"rmh01rudbdvpeo4qli7rrmh01r2mj2ln","26","25-29","Masculino","São Paulo (SP)","SP","Sudeste","de R$ 8.001/mês a R$ 12.000/mês","Cientista de Dados/Data Scientist","Júnior","Modelo 100% remoto","0","0","1","0","0","0","0","1","0","1","0","0","0","0","0","0","0","0","0","0","1","0","0","0","0","0","0","0"
"rlvjpjnc5vjye87adrlvj6fqqpap34m2","49","45-49","Masculino","São Paulo (SP)","SP","Sudeste","de R$ 6.001/mês a R$ 8.000/mês","Professor","Pleno","Modelo 100% presencial","0","0","0","0","0","1","0","0","0","1","0","0","0","0","0","1","0","0","0","0","1","0","0","0","0","0","0","0"
"rlro7h7gmo3c8mft6rlro7hdw5teyica","20","17-21","Masculino","Paraná (PR)","PR","Sul","de R$ 1.001/mês a R$ 2.000/mês","Desenvolvedor ou Engenheiro de Software","Júnior","Modelo 100% presencial","0","0","0","0","0","1","0","1","0","0","0","0","1","0","0","0","0","0","1","1","0","0","0","0","0","0","0","1"
"wt17x7liqsy3tuwb31wt17xhvgvq3269","45","45-49","Masculino","São Paulo (SP)","SP","Sudeste","de R$ 6.001/mês a R$ 8.000/mês","Outro","Sênior","Modelo híbrido flexível (o funcionário tem liberdade para escolher quando estar no escritório presencialmente)","0","0","0","0","0","0","0","0","0","0","0","0","0","0","0","1","0","0","0","0","1","0","1","0","0","0","0","0"
"rkblknted0i5kulofmrkblkny8kt9gsy","34","30-34","Masculino","Minas Gerais (MG)","MG","Sudeste","de R$ 3.001/mês a R$ 4.000/mês","Técnico","Pleno","Modelo híbrido com dias fixos de trabalho presencial","0","0","0","0","0","1","0","0","0","1","0","0","0","0","0","0","0","0","0","0","0","0","0","0","0","0","0","0"
"rk9elyuq4grc2c1srcrk9elwwj785asq","27","25-29","Masculino","Minas Gerais (MG)","MG","Sudeste","de R$ 12.001/mês a R$ 16.000/mês","Engenheiro de Dados/Data Engineer","Sênior","Modelo 100% remoto","1","0","1","0","0","0","0","1","0","1","0","0","0","0","0","0","1","0","0","0","1","0","1","0","0","0","0","0"
"rjqhwi3nsqv92va5gva9arjqhwitytqu","34","30-34","Masculino","Rio Grande do Sul (RS)","RS","Sul","de R$ 4.001/mês a R$ 6.000/mês","Analista de BI/BI Analyst/Analytics Engineer","Sênior","Modelo híbrido com dias fixos de trabalho presencial","1","0","1","0","0","0","0","1","0","0","0","0","1","0","0","0","0","0","1","1","1","0","0","0","0","0","0","0"
"qel5nd8e9oii4s3qcs2o2yqqel5nd8e9","51","50-54","Masculino","Rio de Janeiro (RJ)","RJ","Sudeste","de R$ 12.001/mês a R$ 16.000/mês","Desenvolvedor ou Engenheiro de Software","Sênior","Modelo 100% remoto","0","0","1","0","0","0","0","1","0","0","1","1","0","0","0","0","0","0","0","0","1","0","0","0","0","0","0","0"
"wjkwtgqtll4krrt5qzmwjkwtglgm03og","22","22-24","Masculino","Minas Gerais (MG)","MG","Sudeste","de R$ 4.001/mês a R$ 6.000/mês","Engenheiro de Dados/Data Engineer","Júnior","Modelo híbrido flexível (o funcionário tem liberdade para escolher quando estar no escritório presencialmente)","0","0","1","0","0","0","0","1","0","1","0","0","0","0","0","0","1","0","0","0","1","1","1","0","0","0","0","0"
"rixw3dj5ov7qom0rdyh2d1rixw5ada82","28","25-29","Masculino","Goiás (GO)","GO","Centro-oeste","de R$ 6.001/mês a R$ 8.000/mês","Engenheiro de Machine Learning/ML Engineer","Sênior","Modelo 100% remoto","1","0","1","0","0","0","0","1","0","1","1","0","1","0","0","0","0","0","0","1","1","0","0","1","0","0","0","0"
"cmk36wwu3om0uq4k7ao6cmkzkeqayusb","20","17-21","Masculino","Ceará (CE)","CE","Nordeste","de R$ 4.001/mês a R$ 6.000/mês","Analista de Dados/Data Analyst","Júnior","Modelo 100% remoto","1","0","0","0","0","0","0","1","0","1","0","0","0","0","0","0","0","0","0","0","0","0","0","0","0","0","0","1"
"w1qgvx3ztmt3bt9ja7ie4w1qgvxqw177","35","35-39","Masculino","Rio Grande do Norte (RN)","RN","Nordeste","de R$ 8.001/mês a R$ 12.000/mês","Cientista de Dados/Data Scientist","Sênior","Modelo híbrido com dias fixos de trabalho presencial","1","0","0","0","0","0","1","1","0","1","0","0","0","0","0","0","0","0","0","0","0","1","0","0","0","1","0","0"
"56zl5qrfj9srfw3w9r56zl517drcpx58","50","50-54","Masculino","Goiás (GO)","GO","Centro-oeste","de R$ 8.001/mês a R$ 12.000/mês","Analista de Dados/Data Analyst","Pleno","Modelo 100% remoto","0","0","0","0","0","1","0","1","0","1","0","0","0","0","0","1","0","0","0","0","1","0","0","0","0","0","0","0"
"rhlesioxn9nenvicmrhl2aemth7ha7zv","28","25-29","Masculino","São Paulo (SP)","SP","Sudeste","de R$ 8.001/mês a R$ 12.000/mês","Analista de BI/BI Analyst/Analytics Engineer","Sênior","Modelo 100% remoto","0","0","0","0","0","1","0","1","0","1","0","0","0","0","0","1","0","0","0","0","1","0","0","0","0","0","0","0"
"rhkg8azhk4h99ubpp4cn2rhkg8a5k7ha","24","22-24","Masculino","São Paulo (SP)","SP","Sudeste","de R$ 8.001/mês a R$ 12.000/mês","Cientista de Dados/Data Scientist","Pleno","Modelo 100% remoto","1","0","1","0","0","0","0","1","0","1","0","0","0","0","0","0","0","0","0","0","1","0","0","0","0","0","0","0"
"rhixqltf4gqwtl7ab4wrhic5q7z7oscu","28","25-29","Masculino","Minas Gerais (MG)","MG","Sudeste","de R$ 8.001/mês a R$ 12.000/mês","Outras Engenharias (não inclui dev)","Júnior","Modelo 100% remoto","0","0","0","0","0","1","0","0","0","1","0","0","0","0","0","0","0","0","0","0","0","0","0","0","0","0","1","0"
"tsbqg6e32s382f45ts52ltgdlk2riupv","41","40-44","Masculino","Distrito Federal (DF)","DF","Centro-oeste","de R$ 25.001/mês a R$ 30.000/mês","Estatístico","Sênior","Modelo 100% presencial","0","0","0","0","0","1","0","1","1","1","0","0","0","0","0","0","0","0","0","0","1","1","0","0","0","0","0","0"
"rgrdy8xpuerpsige4p0trgrdy8wgp94x","33","30-34","Masculino","Goiás (GO)","GO","Centro-oeste","de R$ 12.001/mês a R$ 16.000/mês","Analista de BI/BI Analyst/Analytics Engineer","Sênior","Modelo 100% remoto","1","0","0","0","0","0","1","1","0","1","0","0","0","0","0","0","0","0","0","0","0","1","1","1","0","0","0","0"
"rfzxgaqgje0nyh6zonib9qtrfzxgaq9l","24","22-24","Feminino","São Paulo (SP)","SP","Sudeste","de R$ 2.001/mês a R$ 3000/mês","Engenheiro de Dados/Data Engineer","Júnior","Modelo 100% remoto","0","0","0","0","0","1","0","1","0","1","0","0","0","0","0","0","0","0","0","0","0","0","1","0","0","0","0","0"
"rf5of32hgnkm9afjac7prf5of3v5jmle","31","30-34","Masculino","Minas Gerais (MG)","MG","Sudeste","de R$ 3.001/mês a R$ 4.000/mês","Analista de BI/BI Analyst/Analytics Engineer","Júnior","Modelo híbrido com dias fixos de trabalho presencial","0","0","0","0","0","0","1","1","0","0","0","0","0","0","0","0","0","0","0","0","1","0","0","0","0","0","0","0"
"re3u7sochu4pqre3ugwyjypdkfpg59qq","22","22-24","Masculino","São Paulo (SP)","SP","Sudeste","de R$ 8.001/mês a R$ 12.000/mês","Desenvolvedor ou Engenheiro de Software","Sênior","Modelo híbrido flexível (o funcionário tem liberdade para escolher quando estar no escritório presencialmente)","1","0","0","0","0","0","0","0","0","0","0","0","1","0","0","0","0","0","0","1","0","0","1","0","0","0","0","0"
"tee755wwti9i83osdfs8itee755ww4pu","21","17-21","Masculino","São Paulo (SP)","SP","Sudeste","de R$ 2.001/mês a R$ 3000/mês","Outras Engenharias (não inclui dev)","Júnior","Modelo 100% presencial","0","0","0","0","0","1","0","0","0","0","0","0","0","0","0","0","0","0","0","0","0","0","0","0","0","0","1","0"
"sjzhex2jv10khwaikvt46sjzhriavxwl","30","30-34","Outro","Sergipe (SE)","SE","Nordeste","de R$ 4.001/mês a R$ 6.000/mês","Outras Engenharias (não inclui dev)","Júnior","Modelo 100% remoto","1","0","0","0","0","0","1","0","0","1","0","0","0","0","0","1","0","0","0","0","1","0","0","0","0","0","0","0"
"rc8xqu925en5ls9rc8xqhl228ownfeue","25","25-29","Feminino","Distrito Federal (DF)","DF","Centro-oeste","de R$ 2.001/mês a R$ 3000/mês","Analista de Dados/Data Analyst","Júnior","Modelo 100% remoto","1","0","0","0","0","0","0","0","0","1","0","0","0","0","0","0","1","0","0","0","0","0","0","0","0","0","0","0"
"rc8a6p8zhm4pbsrmg300qer3vtsygb5f","25","25-29","Masculino","Espírito Santo (ES)","ES","Sudeste","Menos de R$ 1.000/mês","Analista de BI/BI Analyst/Analytics Engineer","Júnior","Modelo híbrido com dias fixos de trabalho presencial","0","0","0","0","0","1","0","1","1","1","1","0","0","0","0","0","0","0","0","0","1","0","0","0","0","1","0","0"
"rhp5gohd9llo2dtjwcsfe5pzrhp5gohd","21","17-21","Feminino","São Paulo (SP)","SP","Sudeste","de R$ 4.001/mês a R$ 6.000/mês","Analista de BI/BI Analyst/Analytics Engineer","Pleno","Modelo híbrido com dias fixos de trabalho presencial","1","0","0","0","0","0","0","1","0","0","0","0","0","0","0","0","0","0","0","0","1","0","0","0","0","0","0","0"
"rc04gnnnp2xh26qgjnrc04ga61syj8zp","28","25-29","Masculino","São Paulo (SP)","SP","Sudeste","de R$ 4.001/mês a R$ 6.000/mês","Outro","Pleno","Modelo 100% remoto","0","0","0","0","0","0","1","0","1","0","0","0","0","0","0","0","0","0","0","0","1","0","1","0","0","0","1","0"
"rb9sjzym24ccvnrb9shyaiipacwu12t4","45","45-49","Masculino","Rio Grande do Sul (RS)","RS","Sul","de R$ 8.001/mês a R$ 12.000/mês","Analista de Dados/Data Analyst","Sênior","Modelo híbrido com dias fixos de trabalho presencial","0","1","0","0","0","0","0","1","0","1","0","0","0","0","0","0","0","0","0","0","0","1","0","0","0","0","0","0"
"r9e338yiacz5sb6vzlr9e338yuh8w69v","35","35-39","Feminino","Pernambuco (PE)","PE","Nordeste","de R$ 8.001/mês a R$ 12.000/mês","","","Modelo híbrido com dias fixos de trabalho presencial","","","","","","","","","","","","","","","","","","","","","","","","","","","",""
"r98noutasbxor98nouhpk6pn82xqguhp","33","30-34","Masculino","São Paulo (SP)","SP","Sudeste","de R$ 8.001/mês a R$ 12.000/mês","Engenheiro de Dados/Data Engineer","Sênior","Modelo 100% remoto","1","1","1","0","0","0","0","1","0","1","0","0","0","0","0","0","0","0","0","0","0","0","1","0","0","0","0","0"
"r92gvtaw7c3ehccpg8aggr92gvtq4m2z","23","22-24","Masculino","Minas Gerais (MG)","MG","Sudeste","de R$ 4.001/mês a R$ 6.000/mês","Engenheiro de Dados/Data Engineer","Júnior","Modelo 100% remoto","0","0","1","0","0","0","0","0","0","1","0","0","0","0","0","0","0","0","0","0","0","0","0","0","0","0","1","0"
"qypjd3cha6t7ujxhe3zqypjd3w1m4ilh","29","25-29","Masculino","Goiás (GO)","GO","Centro-oeste","de R$ 4.001/mês a R$ 6.000/mês","Cientista de Dados/Data Scientist","Pleno","Modelo 100% remoto","1","1","0","0","0","0","0","0","0","1","0","0","0","0","0","0","0","0","0","0","0","0","0","0","0","0","0","1"
"r7jirlihhuuc7d0vjr7jirfz1gnh3fng","37","35-39","Masculino","Rio de Janeiro (RJ)","RJ","Sudeste","de R$ 4.001/mês a R$ 6.000/mês","Analista de BI/BI Analyst/Analytics Engineer","Pleno","Modelo híbrido com dias fixos de trabalho presencial","0","0","1","0","0","1","0","0","0","0","0","0","0","0","0","0","0","0","0","0","1","0","0","0","0","1","0","0"
"r6s8081hhy6nahlft75lr6s808glmtp0","44","40-44","Feminino","São Paulo (SP)","SP","Sudeste","de R$ 12.001/mês a R$ 16.000/mês","Estatístico","Sênior","Modelo 100% remoto","1","0","0","0","0","0","0","0","1","1","0","0","0","0","1","0","0","0","0","0","1","0","0","0","0","0","1","0"
"r677bwulsrmtyod3gw81r677bt7elcka","44","40-44","Masculino","Rio de Janeiro (RJ)","RJ","Sudeste","de R$ 12.001/mês a R$ 16.000/mês","Analista de Negócios/Business Analyst","Sênior","Modelo 100% remoto","0","0","1","0","0","0","1","1","1","1","0","0","0","0","0","0","0","0","0","0","1","0","1","0","0","1","0","0"
"r5y28qbvzflh0fyorfr5y28smsvq56ko","26","25-29","Feminino","São Paulo (SP)","SP","Sudeste","de R$ 8.001/mês a R$ 12.000/mês","Cientista de Dados/Data Scientist","Sênior","Modelo 100% remoto","1","0","0","0","0","0","0","1","0","1","0","0","0","0","0","0","0","0","0","0","1","0","0","1","0","0","0","0"
"qqb6dzpvzcqxfeh1i7bqqb28gk5ya00v","31","30-34","Masculino","Minas Gerais (MG)","MG","Sudeste","de R$ 2.001/mês a R$ 3000/mês","Engenheiro de Dados/Data Engineer","Júnior","Modelo 100% remoto","1","0","0","0","0","0","0","1","0","1","0","0","0","0","0","0","0","0","0","0","1","0","0","0","0","1","0","0"
"qmhvx2zw3oga6wqiqmh4lfbp2h48boa1","32","30-34","Feminino","Minas Gerais (MG)","MG","Sudeste","de R$ 2.001/mês a R$ 3000/mês","Outro","Pleno","Modelo 100% presencial","0","0","0","0","0","1","0","0","0","0","0","0","0","0","0","0","0","0","0","0","0","0","0","0","0","0","0","1"
"r5clr0wqaki0vkiva2lndr5clr0wqkrb","23","22-24","Masculino","Distrito Federal (DF)","DF","Centro-oeste","de R$ 4.001/mês a R$ 6.000/mês","Analista de BI/BI Analyst/Analytics Engineer","Pleno","Modelo 100% remoto","1","0","0","0","0","0","0","1","0","1","0","0","0","0","0","0","0","0","0","0","0","0","0","1","0","0","0","0"
"r50rhfqggij69ir50rheobay6su4sdmx","21","17-21","Masculino","São Paulo (SP)","SP","Sudeste","de R$ 2.001/mês a R$ 3000/mês","Engenheiro de Dados/Data Engineer","Júnior","Modelo híbrido flexível (o funcionário tem liberdade para escolher quando estar no escritório presencialmente)","1","1","0","0","0","0","0","1","0","1","0","0","0","0","0","0","0","0","0","0","0","0","0","0","0","1","0","0"
"r4x27xqph4v9pmik64r4x27xmpfy8b5d","28","25-29","Masculino","São Paulo (SP)","SP","Sudeste","de R$ 8.001/mês a R$ 12.000/mês","Analista de Dados/Data Analyst","Sênior","Modelo híbrido flexível (o funcionário tem liberdade para escolher quando estar no escritório presencialmente)","0","0","0","0","0","1","0","1","1","0","0","0","0","0","1","0","0","0","0","0","0","0","0","0","0","0","1","0"
"qcozc7hvvji2gkpgg2qcozqpbb897res","35","35-39","Masculino","Distrito Federal (DF)","DF","Centro-oeste","de R$ 16.001/mês a R$ 20.000/mês","Cientista de Dados/Data Scientist","Sênior","Modelo 100% remoto","0","1","0","0","0","0","0","1","0","1","0","0","0","0","0","0","0","0","0","0","1","0","0","0","0","0","0","0"
"r2u89rkjq3gbsq7j4r2u1j3zz3dguezs","26","25-29","Masculino","Goiás (GO)","GO","Centro-oeste","de R$ 2.001/mês a R$ 3000/mês","Outro","Júnior","Modelo 100% presencial","0","0","1","0","0","0","0","1","0","0","0","0","0","0","0","1","0","0","0","0","0","0","0","0","0","0","1","0"
"r2rhuvbiitvxjgiver2rhu6pofhgab2d","48","45-49","Masculino","São Paulo (SP)","SP","Sudeste","de R$ 4.001/mês a R$ 6.000/mês","Analista de BI/BI Analyst/Analytics Engineer","Pleno","Modelo 100% presencial","1","0","0","0","0","0","0","1","1","1","0","0","0","0","0","0","1","0","1","0","1","0","0","0","0","0","1","0"
"r24fpkbfu3mwx3amxr24fn93gv57d98a","37","35-39","Masculino","São Paulo (SP)","SP","Sudeste","de R$ 4.001/mês a R$ 6.000/mês","Analista de Negócios/Business Analyst","Sênior","Modelo 100% remoto","1","0","0","0","0","0","0","1","0","1","0","0","1","0","0","0","0","0","1","1","1","0","0","0","0","0","0","0"
"r0cutuhqnixiz1r0cutz7uecwk2x2arz","28","25-29","Feminino","São Paulo (SP)","SP","Sudeste","de R$ 12.001/mês a R$ 16.000/mês","Cientista de Dados/Data Scientist","Pleno","Modelo híbrido com dias fixos de trabalho presencial","0","0","0","0","0","1","0","1","1","0","0","0","0","0","0","0","0","0","0","0","1","0","0","0","0","0","0","0"
"p0nwosgwgxoohu9p0nwwazbqnat06zzd","33","30-34","Masculino","São Paulo (SP)","SP","Sudeste","de R$ 8.001/mês a R$ 12.000/mês","Cientista de Dados/Data Scientist","Sênior","Modelo 100% remoto","1","1","0","0","0","0","0","1","1","1","0","0","0","0","0","0","0","0","0","0","0","0","0","0","0","0","0","1"
"qyjfimfuyx9vbfcp3k8qyjfimz07mfrm","22","22-24","Masculino","São Paulo (SP)","SP","Sudeste","de R$ 2.001/mês a R$ 3000/mês","Cientista de Dados/Data Scientist","Júnior","Modelo 100% remoto","1","0","0","0","0","0","0","1","1","1","0","0","0","0","0","0","0","0","0","0","1","0","0","0","0","0","0","0"
"osxg2xoepyfosxjytwtuiv5k43lz4sx3","25","25-29","Masculino","Maranhão (MA)","MA","Nordeste","de R$ 2.001/mês a R$ 3000/mês","Outro","Pleno","Modelo 100% presencial","0","0","0","0","0","1","0","0","1","1","0","0","0","0","0","0","0","0","0","0","1","0","0","0","0","0","0","0"
"qxbl6bxh5ft3mue2ru36hqxbl6bheo36","24","22-24","Masculino","São Paulo (SP)","SP","Sudeste","de R$ 6.001/mês a R$ 8.000/mês","Analista de Dados/Data Analyst","Júnior","Modelo 100% remoto","0","1","0","0","0","0","0","1","0","1","0","0","0","0","0","0","0","0","0","0","0","0","0","0","1","0","0","0"
"qwnuu6klgi8cw40yqwnuufbp8b2bwp8e","25","25-29","Masculino","Distrito Federal (DF)","DF","Centro-oeste","de R$ 3.001/mês a R$ 4.000/mês","Analista de BI/BI Analyst/Analytics Engineer","Júnior","Modelo 100% remoto","0","1","0","0","0","0","0","1","0","1","0","0","0","0","0","0","0","0","0","0","1","0","0","0","0","0","0","0"
"qvo948yo7hav5z9xq5xqvo948y032380","38","35-39","Masculino","Minas Gerais (MG)","MG","Sudeste","de R$ 4.001/mês a R$ 6.000/mês","Analista de BI/BI Analyst/Analytics Engineer","Pleno","Modelo 100% remoto","0","0","1","0","0","0","0","1","0","1","1","0","0","0","0","0","0","0","0","0","1","0","0","0","0","0","0","0"
"quvj47dzyt2xe179qoazquvj47dzm665","35","35-39","Masculino","Paraná (PR)","PR","Sul","de R$ 8.001/mês a R$ 12.000/mês","Cientista de Dados/Data Scientist","Pleno","Modelo 100% remoto","0","1","0","0","0","0","0","1","1","1","0","0","0","0","0","0","0","0","0","0","0","0","0","0","0","0","0","1"
"quqd1fowxjtxniurq5fwdquqd1fiuu9g","29","25-29","Feminino","São Paulo (SP)","SP","Sudeste","de R$ 4.001/mês a R$ 6.000/mês","Analista de Dados/Data Analyst","Júnior","Modelo híbrido flexível (o funcionário tem liberdade para escolher quando estar no escritório presencialmente)","1","0","0","0","0","0","0","1","0","1","0","0","1","0","0","0","0","0","0","1","0","0","0","1","1","0","0","0"
"quj2ubbkrhhseakilcquj2uqujng67y8","39","35-39","Masculino","Minas Gerais (MG)","MG","Sudeste","de R$ 12.001/mês a R$ 16.000/mês","Cientista de Dados/Data Scientist","Pleno","Modelo 100% remoto","1","0","0","0","0","0","0","0","0","1","0","0","0","0","0","0","0","0","0","0","0","0","0","0","0","0","0","1"
"qudlypj2u34fu27dyqudld3qw2r69p9q","28","25-29","Masculino","Paraíba (PB)","PB","Nordeste","de R$ 4.001/mês a R$ 6.000/mês","Outro","Sênior","Modelo 100% presencial","0","0","0","0","0","1","0","1","1","1","0","0","0","0","0","0","0","0","0","0","0","0","0","0","0","0","0","0"
"nn3g17kq1c5zonn3gw9nunxmm4zki7fg","33","30-34","Masculino","Rio de Janeiro (RJ)","RJ","Sudeste","de R$ 2.001/mês a R$ 3000/mês","Outro","Sênior","Modelo híbrido com dias fixos de trabalho presencial","1","0","0","0","0","0","0","0","0","1","0","0","0","0","0","1","0","0","0","0","1","0","0","0","0","0","0","0"
"mww33sx97bpguhncmww33sxhs9ei5f56","21","17-21","Masculino","São Paulo (SP)","SP","Sudeste","de R$ 1.001/mês a R$ 2.000/mês","Analista de Dados/Data Analyst","Júnior","Modelo híbrido flexível (o funcionário tem liberdade para escolher quando estar no escritório presencialmente)","1","0","0","0","0","0","0","1","0","1","0","0","0","0","0","0","0","0","0","0","0","0","1","1","0","0","0","0"
"qtiartjfxzmua9hiqsopqtiar8r0ijia","27","25-29","Masculino","São Paulo (SP)","SP","Sudeste","de R$ 16.001/mês a R$ 20.000/mês","Analista de BI/BI Analyst/Analytics Engineer","Sênior","Modelo 100% remoto","0","0","1","0","0","0","0","1","0","1","0","0","0","0","0","1","0","0","0","0","1","0","1","0","0","0","0","0"
"qtgfi160xgucjcgqtgfz9yl9cte8hr1y","28","25-29","Masculino","Rio de Janeiro (RJ)","RJ","Sudeste","de R$ 6.001/mês a R$ 8.000/mês","Cientista de Dados/Data Scientist","Pleno","Modelo híbrido flexível (o funcionário tem liberdade para escolher quando estar no escritório presencialmente)","0","0","0","0","0","1","0","1","0","1","0","0","0","0","0","0","0","0","0","0","0","0","0","0","0","0","0","1"
"qtd2iz1swyail495dqqtd2iyfu6gwzap","32","30-34","Masculino","São Paulo (SP)","SP","Sudeste","de R$ 12.001/mês a R$ 16.000/mês","Cientista de Dados/Data Scientist","Sênior","Modelo 100% remoto","0","0","1","0","0","1","0","1","1","1","0","0","0","0","0","0","0","0","0","0","0","0","0","0","0","0","0","1"
"qswm9uoykjm774qswm9uoy0wazc1fhqf","30","30-34","Feminino","Minas Gerais (MG)","MG","Sudeste","de R$ 12.001/mês a R$ 16.000/mês","Engenheiro de Dados/Data Engineer","Sênior","Modelo 100% remoto","1","0","0","0","0","0","0","1","0","1","0","0","1","0","0","0","0","0","0","0","0","0","0","1","0","0","0","0"
"f2eqyczi54cod83hgsi23f2eqyczibt1","51","50-54","Masculino","São Paulo (SP)","SP","Sudeste","de R$ 12.001/mês a R$ 16.000/mês","Analista de BI/BI Analyst/Analytics Engineer","Sênior","Modelo híbrido com dias fixos de trabalho presencial","0","0","1","0","0","0","0","1","1","1","0","0","0","0","0","0","0","0","0","0","1","0","0","0","0","0","0","0"
"qqol61yxpjl18m9uyvfqqol61yr4wm9e","24","22-24","Feminino","São Paulo (SP)","SP","Sudeste","de R$ 3.001/mês a R$ 4.000/mês","Cientista de Dados/Data Scientist","Júnior","Modelo 100% remoto","0","0","0","0","0","1","0","0","0","1","0","0","0","0","0","0","0","0","0","0","0","0","0","0","0","0","0","1"
"qpreiuh7tqtsqqpr3ijncaltek41gfs3","23","22-24","Masculino","Minas Gerais (MG)","MG","Sudeste","de R$ 1.001/mês a R$ 2.000/mês","Analista de BI/BI Analyst/Analytics Engineer","Júnior","Modelo 100% remoto","0","0","0","0","0","0","1","1","0","0","0","0","0","0","0","0","0","0","0","0","1","0","0","0","0","0","0","0"
"mgyljgpz7bsewb174zm1pmgyljgpz98t","21","17-21","Masculino","","","Norte","Menos de R$ 1.000/mês","Suporte Técnico","Pleno","Modelo 100% presencial","0","0","0","0","0","1","0","0","1","1","0","0","0","0","0","0","0","0","0","0","1","0","1","0","0","0","0","0"
"qozzri516hucdw804lqozzshfx6v51nm","25","25-29","Masculino","São Paulo (SP)","SP","Sudeste","de R$ 2.001/mês a R$ 3000/mês","Outro","Júnior","Modelo 100% remoto","1","1","0","0","0","0","1","1","0","1","0","0","0","0","0","0","0","0","0","0","1","0","0","0","0","0","0","0"
"m014xpdia3ad3hik2sxshm014xp14vx7","22","22-24","Masculino","","","Norte","Menos de R$ 1.000/mês","Cientista de Dados/Data Scientist","Júnior","Modelo 100% remoto","1","0","0","0","0","0","0","1","0","1","0","0","0","0","0","0","0","0","0","0","0","0","0","0","0","0","0","1"
"lp5vydvtucti8x9kmh2klp5vydvixfyj","23","22-24","Masculino","Pernambuco (PE)","PE","Nordeste","de R$ 4.001/mês a R$ 6.000/mês","Cientista de Dados/Data Scientist","Júnior","Modelo 100% remoto","1","1","1","0","0","0","0","1","1","1","0","0","0","0","0","0","0","0","0","0","1","0","0","0","0","1","0","0"
"qmcg6ggp7bg3wb5p72qmcga34ogh2bp8","26","25-29","Masculino","Goiás (GO)","GO","Centro-oeste","de R$ 4.001/mês a R$ 6.000/mês","Analista de Dados/Data Analyst","Pleno","Modelo híbrido flexível (o funcionário tem liberdade para escolher quando estar no escritório presencialmente)","1","0","0","0","0","0","0","1","0","1","0","0","0","0","0","0","0","0","0","0","0","0","0","0","1","0","0","0"
"qlvie36uar7wr804bt4qlviek49sjd9a","42","40-44","Feminino","Distrito Federal (DF)","DF","Centro-oeste","de R$ 12.001/mês a R$ 16.000/mês","Analista de Dados/Data Analyst","Pleno","Modelo 100% presencial","0","0","0","1","0","0","0","1","0","0","0","0","0","0","0","0","0","0","0","0","1","1","0","0","0","0","1","0"
"a49bpwwlqfrcca9a49bp8cttqvd0ngc4","42","40-44","Masculino","Ceará (CE)","CE","Nordeste","de R$ 6.001/mês a R$ 8.000/mês","Outro","Pleno","Modelo 100% presencial","1","0","0","0","0","0","0","1","0","1","0","0","0","0","0","0","0","0","0","0","1","0","0","0","0","0","0","0"
"qkca51fmfshhj3iqkcwdrlkxlrv3jox4","33","30-34","Masculino","São Paulo (SP)","SP","Sudeste","de R$ 12.001/mês a R$ 16.000/mês","Engenheiro de Dados/Data Engineer","Sênior","Modelo 100% remoto","0","0","1","0","0","1","0","1","0","1","0","0","1","0","0","0","0","0","0","1","1","0","1","0","0","0","0","0"
"qjw6xfhj5fb0j0z0qjw6ho1b5drzwq6n","24","22-24","Masculino","Minas Gerais (MG)","MG","Sudeste","de R$ 4.001/mês a R$ 6.000/mês","Analista de Negócios/Business Analyst","Pleno","Modelo híbrido flexível (o funcionário tem liberdade para escolher quando estar no escritório presencialmente)","1","0","0","0","0","0","0","0","0","0","0","0","0","0","0","0","0","0","0","0","1","0","0","0","0","1","0","0"
"qix9b83i7lf9slmb23xqixabwflczbix","26","25-29","Feminino","São Paulo (SP)","SP","Sudeste","de R$ 6.001/mês a R$ 8.000/mês","Analista de Dados/Data Analyst","Júnior","Modelo híbrido com dias fixos de trabalho presencial","0","0","0","0","0","1","0","1","0","0","0","0","0","0","0","0","0","0","0","0","0","0","0","0","0","0","0","0"
"qiouicue6hcnhx95sbhep1qioui7xb4h","31","30-34","Masculino","Minas Gerais (MG)","MG","Sudeste","de R$ 4.001/mês a R$ 6.000/mês","Analista de Dados/Data Analyst","Pleno","Modelo híbrido flexível (o funcionário tem liberdade para escolher quando estar no escritório presencialmente)","0","1","1","0","0","0","0","1","0","1","0","0","0","0","0","0","0","0","0","0","0","0","0","0","0","0","0","1"
"kyguvyvhlkth8dkygue3w7qow3qb697f","28","25-29","Masculino","Minas Gerais (MG)","MG","Sudeste","de R$ 4.001/mês a R$ 6.000/mês","Analista de BI/BI Analyst/Analytics Engineer","Pleno","Modelo híbrido flexível (o funcionário tem liberdade para escolher quando estar no escritório presencialmente)","0","0","1","0","0","0","0","1","0","1","0","0","0","0","0","0","0","0","0","0","1","0","0","0","0","0","0","0"
"qh78ecetx52vcl5ugsqh78ecjjvor428","42","40-44","Masculino","Minas Gerais (MG)","MG","Sudeste","de R$ 8.001/mês a R$ 12.000/mês","DBA/Administrador de Banco de Dados","Sênior","Modelo híbrido flexível (o funcionário tem liberdade para escolher quando estar no escritório presencialmente)","0","0","0","0","0","1","0","1","0","0","0","0","0","0","0","0","0","0","0","0","0","0","0","0","0","0","1","0"
"qgpx1glv6enjgge3x2pq5qgpx1g8cpug","30","30-34","Masculino","São Paulo (SP)","SP","Sudeste","de R$ 1.001/mês a R$ 2.000/mês","Analista de BI/BI Analyst/Analytics Engineer","Júnior","Modelo 100% presencial","0","0","1","0","0","0","0","1","0","0","0","0","0","0","0","0","0","0","0","0","1","0","0","0","0","0","0","0"
"qdhzbn9d042u4qpzgqdhzb6u9xypb4xh","31","30-34","Masculino","São Paulo (SP)","SP","Sudeste","de R$ 6.001/mês a R$ 8.000/mês","Outras Engenharias (não inclui dev)","Sênior","Modelo 100% presencial","0","0","0","0","0","1","0","0","0","1","1","0","0","0","0","1","0","0","0","0","0","0","0","0","0","0","1","1"
"krckp362eb2978z7gtdkrckp3j1re9pf","24","22-24","Masculino","São Paulo (SP)","SP","Sudeste","de R$ 3.001/mês a R$ 4.000/mês","Analista de Dados/Data Analyst","Pleno","Modelo 100% remoto","0","1","0","0","0","0","0","1","0","1","0","0","0","0","0","1","0","0","0","0","1","0","1","0","0","1","0","0"
"qcxeo83820wl7vx23wd7cqcxeo4dgzt7","28","25-29","Masculino","Espírito Santo (ES)","ES","Sudeste","de R$ 4.001/mês a R$ 6.000/mês","Analista de BI/BI Analyst/Analytics Engineer","Júnior","Modelo híbrido com dias fixos de trabalho presencial","0","0","0","0","0","1","0","0","0","0","0","0","0","0","0","0","0","0","0","0","1","0","0","0","0","0","0","0"
"9bu650ahjlstb9bu651tghrutvrur79d","43","40-44","Masculino","Ceará (CE)","CE","Nordeste","de R$ 4.001/mês a R$ 6.000/mês","","","Modelo 100% presencial","","","","","","","","","","","","","","","","","","","","","","","","","","","",""
"kpool1992gpxx17n5v24kpoollj9rgpn","24","22-24","Masculino","Goiás (GO)","GO","Centro-oeste","de R$ 8.001/mês a R$ 12.000/mês","Desenvolvedor ou Engenheiro de Software","Pleno","Modelo 100% remoto","1","0","1","0","0","0","0","1","0","0","1","1","0","0","0","0","0","0","0","0","0","0","0","0","0","0","0","1"
"qcj963t3stgmgn44u5uueyqcj963i2w8","28","25-29","Masculino","São Paulo (SP)","SP","Sudeste","de R$ 4.001/mês a R$ 6.000/mês","Cientista de Dados/Data Scientist","Pleno","Modelo híbrido flexível (o funcionário tem liberdade para escolher quando estar no escritório presencialmente)","0","0","1","0","0","0","0","1","1","1","0","0","0","0","0","0","0","0","0","0","1","0","0","0","0","0","1","0"
"qbm2lvl86bqd1pvntawqbm2la371wewg","25","25-29","Masculino","São Paulo (SP)","SP","Sudeste","de R$ 2.001/mês a R$ 3000/mês","Desenvolvedor ou Engenheiro de Software","Júnior","Modelo 100% remoto","1","0","0","0","0","0","0","1","0","0","0","0","1","0","0","0","0","0","1","1","0","0","0","0","0","0","1","1"
"qb8yzj3aiuif71gqb8yzj3aiydrbl4fh","42","40-44","Masculino","Rio de Janeiro (RJ)","RJ","Sudeste","de R$ 8.001/mês a R$ 12.000/mês","Analista de BI/BI Analyst/Analytics Engineer","Sênior","Modelo 100% remoto","0","1","0","1","0","0","0","1","0","0","0","0","0","0","0","0","0","0","0","0","0","0","1","0","0","0","0","0"
"q9h375rpk2zibq920a5gartpnl9mnn3d","23","22-24","Masculino","Rio Grande do Sul (RS)","RS","Sul","de R$ 3.001/mês a R$ 4.000/mês","Cientista de Dados/Data Scientist","Júnior","Modelo híbrido flexível (o funcionário tem liberdade para escolher quando estar no escritório presencialmente)","1","0","0","0","0","0","0","1","1","0","0","0","0","0","0","0","0","0","0","0","1","0","0","0","0","0","0","0"
"q9ewdjp1r8jnvbmm6q9sqzj124rks9c6","33","30-34","Masculino","São Paulo (SP)","SP","Sudeste","de R$ 1.001/mês a R$ 2.000/mês","Suporte Técnico","Júnior","Modelo 100% presencial","0","0","1","0","0","0","0","0","0","0","0","0","1","0","0","0","0","0","0","1","0","0","0","0","0","0","0","1"
"hgxnwmgjyg7wgr0aggjsx6mhgxnwmdd2","31","30-34","Masculino","Minas Gerais (MG)","MG","Sudeste","de R$ 4.001/mês a R$ 6.000/mês","Analista de BI/BI Analyst/Analytics Engineer","Pleno","Modelo 100% remoto","1","0","0","1","0","0","0","1","0","1","0","0","0","0","0","0","0","0","0","0","1","0","1","0","0","0","0","0"
"q8low66g7sq3vbn5puoju2q8low66k5c","25","25-29","Masculino","Sergipe (SE)","SE","Nordeste","de R$ 2.001/mês a R$ 3000/mês","Analista de Dados/Data Analyst","Júnior","Modelo 100% remoto","1","0","0","0","0","0","0","1","0","1","0","0","0","0","0","0","0","0","0","0","1","0","0","1","0","1","0","0"
"q83524msrq1a8ygq83md8akptdey8r7o","27","25-29","Masculino","Espírito Santo (ES)","ES","Sudeste","de R$ 4.001/mês a R$ 6.000/mês","Analista de Negócios/Business Analyst","Pleno","Modelo híbrido com dias fixos de trabalho presencial","1","0","0","0","0","0","0","1","0","0","0","0","0","0","0","0","0","0","0","0","0","0","0","0","1","0","0","0"
"q7soe0i6y3jp6vztuxq7soyx7q0gnga3","37","35-39","Masculino","Goiás (GO)","GO","Centro-oeste","de R$ 16.001/mês a R$ 20.000/mês","Engenheiro de Dados/Data Engineer","Sênior","Modelo híbrido flexível (o funcionário tem liberdade para escolher quando estar no escritório presencialmente)","1","0","0","0","0","0","1","1","0","1","0","0","1","0","0","0","1","0","0","1","1","0","0","0","0","0","0","0"
"q7bsoo6q4qb1hkl0q7bso185j8dr1d4u","36","35-39","Masculino","São Paulo (SP)","SP","Sudeste","de R$ 3.001/mês a R$ 4.000/mês","Outro","Júnior","Modelo 100% remoto","0","0","0","0","0","1","0","0","0","0","0","0","0","0","0","0","0","0","0","0","0","0","0","0","0","0","1","0"
"q7avcmh34qvic3je89rm6kq7avcmhfh6","28","25-29","Masculino","São Paulo (SP)","SP","Sudeste","de R$ 25.001/mês a R$ 30.000/mês","Desenvolvedor ou Engenheiro de Software","Sênior","Modelo 100% remoto","1","1","0","0","0","0","0","1","0","1","0","0","1","0","0","0","0","0","0","0","0","0","1","0","0","0","0","0"
"ggod9accnguspig7uxsolggod9cgbk55","30","30-34","Masculino","São Paulo (SP)","SP","Sudeste","de R$ 12.001/mês a R$ 16.000/mês","Engenheiro de Dados/Data Engineer","Pleno","Modelo 100% remoto","1","0","0","0","0","0","0","1","0","1","0","0","0","0","0","0","0","0","0","0","0","0","0","0","0","0","0","1"
"q5rtw34q0n1rwzwi9q5rtw3nf7raomsj","24","22-24","Masculino","São Paulo (SP)","SP","Sudeste","de R$ 4.001/mês a R$ 6.000/mês","Analista de Negócios/Business Analyst","Pleno","Modelo híbrido flexível (o funcionário tem liberdade para escolher quando estar no escritório presencialmente)","1","0","0","0","0","0","0","1","0","1","0","0","0","0","0","0","0","0","0","0","1","0","0","1","0","0","0","0"
"q5byzun13s3mk52qiq5byzimlfgjrxyf","32","30-34","Masculino","São Paulo (SP)","SP","Sudeste","de R$ 8.001/mês a R$ 12.000/mês","Engenheiro de Dados/Data Engineer","Sênior","Modelo 100% remoto","1","0","0","0","0","0","0","1","0","1","0","0","0","0","0","0","0","0","0","0","1","0","0","1","0","0","0","0"
"q3iy3qg02mkb94eyaq3iy30gzqn7qnon","26","25-29","Masculino","São Paulo (SP)","SP","Sudeste","de R$ 8.001/mês a R$ 12.000/mês","Cientista de Dados/Data Scientist","Pleno","Modelo híbrido com dias fixos de trabalho presencial","0","1","0","0","0","0","0","1","0","1","0","0","0","0","0","0","0","0","0","0","0","1","0","0","0","0","0","0"
"q2usdb0llwrl2evfcq2usdhsyimqlglz","32","30-34","Masculino","Maranhão (MA)","MA","Nordeste","de R$ 6.001/mês a R$ 8.000/mês","","","Modelo 100% presencial","","","","","","","","","","","","","","","","","","","","","","","","","","","",""
"clw7kfu7jcaogvy0q3oclw7kfvw7q3nx","43","40-44","Feminino","São Paulo (SP)","SP","Sudeste","de R$ 2.001/mês a R$ 3000/mês","Analista de BI/BI Analyst/Analytics Engineer","Júnior","Modelo híbrido com dias fixos de trabalho presencial","0","0","0","0","0","1","0","1","0","0","0","0","0","0","0","1","0","0","0","0","1","0","0","0","0","0","0","0"
"q24m9kiueqtol1773q24mkc6tno4scz3","33","30-34","Masculino","São Paulo (SP)","SP","Sudeste","de R$ 16.001/mês a R$ 20.000/mês","Engenheiro de Dados/Data Engineer","Sênior","Modelo híbrido flexível (o funcionário tem liberdade para escolher quando estar no escritório presencialmente)","0","1","0","0","0","0","0","1","0","1","0","0","0","0","0","0","0","0","0","0","1","0","0","0","0","1","0","0"
"cg4qu4otmtcycm4cg4vqepni5n5izi2v","44","40-44","Masculino","Goiás (GO)","GO","Centro-oeste","de R$ 12.001/mês a R$ 16.000/mês","","","Modelo 100% remoto","","","","","","","","","","","","","","","","","","","","","","","","","","","",""
"bj6hyk2au8nqu58756hbjgz6n2dkwqow","30","30-34","Masculino","Goiás (GO)","GO","Centro-oeste","de R$ 4.001/mês a R$ 6.000/mês","Engenheiro de Dados/Data Engineer","Júnior","Modelo 100% presencial","0","0","1","0","0","0","0","1","0","1","0","0","0","0","0","0","0","0","0","0","1","0","0","0","0","0","0","0"
"q1l7e2v3ts4zcf87joq1l7e2mlpj7u5p","30","30-34","Masculino","Pernambuco (PE)","PE","Nordeste","de R$ 6.001/mês a R$ 8.000/mês","Cientista de Dados/Data Scientist","Sênior","Modelo híbrido flexível (o funcionário tem liberdade para escolher quando estar no escritório presencialmente)","1","0","0","0","0","0","0","1","0","1","0","0","0","0","0","0","0","0","0","0","0","0","0","1","0","0","0","0"
"q1ksekkak2gyqumjyrq1ksekk5x0kc16","25","25-29","Masculino","Rio de Janeiro (RJ)","RJ","Sudeste","de R$ 4.001/mês a R$ 6.000/mês","Engenheiro de Dados/Data Engineer","Júnior","Modelo 100% remoto","1","0","0","0","0","0","0","1","0","1","0","0","0","0","0","0","1","0","0","0","1","0","0","1","0","0","0","0"
"q1j8xe7v3sk2pnre6qznq1j8xe73mhew","23","22-24","Masculino","São Paulo (SP)","SP","Sudeste","de R$ 1.001/mês a R$ 2.000/mês","Analista de Negócios/Business Analyst","Júnior","Modelo 100% remoto","0","1","0","0","0","0","0","0","1","1","0","0","0","0","0","0","0","0","0","0","1","0","0","0","0","0","0","0"
"b2pz9rhmclu5rlal5on1f5b2pz9cgjzz","32","30-34","Masculino","Paraná (PR)","PR","Sul","de R$ 4.001/mês a R$ 6.000/mês","Desenvolvedor ou Engenheiro de Software","Júnior","Modelo 100% remoto","0","1","1","0","0","0","0","1","0","0","1","1","1","0","0","0","0","0","0","1","1","0","0","0","0","0","0","0"
"q0rov840a7vlofbg8naq0rov85ohon7x","28","25-29","Masculino","São Paulo (SP)","SP","Sudeste","de R$ 2.001/mês a R$ 3000/mês","Outras Engenharias (não inclui dev)","Júnior","Modelo 100% presencial","0","1","0","0","0","0","0","0","0","0","0","1","0","0","0","1","0","0","0","0","0","0","0","0","0","0","0","1"
"q0r67g2fehdmbn01hq0r6716s8wpt2ie","28","25-29","Feminino","São Paulo (SP)","SP","Sudeste","de R$ 3.001/mês a R$ 4.000/mês","Analista de Negócios/Business Analyst","Pleno","Modelo 100% remoto","0","0","0","0","0","1","0","0","0","0","0","0","0","0","0","0","0","0","0","0","1","0","0","0","0","0","0","0"
"q0l1jj928zgw65nmd4o6q0l1jqddbr2t","25","25-29","Masculino","São Paulo (SP)","SP","Sudeste","de R$ 6.001/mês a R$ 8.000/mês","Cientista de Dados/Data Scientist","Júnior","Modelo 100% remoto","1","0","0","0","0","1","0","1","0","1","0","0","0","0","0","0","0","0","0","0","1","0","1","0","0","0","0","0"
"7cpjoyihu251huimp85nz67cpjoyiugq","51","50-54","Masculino","São Paulo (SP)","SP","Sudeste","de R$ 8.001/mês a R$ 12.000/mês","Analista de Sistemas/Analista de TI","Sênior","Modelo híbrido com dias fixos de trabalho presencial","0","0","0","0","0","1","0","1","0","0","0","0","0","0","0","0","0","0","0","0","0","0","0","0","0","0","1","0"
"py0wtzcpp8yo37p925lpy0wtweoaoqpy","26","25-29","Feminino","São Paulo (SP)","SP","Sudeste","de R$ 12.001/mês a R$ 16.000/mês","Engenheiro de Machine Learning/ML Engineer","Sênior","Modelo híbrido flexível (o funcionário tem liberdade para escolher quando estar no escritório presencialmente)","1","0","0","0","0","0","0","0","0","1","0","0","0","0","0","0","0","0","0","0","0","0","0","0","0","0","0","1"
"ah8j30pv5b0892hibah8j3ti1fiwn98c","27","25-29","Masculino","Rio de Janeiro (RJ)","RJ","Sudeste","de R$ 2.001/mês a R$ 3000/mês","Analista de Dados/Data Analyst","Pleno","Modelo 100% remoto","0","0","0","0","0","1","0","0","0","0","0","0","0","0","0","1","0","0","0","0","0","0","0","0","0","0","1","0"
"pwyk920nymzx90lxy2dol9vlpwyk920n","34","30-34","Masculino","Minas Gerais (MG)","MG","Sudeste","de R$ 6.001/mês a R$ 8.000/mês","Analista de Dados/Data Analyst","Pleno","Modelo 100% presencial","0","1","0","0","0","0","1","0","0","1","0","0","0","0","0","0","0","1","0","0","1","0","0","0","0","1","0","0"
"pwrltpi7pnd023pwr2y5d039lchacd1y","28","25-29","Masculino","Rio Grande do Sul (RS)","RS","Sul","de R$ 4.001/mês a R$ 6.000/mês","Analista de BI/BI Analyst/Analytics Engineer","Júnior","Modelo 100% remoto","1","0","0","0","0","0","0","1","0","1","0","0","0","0","0","0","0","0","0","0","0","0","0","0","0","0","0","0"
"9hy7pdp07wx3woq8lbsqr0v9hy7pdp0k","23","22-24","Masculino","São Paulo (SP)","SP","Sudeste","de R$ 2.001/mês a R$ 3000/mês","Cientista de Dados/Data Scientist","Júnior","Modelo híbrido flexível (o funcionário tem liberdade para escolher quando estar no escritório presencialmente)","1","0","0","0","0","0","1","1","0","1","0","0","0","0","1","0","0","0","0","0","0","0","1","0","0","0","0","0"
"pvl3yi3zn5zx874txgl5pvl3yi3rxyfb","27","25-29","Feminino","Minas Gerais (MG)","MG","Sudeste","de R$ 6.001/mês a R$ 8.000/mês","Cientista de Dados/Data Scientist","Pleno","Modelo híbrido flexível (o funcionário tem liberdade para escolher quando estar no escritório presencialmente)","1","0","0","0","0","0","0","1","0","1","0","0","0","0","0","0","0","0","0","0","1","0","1","0","0","0","0","0"
"pvgoxzydpdu6pcdnlmx5v1pvgoue0wy2","25","25-29","Masculino","Minas Gerais (MG)","MG","Sudeste","de R$ 4.001/mês a R$ 6.000/mês","Analista de BI/BI Analyst/Analytics Engineer","Pleno","Modelo híbrido flexível (o funcionário tem liberdade para escolher quando estar no escritório presencialmente)","1","0","0","0","0","0","0","1","0","1","0","0","0","0","0","0","0","0","0","0","1","0","0","1","0","1","0","0"
"puypzp14lqi58yb8wqpuypzp3baa6ld1","24","22-24","Masculino","São Paulo (SP)","SP","Sudeste","de R$ 8.001/mês a R$ 12.000/mês","Cientista de Dados/Data Scientist","Pleno","Modelo híbrido flexível (o funcionário tem liberdade para escolher quando estar no escritório presencialmente)","1","0","0","0","0","0","0","1","0","1","0","0","0","0","0","0","0","0","0","0","0","0","0","0","0","1","1","0"
"ptl20mb5dqqk7yjptl20mz0c931t1fxl","25","25-29","Masculino","São Paulo (SP)","SP","Sudeste","de R$ 4.001/mês a R$ 6.000/mês","Analista de Dados/Data Analyst","Júnior","Modelo híbrido flexível (o funcionário tem liberdade para escolher quando estar no escritório presencialmente)","0","0","0","0","0","1","0","1","0","1","0","0","0","0","1","0","0","0","0","0","0","0","0","0","0","0","0","1"
"8uj2tdii68fst1z428ujo70r9leqhv6e","33","30-34","Masculino","São Paulo (SP)","SP","Sudeste","de R$ 3.001/mês a R$ 4.000/mês","Outro","Júnior","Modelo 100% presencial","0","0","1","0","0","0","0","0","0","0","0","0","0","0","0","0","0","0","0","0","1","0","0","0","0","0","1","0"
"pruxr2fu8xcjizzu5cpruxr2ftxrmzfb","31","30-34","Masculino","Rio de Janeiro (RJ)","RJ","Sudeste","de R$ 4.001/mês a R$ 6.000/mês","Cientista de Dados/Data Scientist","Pleno","Modelo híbrido flexível (o funcionário tem liberdade para escolher quando estar no escritório presencialmente)","1","0","1","0","0","0","0","1","0","1","0","0","0","0","0","0","0","0","0","0","0","0","0","0","0","0","0","1"
"prtixccly8z7xtba1prtixc7pkn02izk","28","25-29","Feminino","Paraná (PR)","PR","Sul","de R$ 3.001/mês a R$ 4.000/mês","Analista de BI/BI Analyst/Analytics Engineer","Júnior","Modelo híbrido flexível (o funcionário tem liberdade para escolher quando estar no escritório presencialmente)","0","0","1","0","0","0","0","1","0","1","0","0","0","0","0","0","0","0","0","0","1","0","0","0","0","0","0","0"
"premwpzt27eg3ssogqrlpremwpwmo8qj","22","22-24","Masculino","São Paulo (SP)","SP","Sudeste","de R$ 4.001/mês a R$ 6.000/mês","Analista de Dados/Data Analyst","Júnior","Modelo 100% remoto","1","0","0","0","0","0","0","1","1","1","0","0","0","0","0","0","0","0","0","0","0","0","0","0","0","0","1","0"
"prcx8ip1x7ux36yetulou9prcx8iov0m","24","22-24","Masculino","São Paulo (SP)","SP","Sudeste","de R$ 4.001/mês a R$ 6.000/mês","Engenheiro de Dados/Data Engineer","Júnior","Modelo 100% presencial","0","0","0","0","0","1","0","1","0","1","0","0","0","0","0","0","0","0","0","0","1","0","0","0","0","0","0","0"
"pq1cz9b6u9jc3lkpq059ie49hxkjbkiy","27","25-29","Masculino","Pernambuco (PE)","PE","Nordeste","de R$ 6.001/mês a R$ 8.000/mês","Cientista de Dados/Data Scientist","Pleno","Modelo 100% remoto","0","0","0","0","0","1","0","1","0","1","0","0","0","0","0","0","0","0","0","0","0","0","0","0","0","0","0","1"
"pq13zt9ubdahewejpq13ztf1wjyja8sq","22","22-24","Feminino","Santa Catarina (SC)","SC","Sul","de R$ 4.001/mês a R$ 6.000/mês","Engenheiro de Dados/Data Engineer","Pleno","Modelo 100% presencial","0","0","1","0","0","0","0","1","0","1","0","0","0","0","0","0","0","0","0","0","1","0","0","0","0","0","0","0"
"86yn4947wcr0q0u63u86yn494gcd1l7e","28","25-29","Masculino","São Paulo (SP)","SP","Sudeste","de R$ 8.001/mês a R$ 12.000/mês","Engenheiro de Dados/Data Engineer","Sênior","Modelo 100% remoto","0","1","1","0","0","0","0","1","0","1","0","0","0","0","0","0","0","0","0","0","0","0","0","0","0","1","0","0"
"pphl8ptchnrf0f6pgapphl2cfzexce2r","20","17-21","Masculino","Rio Grande do Sul (RS)","RS","Sul","de R$ 3.001/mês a R$ 4.000/mês","Engenheiro de Machine Learning/ML Engineer","Júnior","Modelo 100% remoto","1","0","1","0","0","0","0","0","0","1","0","0","0","0","0","0","0","0","0","0","0","0","0","0","0","0","0","0"
"ppdbxk4vwefgjoppdbxg5eyuchlltrk2","31","30-34","Masculino","São Paulo (SP)","SP","Sudeste","de R$ 6.001/mês a R$ 8.000/mês","Analista de BI/BI Analyst/Analytics Engineer","Pleno","Modelo 100% remoto","0","0","1","0","0","1","0","1","0","1","0","0","0","0","0","0","0","0","0","0","1","0","1","0","0","0","0","0"
"pows5140resqfupqpepwpows58iskgf2","26","25-29","Feminino","Santa Catarina (SC)","SC","Sul","de R$ 3.001/mês a R$ 4.000/mês","Analista de BI/BI Analyst/Analytics Engineer","Pleno","Modelo 100% remoto","1","1","0","0","0","0","0","1","0","1","0","0","0","0","0","0","0","0","0","0","0","0","1","0","0","0","0","0"
"po9hyl282tussy3jj73nmpo9hyyoyl8u","34","30-34","Masculino","Minas Gerais (MG)","MG","Sudeste","de R$ 8.001/mês a R$ 12.000/mês","Engenheiro de Dados/Data Engineer","Sênior","Modelo 100% remoto","1","1","1","0","0","0","0","1","0","1","0","0","0","0","0","0","0","0","0","0","0","0","0","0","0","0","0","1"
"pmf2qorcoggskpmf241d5o6srvlb8md9","33","30-34","Masculino","","","Norte","de R$ 4.001/mês a R$ 6.000/mês","Outro","Pleno","Modelo 100% remoto","1","0","1","0","0","0","0","1","1","0","0","0","0","0","0","0","0","0","0","0","1","0","0","0","0","0","0","0"
"pmdepz0bxa378bcbar9nk4lpmdek8676","41","40-44","Masculino","Santa Catarina (SC)","SC","Sul","de R$ 6.001/mês a R$ 8.000/mês","","","Modelo 100% remoto","","","","","","","","","","","","","","","","","","","","","","","","","","","",""
"plsqh6zh4w1zrm2m5plsqp0mvhf5k0q2","26","25-29","Masculino","Minas Gerais (MG)","MG","Sudeste","de R$ 12.001/mês a R$ 16.000/mês","Engenheiro de Dados/Data Engineer","Sênior","Modelo híbrido com dias fixos de trabalho presencial","0","0","1","0","0","0","0","1","0","1","0","0","0","0","0","0","0","0","0","0","1","0","0","0","0","0","0","0"
"pldzimfe0pvyu07sw2rh2pldzimfeuxs","23","22-24","Masculino","Rio Grande do Sul (RS)","RS","Sul","de R$ 4.001/mês a R$ 6.000/mês","Cientista de Dados/Data Scientist","Pleno","Modelo 100% remoto","1","0","0","0","0","0","0","1","0","1","0","0","0","0","0","0","0","0","0","0","0","0","0","1","0","0","0","0"
"5tlmia9f3bjxxo9poz5tlmk1aa97mjne","27","25-29","Feminino","São Paulo (SP)","SP","Sudeste","de R$ 8.001/mês a R$ 12.000/mês","Cientista de Dados/Data Scientist","Pleno","Modelo 100% remoto","1","0","0","0","0","0","1","1","1","1","0","0","0","0","1","0","0","0","0","0","1","0","0","0","0","0","0","0"
"pkxoi04d06jq7onq0eppkxoohvo6qim8","30","30-34","Feminino","São Paulo (SP)","SP","Sudeste","de R$ 2.001/mês a R$ 3000/mês","Analista de Negócios/Business Analyst","Júnior","Modelo 100% remoto","0","0","0","0","0","1","0","1","0","0","0","0","0","0","1","0","0","0","0","0","0","0","1","0","0","0","1","0"
"pjjyu6xphcmzcpiert28tja16ri0xgj2","24","22-24","Masculino","Rio de Janeiro (RJ)","RJ","Sudeste","de R$ 1.001/mês a R$ 2.000/mês","Cientista de Dados/Data Scientist","Júnior","Modelo 100% remoto","0","0","1","0","0","0","0","1","0","1","0","0","0","0","0","0","0","0","0","0","1","0","0","0","0","0","0","0"
"pjhh623rqcqx830i84wpjhh62wxietdb","25","25-29","Masculino","São Paulo (SP)","SP","Sudeste","de R$ 4.001/mês a R$ 6.000/mês","Engenheiro de Dados/Data Engineer","Júnior","Modelo híbrido flexível (o funcionário tem liberdade para escolher quando estar no escritório presencialmente)","1","1","0","0","0","0","0","1","0","1","0","0","0","0","0","0","0","0","0","0","1","0","0","0","0","1","0","0"
"pit2pbtolap8ncccak7pit23whwqkimg","44","40-44","Masculino","São Paulo (SP)","SP","Sudeste","de R$ 8.001/mês a R$ 12.000/mês","Cientista de Dados/Data Scientist","Pleno","Modelo híbrido com dias fixos de trabalho presencial","0","0","1","0","0","1","0","1","0","1","0","0","1","0","0","0","0","0","0","1","1","1","0","0","0","1","0","0"
"pide5v7umyr7vgc9k7v39pide5vhwvoq","25","25-29","Feminino","Minas Gerais (MG)","MG","Sudeste","de R$ 2.001/mês a R$ 3000/mês","Analista de BI/BI Analyst/Analytics Engineer","Pleno","Modelo 100% remoto","1","0","1","0","0","0","0","1","1","1","0","0","0","0","0","0","0","0","0","0","0","0","1","0","0","0","0","0"
"phfmu3ughf3dipufrnphfmukyan3vj8o","29","25-29","Masculino","Distrito Federal (DF)","DF","Centro-oeste","de R$ 8.001/mês a R$ 12.000/mês","Analista de BI/BI Analyst/Analytics Engineer","Pleno","Modelo 100% remoto","1","1","0","0","0","0","0","1","0","1","0","0","0","0","0","0","1","0","0","0","0","0","0","0","1","1","0","0"
"pgw4z0n8mj2fk890qye1pgw4z9g15lhi","21","17-21","Masculino","São Paulo (SP)","SP","Sudeste","de R$ 1.001/mês a R$ 2.000/mês","Analista de Dados/Data Analyst","Júnior","Modelo híbrido flexível (o funcionário tem liberdade para escolher quando estar no escritório presencialmente)","1","1","0","0","0","0","0","1","0","1","0","0","0","0","0","0","0","0","0","0","1","0","1","0","0","1","0","0"
"pg6unpon19brx2odtpg6unpyi66bpyrx","26","25-29","Masculino","São Paulo (SP)","SP","Sudeste","de R$ 1.001/mês a R$ 2.000/mês","Analista de Dados/Data Analyst","Pleno","Modelo híbrido flexível (o funcionário tem liberdade para escolher quando estar no escritório presencialmente)","0","0","1","0","0","0","1","1","0","1","0","0","0","0","0","0","0","0","0","0","1","0","0","0","0","0","0","0"
"pfsj9y4glyvzrdjuvf4ofpfsj99c0v2a","27","25-29","Masculino","Rio de Janeiro (RJ)","RJ","Sudeste","de R$ 8.001/mês a R$ 12.000/mês","Analista de Dados/Data Analyst","Sênior","Modelo 100% remoto","1","0","0","0","0","0","0","1","0","1","0","0","0","0","0","0","0","0","0","0","0","0","0","0","1","0","0","0"
"pffnx0jp0vheq487nipo75p71pffnx0j","34","30-34","Masculino","Paraná (PR)","PR","Sul","de R$ 3.001/mês a R$ 4.000/mês","Analista de Dados/Data Analyst","Pleno","Modelo 100% remoto","0","1","0","0","0","0","0","1","0","1","0","0","0","0","0","0","0","0","0","0","0","0","0","0","0","1","0","0"
"7pij8qzqd0dquk3cpe1vb7pij8qzib61","24","22-24","Masculino","Ceará (CE)","CE","Nordeste","de R$ 1.001/mês a R$ 2.000/mês","Cientista de Dados/Data Scientist","Júnior","Modelo 100% remoto","0","0","0","0","0","0","1","1","0","1","0","0","0","0","0","0","0","0","0","0","1","0","0","0","0","0","0","0"
"pdnz4gsk2xs0phpdnzc90qdw1t193oc9","25","25-29","Masculino","Goiás (GO)","GO","Centro-oeste","de R$ 12.001/mês a R$ 16.000/mês","Engenheiro de Dados/Data Engineer","Sênior","Modelo 100% remoto","1","1","1","0","0","1","0","1","0","1","0","0","0","0","0","0","0","0","0","0","0","0","0","0","1","0","0","0"
"7eb8lhy51uir9w77eb8lhy5bm19vipd9","20","17-21","Feminino","Ceará (CE)","CE","Nordeste","Menos de R$ 1.000/mês","Suporte Técnico","Júnior","Modelo híbrido com dias fixos de trabalho presencial","0","0","0","1","0","0","0","1","0","0","0","0","1","0","0","0","0","0","0","1","0","0","0","0","0","0","0","1"
"p9l7jdj5g2hzhpbmi22p9l7jd5y4u675","32","30-34","Masculino","São Paulo (SP)","SP","Sudeste","de R$ 6.001/mês a R$ 8.000/mês","Cientista de Dados/Data Scientist","Júnior","Modelo 100% remoto","1","1","0","0","0","0","0","1","0","1","0","0","0","0","0","0","0","0","0","0","0","0","0","0","0","0","0","0"
"p89jlmo9d5qk0gvp89jlr4kkvg7lrrl3","31","30-34","Masculino","São Paulo (SP)","SP","Sudeste","de R$ 4.001/mês a R$ 6.000/mês","Analista de Dados/Data Analyst","Júnior","Modelo 100% remoto","0","0","0","1","0","0","0","1","0","1","0","0","0","0","1","0","0","0","0","0","1","0","0","0","0","0","0","0"
"p6n805f19y0fsp6n8jgon5ykcxhnakgj","27","25-29","Masculino","Fora do Brasil","Exterior","Exterior","de R$ 30.001/mês a R$ 40.000/mês","Cientista de Dados/Data Scientist","Sênior","Modelo híbrido com dias fixos de trabalho presencial","1","0","1","0","0","0","0","1","0","1","0","0","0","0","0","0","0","0","0","0","1","0","0","0","0","1","0","0"
"lmzukhfstlxe6ealu5c8xlmzukhmyt35","30","30-34","Masculino","Mato Grosso (MT)","MT","Centro-oeste","de R$ 8.001/mês a R$ 12.000/mês","Engenheiro de Dados/Data Engineer","Sênior","Modelo 100% remoto","1","1","0","0","0","1","0","1","0","1","1","1","1","0","0","0","0","0","0","1","1","0","0","0","1","1","0","0"
"p5hixij1mvyf60j3b0up5hixi47t1ffk","24","22-24","Masculino","Rio Grande do Norte (RN)","RN","Nordeste","de R$ 2.001/mês a R$ 3000/mês","Analista de Dados/Data Analyst","Júnior","Modelo híbrido flexível (o funcionário tem liberdade para escolher quando estar no escritório presencialmente)","0","0","0","0","0","0","1","1","0","0","0","0","0","0","0","0","0","0","0","0","1","0","0","0","0","0","0","0"
"p48kqd55zvbsk2fqexp48kqdqqtwl1bw","34","30-34","Masculino","São Paulo (SP)","SP","Sudeste","de R$ 12.001/mês a R$ 16.000/mês","Analista de BI/BI Analyst/Analytics Engineer","Sênior","Modelo híbrido flexível (o funcionário tem liberdade para escolher quando estar no escritório presencialmente)","0","1","0","0","0","0","0","1","0","1","0","0","1","0","1","1","0","0","0","0","0","0","1","0","0","0","0","0"
"7bffrrlul4q17bf92161ngrjn3tjpwcs","28","25-29","Masculino","Ceará (CE)","CE","Nordeste","de R$ 4.001/mês a R$ 6.000/mês","Analista de Negócios/Business Analyst","Pleno","Modelo híbrido com dias fixos de trabalho presencial","0","0","0","0","0","0","1","0","0","1","0","0","0","0","0","0","0","0","0","0","1","0","0","0","0","0","1","0"
"p34czf2j8cvzzw8p34cjc77b28shky6j","30","30-34","Masculino","Paraná (PR)","PR","Sul","de R$ 4.001/mês a R$ 6.000/mês","Cientista de Dados/Data Scientist","Júnior","Modelo 100% remoto","0","1","0","0","0","0","0","1","0","1","0","0","0","0","0","0","0","0","0","0","0","0","0","0","0","1","0","0"
"p32d4c5b1sunq3yup32d4c55zzkfndcw","29","25-29","Masculino","Santa Catarina (SC)","SC","Sul","de R$ 6.001/mês a R$ 8.000/mês","Cientista de Dados/Data Scientist","Pleno","Modelo 100% remoto","0","0","0","0","0","1","0","1","0","1","0","0","0","0","0","0","0","0","0","0","1","0","0","0","0","0","0","0"
"p2mn3i49os9mn52uzb6rp2mn3i8xu14l","30","30-34","Masculino","Paraíba (PB)","PB","Nordeste","de R$ 4.001/mês a R$ 6.000/mês","Engenheiro de Dados/Data Engineer","Júnior","Modelo 100% remoto","1","0","1","1","0","0","0","1","0","0","0","0","0","0","0","0","0","0","0","0","0","0","0","0","0","0","0","1"
"p23ohfie9iitrp23ohsfhzg7jmz5007l","40","40-44","Masculino","São Paulo (SP)","SP","Sudeste","de R$ 4.001/mês a R$ 6.000/mês","Analista de Dados/Data Analyst","Pleno","Modelo 100% remoto","1","0","0","0","0","0","0","1","0","1","0","0","0","0","0","0","0","0","0","0","1","1","0","0","0","0","0","0"
"3nz2jwq1hx8z70na3nz2jwxtlc025vq1","32","30-34","Feminino","São Paulo (SP)","SP","Sudeste","de R$ 3.001/mês a R$ 4.000/mês","Suporte Técnico","Júnior","Modelo 100% presencial","0","1","0","0","0","0","0","0","0","0","0","0","0","0","0","0","0","0","0","0","0","0","0","0","0","0","0","1"
"ozs3il3beyoaqfz82xozsb0rsd4p2qzf","49","45-49","Masculino","Paraná (PR)","PR","Sul","de R$ 6.001/mês a R$ 8.000/mês","Analista de Dados/Data Analyst","Sênior","Modelo 100% remoto","0","0","1","1","0","0","0","1","0","1","0","0","0","0","0","0","0","0","0","0","0","0","1","0","0","0","0","0"
"1nu1zhhnzbvbzz256em01nu1zh6or0b2","32","30-34","Masculino","Goiás (GO)","GO","Centro-oeste","de R$ 2.001/mês a R$ 3000/mês","Outro","Sênior","Modelo 100% presencial","1","0","0","0","0","0","0","1","0","1","0","0","0","0","0","1","0","0","0","0","1","0","0","0","0","0","0","0"
"1kavm4fs4somquicm13iyvkr1kavm4fj","30","30-34","Masculino","Paraná (PR)","PR","Sul","de R$ 4.001/mês a R$ 6.000/mês","Analista de BI/BI Analyst/Analytics Engineer","Pleno","Modelo 100% remoto","0","1","0","0","0","0","0","1","0","0","0","0","0","0","0","0","0","0","0","0","1","0","0","0","0","1","0","0"
"oxwhwpu3gcwxehz22fd8hoxwhwpdcuaz","34","30-34","Masculino","Santa Catarina (SC)","SC","Sul","de R$ 16.001/mês a R$ 20.000/mês","Engenheiro de Machine Learning/ML Engineer","Sênior","Modelo 100% remoto","1","0","0","0","0","0","0","0","0","1","1","0","0","0","0","0","0","0","0","0","1","0","0","0","0","0","0","0"
"oxu58m6t7zyfbuk4u1doxu58mrxxcevs","29","25-29","Masculino","Rio de Janeiro (RJ)","RJ","Sudeste","de R$ 2.001/mês a R$ 3000/mês","Analista de Marketing","Júnior","Modelo 100% remoto","1","0","0","0","0","1","1","0","0","0","0","0","0","0","0","0","0","0","0","0","1","0","0","0","0","0","1","0"
"oxq6uc8vzfegoxq6f2huywuzwzke42cv","36","35-39","Masculino","São Paulo (SP)","SP","Sudeste","de R$ 12.001/mês a R$ 16.000/mês","Engenheiro de Dados/Data Engineer","Sênior","Modelo 100% remoto","1","1","1","0","0","0","0","1","1","1","0","1","1","0","1","1","0","0","1","1","1","0","1","1","1","1","0","0"
"oxpc371sd7chqoed0l6v6oxpc3afe2ur","39","35-39","Feminino","Rio de Janeiro (RJ)","RJ","Sudeste","de R$ 4.001/mês a R$ 6.000/mês","Cientista de Dados/Data Scientist","Júnior","Modelo híbrido flexível (o funcionário tem liberdade para escolher quando estar no escritório presencialmente)","1","0","0","0","0","0","0","0","0","1","0","0","0","0","0","0","0","0","0","0","0","0","0","0","0","0","1","1"
"ox2ai85f1lwdvoxv60ae518e6dblo19r","41","40-44","Masculino","Paraná (PR)","PR","Sul","de R$ 20.001/mês a R$ 25.000/mês","Engenheiro de Dados/Data Engineer","Sênior","Modelo 100% remoto","1","0","0","0","0","0","0","1","0","1","0","0","0","0","0","0","0","0","0","0","1","0","0","0","0","0","0","0"
"ow4beicpgvlvtrow4x9jml3b7lwsvj0b","28","25-29","Feminino","São Paulo (SP)","SP","Sudeste","de R$ 8.001/mês a R$ 12.000/mês","Analista de Dados/Data Analyst","Pleno","Modelo 100% remoto","1","0","0","0","0","0","0","1","1","1","0","0","0","0","0","0","0","0","0","0","0","0","1","0","0","0","0","0"
"ov5r1qk2uoprc7narnspov5r1qk0bkqz","24","22-24","Masculino","Rio Grande do Sul (RS)","RS","Sul","de R$ 4.001/mês a R$ 6.000/mês","Engenheiro de Dados/Data Engineer","Júnior","Modelo 100% remoto","1","0","0","0","0","0","0","1","0","1","0","0","0","0","0","0","1","0","0","0","1","0","0","0","0","0","0","0"
"ouoqcq4xjhsuonl0ouoqc1hb1v5z8gt9","31","30-34","Feminino","Rio de Janeiro (RJ)","RJ","Sudeste","de R$ 8.001/mês a R$ 12.000/mês","Analista de Dados/Data Analyst","Sênior","Modelo 100% remoto","1","0","0","0","0","0","0","1","0","0","0","0","0","0","0","0","1","0","0","0","0","0","1","0","0","0","0","0"
"oukax5qnjb8v0lksfoukali713pm28bo","44","40-44","Masculino","Paraná (PR)","PR","Sul","de R$ 8.001/mês a R$ 12.000/mês","Outras Engenharias (não inclui dev)","Pleno","Modelo 100% presencial","1","0","0","0","0","0","0","1","0","1","1","1","1","0","0","1","0","1","1","1","1","1","0","0","0","0","0","0"
"6l55pt6o3vw3fl66cck9ug6l55pt6or6","27","25-29","Feminino","Ceará (CE)","CE","Nordeste","de R$ 4.001/mês a R$ 6.000/mês","Analista de BI/BI Analyst/Analytics Engineer","Pleno","Modelo híbrido flexível (o funcionário tem liberdade para escolher quando estar no escritório presencialmente)","0","0","1","0","0","0","0","1","1","1","0","0","0","0","0","0","0","0","0","0","1","0","0","0","0","0","0","0"
"jx5lihlln7kpvt2sjx5lm1mzcnu4m7bf","26","25-29","Masculino","Alagoas (AL)","AL","Nordeste","de R$ 3.001/mês a R$ 4.000/mês","Analista de Negócios/Business Analyst","Júnior","Modelo 100% presencial","0","0","0","0","0","1","0","1","0","0","0","0","0","0","0","0","0","0","0","0","0","1","0","0","0","0","0","0"
"vk7gz8g4kqoou2t88rivk7gz21q6ue05","28","25-29","Feminino","São Paulo (SP)","SP","Sudeste","de R$ 6.001/mês a R$ 8.000/mês","Analista de BI/BI Analyst/Analytics Engineer","Pleno","Modelo híbrido com dias fixos de trabalho presencial","1","1","1","0","0","0","0","1","1","1","0","0","1","0","1","0","0","0","0","0","1","0","0","0","1","0","0","0"
"osoxdv05a2jbl9kuiirfyosoxdv0di8l","27","25-29","Masculino","São Paulo (SP)","SP","Sudeste","de R$ 2.001/mês a R$ 3000/mês","Analista de Dados/Data Analyst","Júnior","Modelo 100% remoto","1","1","1","0","0","0","0","1","0","1","0","0","0","0","0","0","0","0","0","0","1","0","0","0","0","0","1","0"
"srj4nq5plxdnvw01qb05mdsrj4nq59ij","40","40-44","Masculino","Rio Grande do Sul (RS)","RS","Sul","de R$ 8.001/mês a R$ 12.000/mês","Outro","Sênior","Modelo híbrido com dias fixos de trabalho presencial","1","0","1","0","0","0","0","1","0","1","0","0","0","0","0","0","0","0","0","0","1","0","1","0","0","0","0","0"
"os3kiqhf4raslffviw2dos3kixxkjtep","34","30-34","Masculino","Minas Gerais (MG)","MG","Sudeste","de R$ 4.001/mês a R$ 6.000/mês","Outro","Sênior","Modelo 100% presencial","0","0","0","0","0","1","0","0","0","0","0","0","0","0","0","0","0","0","0","0","0","0","0","0","0","0","0","1"
"6fe0fzoc2qldns6fe0fzl8bt9qe6s4be","26","25-29","Masculino","Ceará (CE)","CE","Nordeste","de R$ 3.001/mês a R$ 4.000/mês","Analista de BI/BI Analyst/Analytics Engineer","Júnior","Modelo híbrido flexível (o funcionário tem liberdade para escolher quando estar no escritório presencialmente)","1","0","1","0","0","0","0","1","0","1","0","0","0","0","0","0","0","0","0","0","1","0","0","0","0","1","0","0"
"oqttryxqnuhjlm8mlpi2oqttrysv7ucq","37","35-39","Masculino","Sergipe (SE)","SE","Nordeste","de R$ 2.001/mês a R$ 3000/mês","Analista de Sistemas/Analista de TI","Sênior","Modelo 100% presencial","0","0","0","0","0","1","0","0","1","1","0","0","0","0","0","0","0","0","0","0","1","0","0","0","0","0","0","0"
"oqo8atvkmvjna4ioqoefeiwwhzgqxlw1","34","30-34","Masculino","Rio Grande do Sul (RS)","RS","Sul","de R$ 8.001/mês a R$ 12.000/mês","Analista de Dados/Data Analyst","Sênior","Modelo híbrido flexível (o funcionário tem liberdade para escolher quando estar no escritório presencialmente)","1","1","0","0","0","0","0","1","1","0","0","0","0","0","0","0","0","0","0","0","0","0","0","1","1","1","0","0"
"rmqu4yyjqo97aj40pdrmqu4yytf332g9","26","25-29","Masculino","Rio Grande do Sul (RS)","RS","Sul","de R$ 1.001/mês a R$ 2.000/mês","Analista de Inteligência de Mercado/Market Intelligence","Júnior","Modelo 100% remoto","0","1","0","0","0","0","0","0","0","0","0","0","0","0","0","0","0","0","0","0","0","0","0","0","0","0","1","0"
"5hy7p9d8kjfeliuguv5hy7p9dnpnpqo3","23","22-24","Masculino","Ceará (CE)","CE","Nordeste","de R$ 6.001/mês a R$ 8.000/mês","Engenheiro de Dados/Data Engineer","Pleno","Modelo híbrido flexível (o funcionário tem liberdade para escolher quando estar no escritório presencialmente)","1","0","0","0","0","0","0","1","0","1","0","0","0","0","0","0","1","0","0","0","0","0","0","1","0","0","0","0"
"nsyev7v3b77kq7rojzz82nsyev7v3lng","28","25-29","Masculino","Minas Gerais (MG)","MG","Sudeste","de R$ 1.001/mês a R$ 2.000/mês","Analista de Sistemas/Analista de TI","Júnior","Modelo 100% remoto","1","0","0","0","0","0","0","1","0","0","0","0","0","0","0","0","0","0","1","0","1","0","0","0","0","0","0","0"
"m0q1cr46qqa71zxm0q19p1m9y0kq0rg8","21","17-21","Masculino","São Paulo (SP)","SP","Sudeste","de R$ 2.001/mês a R$ 3000/mês","Analista de Dados/Data Analyst","Júnior","Modelo 100% remoto","1","0","0","0","0","0","0","1","0","1","0","0","0","0","0","1","0","0","0","0","0","0","0","0","0","0","1","0"
"oooa9y4wyq1d48noooa9rhxahg53qn4t","26","25-29","Masculino","São Paulo (SP)","SP","Sudeste","de R$ 6.001/mês a R$ 8.000/mês","Engenheiro de Dados/Data Engineer","Pleno","Modelo 100% remoto","0","1","1","0","0","0","0","1","0","1","0","0","0","0","0","0","0","0","0","0","1","0","0","0","0","1","0","0"
"onumcddr5fduf3zenhkonum0cmo6217r","41","40-44","Masculino","São Paulo (SP)","SP","Sudeste","de R$ 25.001/mês a R$ 30.000/mês","Analista de Negócios/Business Analyst","Sênior","Modelo 100% remoto","0","0","1","0","0","0","0","1","0","1","0","0","0","0","0","0","0","0","0","0","1","0","0","1","1","0","0","0"
"lc8nyki096572bjr8slc8nykatwd2qsk","40","40-44","Feminino","Distrito Federal (DF)","DF","Centro-oeste","de R$ 12.001/mês a R$ 16.000/mês","Product Manager","Sênior","Modelo híbrido flexível (o funcionário tem liberdade para escolher quando estar no escritório presencialmente)","0","0","0","0","1","0","0","0","0","0","0","0","0","0","0","1","0","0","0","0","0","0","0","0","0","0","0","0"
"on1odp4rgl79gocb6zhbon1odp8d1b0k","22","22-24","Masculino","Rio de Janeiro (RJ)","RJ","Sudeste","de R$ 1.001/mês a R$ 2.000/mês","Analista de BI/BI Analyst/Analytics Engineer","Júnior","Modelo híbrido flexível (o funcionário tem liberdade para escolher quando estar no escritório presencialmente)","1","0","0","0","0","0","0","1","0","1","0","0","0","0","0","0","0","0","0","0","1","0","0","1","0","1","0","0"
"omq8pl9emktn9x4rh5xtomq8pl978swg","31","30-34","Masculino","Minas Gerais (MG)","MG","Sudeste","de R$ 8.001/mês a R$ 12.000/mês","Analista de BI/BI Analyst/Analytics Engineer","Sênior","Modelo híbrido flexível (o funcionário tem liberdade para escolher quando estar no escritório presencialmente)","1","0","0","0","0","0","0","1","1","1","0","0","0","0","0","0","0","0","0","0","0","0","1","0","0","0","0","0"
"omd88iyuzsljmrvqomd88ah22zzssb1j","24","22-24","Masculino","Minas Gerais (MG)","MG","Sudeste","de R$ 8.001/mês a R$ 12.000/mês","Engenheiro de Dados/Data Engineer","Pleno","Modelo híbrido flexível (o funcionário tem liberdade para escolher quando estar no escritório presencialmente)","0","1","0","0","0","0","0","1","0","1","0","0","0","0","0","0","0","0","0","0","0","0","0","0","1","1","0","0"
"om3li7b3taz7zz6om3lihjjlere73usp","39","35-39","Feminino","São Paulo (SP)","SP","Sudeste","de R$ 8.001/mês a R$ 12.000/mês","Analista de Dados/Data Analyst","Pleno","Modelo 100% remoto","0","0","0","0","0","1","0","1","0","1","0","0","0","0","0","0","0","0","0","0","0","0","0","0","0","1","0","0"
"oln62w27589b1ngboln62wmjg2zv6fmt","42","40-44","Masculino","Fora do Brasil","Exterior","Exterior","de R$ 30.001/mês a R$ 40.000/mês","Arquiteto de Dados","Sênior","Modelo híbrido flexível (o funcionário tem liberdade para escolher quando estar no escritório presencialmente)","0","0","1","0","0","0","0","1","0","0","0","0","1","0","0","0","1","0","0","0","1","0","0","0","0","0","0","0"
"ok32l8f0spk5wg85eq50ok32l0q3z4ob","23","22-24","Masculino","Paraná (PR)","PR","Sul","de R$ 4.001/mês a R$ 6.000/mês","Analista de Inteligência de Mercado/Market Intelligence","Júnior","Modelo 100% remoto","0","1","0","0","0","0","0","1","0","1","0","0","0","0","0","0","0","0","0","0","0","0","1","0","0","1","0","0"
"kc9sshpqc6wgdkc0a7kc9sshvj82wftr","38","35-39","Masculino","Paraíba (PB)","PB","Nordeste","de R$ 8.001/mês a R$ 12.000/mês","Outras Engenharias (não inclui dev)","Pleno","Modelo 100% presencial","0","0","0","0","0","1","0","0","0","0","0","0","0","0","0","0","0","0","0","0","0","0","0","0","0","0","1","0"
"ojygknxgqgp6ud0oojygkiasb3id49mf","24","22-24","Feminino","São Paulo (SP)","SP","Sudeste","de R$ 8.001/mês a R$ 12.000/mês","Analista de BI/BI Analyst/Analytics Engineer","Pleno","Modelo 100% remoto","1","1","0","0","0","0","0","1","0","1","0","0","0","0","0","0","1","0","0","0","0","0","0","0","0","1","0","0"
"oiu2m9p73i23yfatejboiu2m96mfn7bu","29","25-29","Masculino","São Paulo (SP)","SP","Sudeste","de R$ 4.001/mês a R$ 6.000/mês","Analista de Negócios/Business Analyst","Sênior","Modelo 100% remoto","0","0","0","0","0","1","0","0","0","0","0","0","0","0","0","0","0","0","0","0","1","0","0","0","0","0","0","0"
"oik8cmit69w89w450doik842ljly99ni","30","30-34","Masculino","São Paulo (SP)","SP","Sudeste","de R$ 8.001/mês a R$ 12.000/mês","Analista de Negócios/Business Analyst","Sênior","Modelo 100% remoto","1","0","0","0","0","0","0","1","1","1","0","0","0","0","0","0","0","0","0","0","0","0","0","0","0","0","0","0"
"oi86zemjejjmi7wsyniqoi86zy5uzdz6","28","25-29","Masculino","Minas Gerais (MG)","MG","Sudeste","de R$ 3.001/mês a R$ 4.000/mês","","","Modelo híbrido flexível (o funcionário tem liberdade para escolher quando estar no escritório presencialmente)","","","","","","","","","","","","","","","","","","","","","","","","","","","",""
"oi39yryxs4os6z780d3nsfoi39yt1uig","21","17-21","Masculino","Minas Gerais (MG)","MG","Sudeste","de R$ 6.001/mês a R$ 8.000/mês","Cientista de Dados/Data Scientist","Pleno","Modelo 100% remoto","1","0","0","0","0","0","0","1","1","1","0","0","0","0","0","0","0","0","0","0","0","0","0","0","0","0","0","1"
"ohyph0yww9awi8ewhohyph0lg9oqrj2a","29","25-29","Masculino","Rio de Janeiro (RJ)","RJ","Sudeste","de R$ 2.001/mês a R$ 3000/mês","Analista de BI/BI Analyst/Analytics Engineer","Júnior","Modelo 100% presencial","0","0","0","0","0","1","0","0","0","0","0","0","0","0","0","0","0","0","0","0","1","0","0","0","0","0","0","0"
"ohizgxuomzlhnr2u1afd3ohizgxuog45","30","30-34","Masculino","Rio de Janeiro (RJ)","RJ","Sudeste","de R$ 4.001/mês a R$ 6.000/mês","Cientista de Dados/Data Scientist","Júnior","Modelo 100% remoto","0","1","0","0","0","0","0","1","1","1","0","0","0","0","0","0","0","0","0","0","1","0","0","0","0","0","0","0"
"ohc1qtjvhfubdgguhohc1qljk2q30h5x","24","22-24","Masculino","","","Norte","de R$ 1.001/mês a R$ 2.000/mês","Cientista de Dados/Data Scientist","Júnior","Modelo 100% remoto","1","0","0","0","0","0","0","1","0","1","0","0","0","0","0","0","0","0","0","0","0","0","0","0","0","0","0","1"
"ogpebuy4jx3q2467ogpebwydzau26c4t","30","30-34","Masculino","Goiás (GO)","GO","Centro-oeste","de R$ 12.001/mês a R$ 16.000/mês","Engenheiro de Dados/Data Engineer","Sênior","Modelo híbrido flexível (o funcionário tem liberdade para escolher quando estar no escritório presencialmente)","0","0","1","0","0","0","0","1","0","1","0","0","0","0","0","0","1","0","0","0","1","0","0","0","0","0","0","0"
"ogervxgp7jp4c9gk8rcogervxpcmw9ue","38","35-39","Masculino","São Paulo (SP)","SP","Sudeste","de R$ 4.001/mês a R$ 6.000/mês","DBA/Administrador de Banco de Dados","Sênior","Modelo 100% presencial","0","0","0","1","0","0","0","1","0","1","0","0","1","0","0","0","0","0","1","1","1","0","0","0","0","0","0","0"
"kbq2negyj1b4i3eyv9kbq2neftlt9nwa","30","30-34","Feminino","","","Norte","de R$ 6.001/mês a R$ 8.000/mês","Analista de Negócios/Business Analyst","Sênior","Modelo 100% remoto","0","0","1","0","0","1","0","1","0","1","0","0","0","0","0","0","0","0","0","0","1","0","0","0","0","0","0","0"
"oe6zpft0vgcu4k3kxzbdcoe6zpftohke","29","25-29","Masculino","Distrito Federal (DF)","DF","Centro-oeste","de R$ 8.001/mês a R$ 12.000/mês","Cientista de Dados/Data Scientist","Sênior","Modelo 100% remoto","0","0","1","0","0","0","0","1","1","1","0","0","1","0","1","1","0","0","0","1","1","0","0","0","0","0","0","0"
"ocnonjviosslorpacdocnonjbixhij7h","28","25-29","Feminino","São Paulo (SP)","SP","Sudeste","de R$ 8.001/mês a R$ 12.000/mês","Cientista de Dados/Data Scientist","Pleno","Modelo 100% remoto","0","0","1","0","0","0","0","1","0","1","1","1","1","0","1","0","0","0","0","1","1","0","0","0","0","0","0","0"
"ocbauwtez6wodo9h7ocba7qajer6riw5","26","25-29","Masculino","São Paulo (SP)","SP","Sudeste","de R$ 4.001/mês a R$ 6.000/mês","Analista de Dados/Data Analyst","Pleno","Modelo 100% presencial","0","0","0","0","0","1","0","1","0","1","0","0","0","0","0","0","0","0","1","0","1","0","0","0","0","0","0","0"
"jwnyf3g1tnjmimn2y7khjwnyzfsw1vie","28","25-29","Feminino","São Paulo (SP)","SP","Sudeste","de R$ 8.001/mês a R$ 12.000/mês","Analista de Inteligência de Mercado/Market Intelligence","Sênior","Modelo híbrido flexível (o funcionário tem liberdade para escolher quando estar no escritório presencialmente)","0","1","0","0","0","0","0","1","0","0","0","0","0","0","0","0","0","0","0","0","0","0","0","0","0","0","0","0"
"obund19v59b4lwq965sobund6iqgs1nj","38","35-39","Masculino","São Paulo (SP)","SP","Sudeste","de R$ 25.001/mês a R$ 30.000/mês","Outro","Sênior","Modelo 100% remoto","0","0","0","0","0","1","0","0","0","0","0","0","0","0","0","0","0","0","0","0","1","0","0","0","0","0","1","0"
"obakg5x9bwtemymvwobakg9aiisvsbvv","25","25-29","Masculino","São Paulo (SP)","SP","Sudeste","de R$ 12.001/mês a R$ 16.000/mês","Analista de BI/BI Analyst/Analytics Engineer","Sênior","Modelo 100% remoto","1","0","0","0","0","0","0","1","0","1","0","0","0","0","0","1","0","0","0","0","0","1","0","0","0","0","0","0"
"oad35rc5pgtrwk6yb59hc21oad351ysb","31","30-34","Masculino","Distrito Federal (DF)","DF","Centro-oeste","de R$ 8.001/mês a R$ 12.000/mês","Cientista de Dados/Data Scientist","Sênior","Modelo 100% remoto","0","0","1","0","0","0","0","1","1","1","0","0","0","0","0","0","0","0","0","0","1","0","0","0","0","0","0","0"
"oa1zhfmdjntzxp5loa1zhf28iwvrkudx","27","25-29","Feminino","Rio Grande do Sul (RS)","RS","Sul","de R$ 6.001/mês a R$ 8.000/mês","Analista de Dados/Data Analyst","Pleno","Modelo 100% remoto","0","0","1","0","0","0","0","1","0","1","0","0","0","0","0","0","0","0","0","0","0","0","0","0","0","0","0","0"
"o8trloyhymy86b71vo8trlo28o8pgxat","26","25-29","Masculino","São Paulo (SP)","SP","Sudeste","de R$ 3.001/mês a R$ 4.000/mês","Analista de Dados/Data Analyst","Júnior","Modelo 100% remoto","0","0","1","1","0","0","0","1","1","1","0","0","0","0","0","0","0","1","0","0","1","0","0","0","0","0","0","0"
"o88tc6emdom9i72y5ak3ddo88tc6ea2a","31","30-34","Feminino","Santa Catarina (SC)","SC","Sul","de R$ 3.001/mês a R$ 4.000/mês","Analista de Negócios/Business Analyst","Júnior","Modelo 100% remoto","0","0","1","0","0","0","0","1","0","1","0","0","0","0","0","0","0","0","0","0","1","0","0","0","0","0","0","0"
"59hnvz61asalwpe1tgop59hnvzsodhqk","25","25-29","Masculino","Ceará (CE)","CE","Nordeste","de R$ 8.001/mês a R$ 12.000/mês","Cientista de Dados/Data Scientist","Pleno","Modelo híbrido com dias fixos de trabalho presencial","0","0","0","0","0","1","0","1","0","1","0","0","0","0","0","0","0","0","0","0","1","0","0","0","0","0","0","0"
"o6usikz87xcsi0fgfxxo6usifecgtcoa","25","25-29","Masculino","Minas Gerais (MG)","MG","Sudeste","de R$ 6.001/mês a R$ 8.000/mês","Cientista de Dados/Data Scientist","Júnior","Modelo 100% remoto","0","0","1","0","0","0","0","0","1","1","0","0","0","0","0","0","0","0","0","0","0","0","0","0","0","0","0","1"
"o5vt8s40728oemoyanvo5vt8ftc75drv","32","30-34","Masculino","Minas Gerais (MG)","MG","Sudeste","de R$ 6.001/mês a R$ 8.000/mês","DBA/Administrador de Banco de Dados","Pleno","Modelo 100% remoto","0","0","1","1","0","0","0","1","0","0","0","0","0","0","0","0","0","0","0","0","0","0","0","0","0","0","0","1"
"o5b1reuria0jczxo5b1reqakyb400may","24","22-24","Masculino","São Paulo (SP)","SP","Sudeste","de R$ 2.001/mês a R$ 3000/mês","Analista de BI/BI Analyst/Analytics Engineer","Júnior","Modelo 100% presencial","0","0","0","0","0","1","0","1","0","1","0","0","0","0","0","1","0","0","0","0","1","0","0","0","0","1","1","0"
"o4kbwtist23ijo4kbw8aewycy5bavjy8","30","30-34","Masculino","","","Norte","de R$ 6.001/mês a R$ 8.000/mês","Desenvolvedor ou Engenheiro de Software","Pleno","Modelo 100% presencial","0","0","0","0","0","1","0","1","0","1","0","0","1","0","0","0","0","0","0","1","0","0","0","0","0","0","0","0"
"o35tu0l203nubn3o35tu06p4sh1unolf","34","30-34","Feminino","São Paulo (SP)","SP","Sudeste","de R$ 6.001/mês a R$ 8.000/mês","Estatístico","Sênior","Modelo 100% presencial","0","0","0","0","0","1","0","0","1","1","0","0","0","0","0","0","0","0","0","0","0","0","1","0","0","0","0","0"
"4qdehnylq3vuews94l70354qdehnylms","23","22-24","Masculino","Ceará (CE)","CE","Nordeste","de R$ 6.001/mês a R$ 8.000/mês","Cientista de Dados/Data Scientist","Pleno","Modelo híbrido com dias fixos de trabalho presencial","1","0","0","0","0","0","0","1","0","1","0","0","0","0","0","0","0","0","0","0","0","0","0","0","0","0","0","1"
"o0ug9d4g1d0qk94hno0ughswva2cv93t","31","30-34","Masculino","São Paulo (SP)","SP","Sudeste","de R$ 6.001/mês a R$ 8.000/mês","Analista de Negócios/Business Analyst","Sênior","Modelo 100% remoto","1","0","0","0","0","0","0","1","0","1","0","0","0","0","0","0","0","0","0","0","1","0","0","0","1","1","0","0"
"o0fzk30meobxhjws7ppo0fzx9opdjywp","21","17-21","Masculino","Minas Gerais (MG)","MG","Sudeste","de R$ 2.001/mês a R$ 3000/mês","Analista de BI/BI Analyst/Analytics Engineer","Júnior","Modelo 100% remoto","0","1","0","0","0","0","0","1","0","1","0","0","0","0","0","0","0","0","0","0","0","0","0","1","1","1","0","0"
"4n77nf2xqqx8uvfw0h4n7zj5kmxk7tgw","25","25-29","Masculino","Ceará (CE)","CE","Nordeste","de R$ 4.001/mês a R$ 6.000/mês","Analista de BI/BI Analyst/Analytics Engineer","Pleno","Modelo 100% presencial","0","0","0","0","0","1","0","1","0","0","0","0","0","0","0","0","0","0","0","0","1","0","1","0","0","0","0","0"
"nzrht18gyuc5m3gownzrhtws58f1n89a","30","30-34","Masculino","São Paulo (SP)","SP","Sudeste","de R$ 4.001/mês a R$ 6.000/mês","Outro","Pleno","Modelo 100% remoto","0","0","0","0","0","1","0","0","0","0","0","0","0","0","0","0","0","0","0","0","0","0","0","0","0","0","0","0"
"4dja14lri1c2k4t54cvpk4dja1cxv1ba","25","25-29","Masculino","Ceará (CE)","CE","Nordeste","de R$ 6.001/mês a R$ 8.000/mês","Cientista de Dados/Data Scientist","Pleno","Modelo 100% remoto","1","0","0","0","0","0","0","0","0","1","0","0","0","0","0","0","0","0","0","0","0","0","0","0","0","0","0","1"
"nypl204lr8n8jyngvbsnypl207uzvem4","27","25-29","Feminino","Minas Gerais (MG)","MG","Sudeste","de R$ 8.001/mês a R$ 12.000/mês","Engenheiro de Dados/Data Engineer","Pleno","Modelo 100% remoto","1","1","0","0","0","0","0","1","0","1","0","0","0","0","0","0","0","0","0","0","1","0","0","1","0","0","0","0"
"nykr71jyf9j16wywinonykrk0tezgz3l","26","25-29","Masculino","São Paulo (SP)","SP","Sudeste","de R$ 6.001/mês a R$ 8.000/mês","Analista de Dados/Data Analyst","Pleno","Modelo híbrido com dias fixos de trabalho presencial","0","0","1","0","0","0","0","0","0","1","0","0","0","0","0","0","0","0","0","0","1","0","0","0","0","0","0","0"
"nykkwjehjopwhtnykky1j5kq69rhqrqq","25","25-29","Feminino","São Paulo (SP)","SP","Sudeste","de R$ 6.001/mês a R$ 8.000/mês","Cientista de Dados/Data Scientist","Pleno","Modelo 100% remoto","1","0","0","0","0","0","0","1","0","1","0","0","0","0","0","0","1","0","0","0","0","0","0","0","1","0","0","0"
"nxw5hmrb1njprlv6o2yfd8nxw5hmrdo4","23","22-24","Masculino","São Paulo (SP)","SP","Sudeste","de R$ 1.001/mês a R$ 2.000/mês","Analista Administrativo","Júnior","Modelo 100% presencial","0","1","0","0","0","0","0","1","0","1","0","0","0","0","0","0","0","0","0","0","0","0","0","0","0","0","1","0"
"nwtcnn6sgj5bll2gtnwtcnn6ugg1dxtz","37","35-39","Masculino","Santa Catarina (SC)","SC","Sul","de R$ 4.001/mês a R$ 6.000/mês","Analista de Dados/Data Analyst","Júnior","Modelo 100% remoto","1","0","1","0","0","0","0","1","0","1","0","0","0","0","0","0","0","0","0","0","1","0","0","0","0","0","0","0"
"nvszctdtcn94z1nvszls165cfj0g93ix","24","22-24","Masculino","Paraná (PR)","PR","Sul","de R$ 30.001/mês a R$ 40.000/mês","Engenheiro de Dados/Data Engineer","Sênior","Modelo 100% remoto","1","1","0","0","0","0","0","1","0","1","1","0","0","0","0","0","0","0","0","0","0","0","0","0","0","0","0","1"
"2xf5en6n750pjfiq2xf5sr67z6vmlk10","35","35-39","Masculino","Ceará (CE)","CE","Nordeste","de R$ 4.001/mês a R$ 6.000/mês","Analista de Negócios/Business Analyst","Pleno","Modelo 100% presencial","0","0","0","0","0","1","0","0","0","0","0","0","0","0","0","0","0","0","0","0","1","0","0","0","0","0","0","0"
"ntj5a8aybokvifcn7g9ntj5fanh1h081","36","35-39","Masculino","São Paulo (SP)","SP","Sudeste","de R$ 6.001/mês a R$ 8.000/mês","Engenheiro de Dados/Data Engineer","Sênior","Modelo 100% remoto","0","1","0","0","0","0","0","1","0","1","0","0","0","0","0","0","0","0","0","0","0","0","0","0","0","1","0","0"
"fntzzd01zsg27fnt7qqlcrrq56ty11sv","49","45-49","Masculino","Minas Gerais (MG)","MG","Sudeste","de R$ 4.001/mês a R$ 6.000/mês","Analista de BI/BI Analyst/Analytics Engineer","Pleno","Modelo híbrido com dias fixos de trabalho presencial","1","0","0","0","0","0","0","1","0","1","0","0","0","0","0","0","0","0","1","0","1","0","0","0","0","1","0","0"
"nsael62t3a6c030l9nsae4v4mzsafhbd","29","25-29","Masculino","Rio de Janeiro (RJ)","RJ","Sudeste","de R$ 3.001/mês a R$ 4.000/mês","Engenheiro de Machine Learning/ML Engineer","Pleno","Modelo híbrido flexível (o funcionário tem liberdade para escolher quando estar no escritório presencialmente)","1","0","1","0","0","0","0","0","0","1","0","0","0","0","0","0","0","0","0","0","1","0","1","0","0","0","0","0"
"nruihdhhdythtbgwnruih14a818rnepj","41","40-44","Masculino","Paraná (PR)","PR","Sul","de R$ 6.001/mês a R$ 8.000/mês","Estatístico","Sênior","Modelo 100% remoto","1","0","0","0","0","0","0","1","1","1","0","0","0","0","0","0","0","0","0","0","0","0","0","0","0","0","0","0"
"nru5m989j735m7u6onru51oh305d4myd","26","25-29","Masculino","São Paulo (SP)","SP","Sudeste","de R$ 3.001/mês a R$ 4.000/mês","Cientista de Dados/Data Scientist","Júnior","Modelo 100% remoto","1","0","1","0","0","0","0","1","1","1","0","0","1","0","0","0","0","0","0","1","1","1","1","0","0","0","0","0"
"nr7tkomb3yyj42nr7tkox8h00bmjywh9","26","25-29","Feminino","São Paulo (SP)","SP","Sudeste","de R$ 2.001/mês a R$ 3000/mês","Analista de Dados/Data Analyst","Júnior","Modelo híbrido com dias fixos de trabalho presencial","0","1","0","0","0","0","0","1","0","1","0","0","0","0","0","0","0","0","0","0","0","0","0","0","0","1","0","0"
"nr6ycyvpwm2vsj06ulnr6ycc1xb3ldfe","31","30-34","Masculino","São Paulo (SP)","SP","Sudeste","de R$ 8.001/mês a R$ 12.000/mês","Analista de BI/BI Analyst/Analytics Engineer","Sênior","Modelo 100% remoto","1","0","0","0","0","0","0","1","0","1","0","0","0","0","0","0","0","0","0","0","0","0","1","1","1","0","0","0"
"720y4vkt4xzrx2m720y48fpi12fnke76","51","50-54","Masculino","São Paulo (SP)","SP","Sudeste","de R$ 12.001/mês a R$ 16.000/mês","Analista de Negócios/Business Analyst","Sênior","Modelo 100% presencial","1","1","1","0","1","0","1","1","1","1","0","0","0","0","0","1","0","0","0","0","1","1","1","0","0","0","1","0"
"fd1sw8sf5bq7c6vfd1swz223lk1kc39j","40","40-44","Masculino","São Paulo (SP)","SP","Sudeste","de R$ 4.001/mês a R$ 6.000/mês","Analista de BI/BI Analyst/Analytics Engineer","Júnior","Modelo 100% presencial","1","0","1","0","0","0","0","1","0","0","0","0","0","0","0","0","0","0","0","0","1","0","0","0","0","1","0","0"
"nqaai5u2uouqy4tdcsnqaai38menlrzi","25","25-29","Masculino","Minas Gerais (MG)","MG","Sudeste","de R$ 3.001/mês a R$ 4.000/mês","Engenheiro de Dados/Data Engineer","Júnior","Modelo híbrido com dias fixos de trabalho presencial","0","0","1","0","0","1","0","1","0","1","0","0","0","0","0","0","0","0","0","0","0","0","0","0","0","0","0","1"
"nq7lz99e1dcuir2pm4n5nq7lz99eeoes","24","22-24","Masculino","Espírito Santo (ES)","ES","Sudeste","de R$ 3.001/mês a R$ 4.000/mês","Analista de BI/BI Analyst/Analytics Engineer","Júnior","Modelo 100% remoto","1","0","0","0","0","0","0","1","0","1","0","0","0","0","0","0","0","0","0","0","1","0","1","0","0","0","1","0"
"nq1ieykigqk19gpmwsnq1fzv62seeby1","43","40-44","Masculino","Paraná (PR)","PR","Sul","Acima de R$ 40.001/mês","Cientista de Dados/Data Scientist","Sênior","Modelo 100% remoto","0","0","0","0","0","0","1","0","0","1","0","0","0","0","0","0","0","0","0","0","0","0","1","0","0","0","0","0"
"dpj4g79i55d8nkdpjx1mdqzuu060nhg7","45","45-49","Masculino","São Paulo (SP)","SP","Sudeste","de R$ 8.001/mês a R$ 12.000/mês","","","Modelo 100% presencial","","","","","","","","","","","","","","","","","","","","","","","","","","","",""
"nouqj1wtq3pm55lelwgnouqj1q1w5kpi","26","25-29","Masculino","São Paulo (SP)","SP","Sudeste","de R$ 6.001/mês a R$ 8.000/mês","Cientista de Dados/Data Scientist","Sênior","Modelo 100% remoto","0","0","0","0","0","1","0","1","0","1","0","0","0","0","0","0","0","0","0","0","1","0","0","0","0","0","0","0"
"cr3xv11749514r40cr3xzlsu7oa1e6pg","40","40-44","Masculino","São Paulo (SP)","SP","Sudeste","de R$ 12.001/mês a R$ 16.000/mês","Desenvolvedor ou Engenheiro de Software","Sênior","Modelo 100% remoto","1","0","1","0","0","0","0","1","1","1","1","1","1","0","0","0","0","0","0","1","0","0","0","0","0","0","0","0"
"cjvlpylqeytpe8ns94wcjvlpylgizeks","35","35-39","Masculino","São Paulo (SP)","SP","Sudeste","de R$ 8.001/mês a R$ 12.000/mês","Desenvolvedor ou Engenheiro de Software","Sênior","Modelo 100% remoto","0","0","1","0","0","0","0","1","0","0","1","1","0","0","0","0","0","0","0","0","0","0","0","0","0","0","0","1"
"kx7ipwd716j0nqh7vtkx7ijjpyd4bvqm","53","50-54","Feminino","São Paulo (SP)","SP","Sudeste","de R$ 20.001/mês a R$ 25.000/mês","Analista de Inteligência de Mercado/Market Intelligence","Sênior","Modelo 100% remoto","0","0","0","0","1","0","0","0","0","0","0","0","0","0","0","0","0","0","0","0","0","0","1","0","0","0","0","0"
"ax2etb7upmtcsvmqax2e8z0m8gojkme0","32","30-34","Masculino","Rio de Janeiro (RJ)","RJ","Sudeste","de R$ 4.001/mês a R$ 6.000/mês","Analista de Inteligência de Mercado/Market Intelligence","Pleno","Modelo 100% remoto","0","0","1","0","0","0","0","1","1","1","0","0","0","0","0","0","0","0","0","0","1","1","0","0","0","0","0","0"
"nkw7mnjbzunbg2q8onkw7mnjgbb485jj","30","30-34","Masculino","Santa Catarina (SC)","SC","Sul","de R$ 6.001/mês a R$ 8.000/mês","Desenvolvedor ou Engenheiro de Software","Pleno","Modelo 100% remoto","1","0","0","0","0","0","0","1","1","1","0","0","0","0","0","0","0","0","0","0","0","0","0","1","0","0","0","0"
"nkn8434rdowtk7chlltnkn8432zvozqx","21","17-21","Masculino","Minas Gerais (MG)","MG","Sudeste","de R$ 2.001/mês a R$ 3000/mês","Engenheiro de Machine Learning/ML Engineer","Júnior","Modelo híbrido flexível (o funcionário tem liberdade para escolher quando estar no escritório presencialmente)","1","0","0","0","0","0","0","1","1","1","0","0","0","0","0","0","0","0","0","0","0","0","0","0","0","0","1","0"
"niodoguhpyfopel67l4yd4niodog5dp2","23","22-24","Feminino","Minas Gerais (MG)","MG","Sudeste","de R$ 2.001/mês a R$ 3000/mês","Outro","Júnior","Modelo 100% presencial","0","1","0","0","0","0","0","1","0","0","0","0","1","0","0","0","0","0","0","1","1","0","0","0","0","1","0","0"
"nha429l0972x36bdnha42u4f12jhj1f0","23","22-24","Masculino","São Paulo (SP)","SP","Sudeste","de R$ 2.001/mês a R$ 3000/mês","Analista Administrativo","Júnior","Modelo híbrido com dias fixos de trabalho presencial","0","0","0","1","0","0","0","0","0","0","0","0","0","0","0","1","0","0","0","0","0","0","0","0","0","0","1","0"
"6rpydc8dwwvpp2adbwo6rpydcq6xgomo","39","35-39","Masculino","São Paulo (SP)","SP","Sudeste","de R$ 8.001/mês a R$ 12.000/mês","Analista de Dados/Data Analyst","Pleno","Modelo 100% presencial","0","0","1","0","0","0","0","0","0","0","0","0","0","0","1","0","0","0","0","0","1","0","0","0","0","0","0","0"
"nfwok1b1o7d7vop4h0nfwok292hkbi22","31","30-34","Masculino","Paraná (PR)","PR","Sul","de R$ 8.001/mês a R$ 12.000/mês","Analista de BI/BI Analyst/Analytics Engineer","Sênior","Modelo 100% remoto","0","0","1","0","0","0","0","1","1","1","0","0","0","0","0","0","0","0","0","0","1","0","0","0","0","0","0","0"
"nf70z30v7fyzg39g5nf70z3rnpqro32m","25","25-29","Feminino","Goiás (GO)","GO","Centro-oeste","de R$ 1.001/mês a R$ 2.000/mês","Desenvolvedor ou Engenheiro de Software","Júnior","Modelo 100% remoto","0","1","0","0","0","0","0","0","0","1","0","0","0","0","0","0","0","0","0","0","0","0","0","0","0","0","1","0"
"nf4pwamaz8l6w8cbblu8cnf4pwaw7euv","26","25-29","Masculino","Minas Gerais (MG)","MG","Sudeste","de R$ 6.001/mês a R$ 8.000/mês","Analista de Dados/Data Analyst","Pleno","Modelo 100% remoto","0","1","0","0","0","0","0","1","1","1","0","0","0","0","0","0","0","0","0","0","0","0","0","0","0","1","0","0"
"ndbfvs1jft4iy9wum1d98pndbfvs17fi","24","22-24","Masculino","Rio de Janeiro (RJ)","RJ","Sudeste","de R$ 8.001/mês a R$ 12.000/mês","Analista de BI/BI Analyst/Analytics Engineer","Júnior","Modelo 100% remoto","1","0","0","0","0","0","0","1","1","1","0","0","0","0","0","0","0","0","0","0","1","0","0","0","0","1","0","0"
"ncm3dchqkteancm3dc4cae8saa9ynus5","33","30-34","Masculino","Fora do Brasil","Exterior","Exterior","de R$ 30.001/mês a R$ 40.000/mês","Engenheiro de Dados/Data Engineer","Sênior","Modelo híbrido flexível (o funcionário tem liberdade para escolher quando estar no escritório presencialmente)","1","0","0","0","0","0","0","1","0","1","0","0","1","0","0","0","0","0","0","0","0","0","1","0","0","0","0","0"
"nc9k942idohkeodnc9kq6h0da6ldwivj","28","25-29","Masculino","Minas Gerais (MG)","MG","Sudeste","de R$ 8.001/mês a R$ 12.000/mês","Cientista de Dados/Data Scientist","Sênior","Modelo 100% remoto","1","0","0","0","0","0","0","1","1","1","0","0","0","0","0","0","0","0","0","0","0","0","0","1","0","0","0","0"
"nbns553g2jmbm6g165gjxxnbns553qus","25","25-29","Masculino","São Paulo (SP)","SP","Sudeste","de R$ 12.001/mês a R$ 16.000/mês","Analista de BI/BI Analyst/Analytics Engineer","Sênior","Modelo 100% remoto","1","1","0","0","0","0","0","1","0","1","0","0","0","0","0","0","1","0","0","0","0","0","0","0","1","1","0","0"
"na87ocxew45asvlbob28dna87ocf67p5","45","45-49","Masculino","São Paulo (SP)","SP","Sudeste","de R$ 6.001/mês a R$ 8.000/mês","Outro","Pleno","Modelo 100% remoto","0","1","0","0","0","0","0","1","0","1","0","0","0","0","0","0","0","0","0","0","0","0","1","0","0","1","0","0"
"na2jwfngn7lspv0v2gmui6na2jwfnewd","27","25-29","Masculino","Espírito Santo (ES)","ES","Sudeste","de R$ 3.001/mês a R$ 4.000/mês","Cientista de Dados/Data Scientist","Júnior","Modelo híbrido com dias fixos de trabalho presencial","0","0","1","0","0","0","0","1","0","1","0","0","0","0","0","0","0","0","0","0","1","0","0","0","0","0","0","0"
"n9vhahhgbrm6tspi70xn9vhahhgsrdbe","23","22-24","Masculino","São Paulo (SP)","SP","Sudeste","de R$ 1.001/mês a R$ 2.000/mês","Outras Engenharias (não inclui dev)","Júnior","Modelo 100% remoto","1","0","0","0","0","0","0","1","0","0","0","0","0","0","0","0","0","0","0","0","0","1","0","0","0","0","0","0"
"n89l1nhrehvp26w0mn89igc0navayvtm","42","40-44","Masculino","Pernambuco (PE)","PE","Nordeste","de R$ 12.001/mês a R$ 16.000/mês","Analista de BI/BI Analyst/Analytics Engineer","Júnior","Modelo 100% presencial","0","0","0","0","0","1","0","1","1","0","0","0","0","0","0","1","0","0","0","0","1","1","0","0","0","0","0","0"
"n6syhybv3af7io807lhvzn6syhybv0w8","25","25-29","Feminino","Minas Gerais (MG)","MG","Sudeste","de R$ 8.001/mês a R$ 12.000/mês","Analista de BI/BI Analyst/Analytics Engineer","Pleno","Modelo 100% remoto","1","0","0","0","0","0","0","1","0","0","0","0","0","0","0","0","1","0","0","0","0","0","0","0","1","0","0","0"
"n64mqncfdgri9awn64m3q7lmbptfcqi4","25","25-29","Masculino","Rio Grande do Sul (RS)","RS","Sul","de R$ 1.001/mês a R$ 2.000/mês","Analista de BI/BI Analyst/Analytics Engineer","Pleno","Modelo 100% presencial","0","0","1","0","0","1","0","1","0","0","0","0","0","0","0","0","0","0","0","0","1","0","0","0","0","0","0","0"
"n5txzhspp3i0yx22fn5txzz8o7a5lycc","26","25-29","Masculino","São Paulo (SP)","SP","Sudeste","de R$ 4.001/mês a R$ 6.000/mês","Analista de Dados/Data Analyst","Pleno","Modelo 100% remoto","1","1","0","0","0","0","0","1","0","1","0","0","0","0","0","0","0","1","0","0","0","0","0","0","0","1","0","0"
"n48pf50hu9oz9xs29j3n48pf50d8s2p5","25","25-29","Masculino","São Paulo (SP)","SP","Sudeste","de R$ 6.001/mês a R$ 8.000/mês","Cientista de Dados/Data Scientist","Sênior","Modelo híbrido com dias fixos de trabalho presencial","0","0","1","0","0","0","1","1","1","1","0","0","1","0","0","0","0","0","0","1","0","0","0","0","0","0","0","1"
"n31qx0imyp4cvzydsxc8hn31qxtooct7","26","25-29","Masculino","Pernambuco (PE)","PE","Nordeste","de R$ 3.001/mês a R$ 4.000/mês","Analista de Negócios/Business Analyst","Júnior","Modelo 100% remoto","1","1","0","0","0","0","0","1","0","1","0","0","0","0","0","0","0","0","0","0","0","0","1","0","0","0","0","0"
"n2hs6rnh6so3n5v34vyagn2hs6bvlq5v","34","30-34","Masculino","Minas Gerais (MG)","MG","Sudeste","de R$ 4.001/mês a R$ 6.000/mês","Cientista de Dados/Data Scientist","Pleno","Modelo 100% remoto","1","0","0","0","0","0","0","1","0","1","0","0","0","0","0","0","0","0","0","0","1","0","0","1","0","0","0","0"
"n1oskkei9arrmsu4bwn1oskkfepw1utw","24","22-24","Feminino","Minas Gerais (MG)","MG","Sudeste","Menos de R$ 1.000/mês","Outro","Júnior","Modelo 100% remoto","0","0","0","0","0","0","0","1","0","0","0","0","0","0","0","0","0","0","0","0","1","0","0","0","0","0","0","0"
"4dqd5dfoplz58qu5we5h4dqd5dfpx7gp","51","50-54","Masculino","São Paulo (SP)","SP","Sudeste","de R$ 8.001/mês a R$ 12.000/mês","Outras Engenharias (não inclui dev)","Sênior","Modelo 100% presencial","0","0","0","0","0","0","1","1","0","0","0","0","0","0","0","1","0","0","0","0","1","0","0","0","0","0","1","0"
"mz7nvwwhh56ar3fm4omzo3t3ut2e8a4y","28","25-29","Masculino","Minas Gerais (MG)","MG","Sudeste","de R$ 8.001/mês a R$ 12.000/mês","Cientista de Dados/Data Scientist","Pleno","Modelo 100% remoto","1","1","0","0","0","0","0","1","0","1","0","0","0","0","0","0","0","0","0","0","1","0","0","0","0","0","0","0"
"6b4l2bcmc3jxolyqz6b4l2bm0gnuffhh","34","30-34","Masculino","São Paulo (SP)","SP","Sudeste","de R$ 6.001/mês a R$ 8.000/mês","Cientista de Dados/Data Scientist","Júnior","Modelo híbrido com dias fixos de trabalho presencial","0","1","0","0","0","0","0","1","0","1","0","0","0","0","0","0","0","0","0","0","0","0","0","0","0","0","0","0"
"myoshru4ndrgal3kpc8v2myosmloxpdk","31","30-34","Masculino","São Paulo (SP)","SP","Sudeste","de R$ 6.001/mês a R$ 8.000/mês","Outras Engenharias (não inclui dev)","Sênior","Modelo híbrido com dias fixos de trabalho presencial","0","0","0","0","0","0","1","1","0","1","0","0","0","0","0","1","0","0","1","0","1","0","0","0","0","0","0","0"
"myikqdqv0bm3ifwczbzobqmyikqd6qng","25","25-29","Masculino","Paraná (PR)","PR","Sul","de R$ 4.001/mês a R$ 6.000/mês","Analista de Dados/Data Analyst","Pleno","Modelo 100% remoto","1","0","0","0","0","0","0","1","0","1","0","0","0","0","0","0","0","0","0","0","1","0","0","1","0","0","0","0"
"my4wil5usxy0hrixvgdmy4wi32vep6ij","25","25-29","Masculino","Paraná (PR)","PR","Sul","de R$ 4.001/mês a R$ 6.000/mês","Analista de Dados/Data Analyst","Pleno","Modelo 100% remoto","1","0","0","0","0","0","0","1","1","1","0","0","0","0","0","0","0","0","0","0","0","0","0","0","0","0","0","0"
"1kn0s6tqivpzz89jubu0rf1kn0s6a52d","51","50-54","Masculino","Santa Catarina (SC)","SC","Sul","de R$ 8.001/mês a R$ 12.000/mês","Analista de Dados/Data Analyst","Júnior","Modelo híbrido com dias fixos de trabalho presencial","0","0","0","0","0","1","0","1","0","0","0","0","0","0","0","0","0","0","0","0","1","0","0","0","0","0","0","0"
"mwi7uaww80laejrhmimwi7uaq2ysb77v","34","30-34","Feminino","Santa Catarina (SC)","SC","Sul","de R$ 4.001/mês a R$ 6.000/mês","Analista de BI/BI Analyst/Analytics Engineer","Pleno","Modelo 100% remoto","1","1","1","0","0","0","0","1","0","0","0","0","0","0","0","0","0","0","0","0","0","1","0","0","0","1","0","0"
"mvys3fohmetqtbyzmvysss064jtu54sg","34","30-34","Masculino","São Paulo (SP)","SP","Sudeste","de R$ 6.001/mês a R$ 8.000/mês","Analista de Inteligência de Mercado/Market Intelligence","Sênior","Modelo 100% presencial","0","0","0","0","0","1","0","1","0","0","0","0","0","0","0","1","0","0","0","0","1","1","0","0","0","0","1","0"
"mvsjf6hm4cy5lmvsjs3hkqemh8yw0cf9","34","30-34","Masculino","São Paulo (SP)","SP","Sudeste","de R$ 12.001/mês a R$ 16.000/mês","Analista de BI/BI Analyst/Analytics Engineer","Sênior","Modelo 100% remoto","0","1","0","0","0","0","0","1","0","0","0","0","0","0","0","0","0","0","0","0","0","0","1","0","0","1","0","0"
"mvep5zt8f0gxcalsv735hmvep5zx6k37","37","35-39","Feminino","Fora do Brasil","Exterior","Exterior","de R$ 12.001/mês a R$ 16.000/mês","Outro","Júnior","Modelo híbrido flexível (o funcionário tem liberdade para escolher quando estar no escritório presencialmente)","0","0","0","0","0","0","0","0","1","0","0","0","0","0","1","0","0","0","0","0","0","0","0","0","0","0","0","1"
"294yh6aijkdu9tzef5gf0s3g294yh7o3","25","25-29","Masculino","Ceará (CE)","CE","Nordeste","de R$ 6.001/mês a R$ 8.000/mês","Analista de BI/BI Analyst/Analytics Engineer","Pleno","Modelo 100% remoto","0","0","1","0","0","0","0","1","0","1","0","0","0","0","1","0","0","0","0","0","0","0","0","0","0","0","0","0"
"mv6xa164s4o72zb9wwwqmv6xa12nmm7y","25","25-29","Masculino","Minas Gerais (MG)","MG","Sudeste","de R$ 2.001/mês a R$ 3000/mês","Analista de BI/BI Analyst/Analytics Engineer","Pleno","Modelo híbrido com dias fixos de trabalho presencial","0","0","1","0","0","0","0","1","1","0","0","0","0","0","0","0","0","0","0","0","1","0","1","0","0","1","0","0"
"4zplkp419qvp96k4zplj0hfvcklj4m6p","24","22-24","Masculino","São Paulo (SP)","SP","Sudeste","de R$ 3.001/mês a R$ 4.000/mês","Analista de BI/BI Analyst/Analytics Engineer","Pleno","Modelo híbrido com dias fixos de trabalho presencial","0","0","1","0","0","0","0","1","0","0","0","0","0","0","0","0","0","0","0","0","1","1","0","0","0","0","0","0"
"mtv9eqhflo1lxx9umtv9eb6usmox4wru","28","25-29","Masculino","São Paulo (SP)","SP","Sudeste","de R$ 8.001/mês a R$ 12.000/mês","Cientista de Dados/Data Scientist","Pleno","Modelo híbrido flexível (o funcionário tem liberdade para escolher quando estar no escritório presencialmente)","0","1","1","0","0","0","0","1","1","1","0","0","0","0","0","1","1","0","0","0","1","0","0","0","0","1","0","0"
"3bcnv9fjm245zeylv83bcnv9b0x32ent","35","35-39","Feminino","São Paulo (SP)","SP","Sudeste","de R$ 3.001/mês a R$ 4.000/mês","Engenheiro de Dados/Data Engineer","Júnior","Modelo 100% remoto","0","0","1","0","0","1","0","1","0","1","0","0","0","0","0","0","0","0","0","0","0","0","0","0","0","0","0","1"
"mtg6u4jah54x6qa9p3o4gmtg6u4j4aqc","23","22-24","Masculino","São Paulo (SP)","SP","Sudeste","de R$ 6.001/mês a R$ 8.000/mês","Analista de Dados/Data Analyst","Sênior","Modelo 100% remoto","0","0","1","0","0","0","0","1","0","1","0","0","0","0","0","0","0","0","0","0","0","0","0","0","0","0","0","1"
"mt71xltkry3utinmt71nyefejc6r0j4f","39","35-39","Masculino","Rio Grande do Sul (RS)","RS","Sul","de R$ 12.001/mês a R$ 16.000/mês","Arquiteto de Dados","Sênior","Modelo 100% remoto","0","1","1","1","0","0","0","1","1","1","0","0","0","0","0","0","1","0","0","0","1","1","0","0","0","0","0","0"
"mrvw29nqrcbggtnbd727mrvw2jtmdb50","41","40-44","Masculino","Distrito Federal (DF)","DF","Centro-oeste","de R$ 12.001/mês a R$ 16.000/mês","Cientista de Dados/Data Scientist","Sênior","Modelo 100% remoto","0","0","0","0","0","1","0","1","0","1","0","0","0","0","1","0","0","0","0","0","0","0","0","0","0","0","0","1"
"391p5dnj0hqphforwqs391peusnjmius","35","35-39","Masculino","Pernambuco (PE)","PE","Nordeste","de R$ 3.001/mês a R$ 4.000/mês","Analista de Negócios/Business Analyst","Júnior","Modelo híbrido com dias fixos de trabalho presencial","0","1","0","0","0","0","0","1","1","1","0","0","0","0","0","0","0","0","0","0","0","1","0","0","0","1","0","0"
"mq1p2tnigace9hzwp1dvmq1p2yukxrid","30","30-34","Masculino","São Paulo (SP)","SP","Sudeste","de R$ 12.001/mês a R$ 16.000/mês","Analista de Dados/Data Analyst","Sênior","Modelo 100% remoto","1","0","0","0","0","0","0","1","1","1","0","0","0","0","0","0","0","0","0","0","0","0","1","0","0","0","0","0"
"mom5gr65uqauvusvlmom5giwgzjnrw7a","32","30-34","Masculino","São Paulo (SP)","SP","Sudeste","de R$ 8.001/mês a R$ 12.000/mês","Outro","Sênior","Modelo 100% remoto","0","1","0","0","0","0","0","1","0","1","0","0","0","0","0","0","0","0","0","0","0","0","1","0","0","1","0","0"
"mm4jnw86vj1yvzykmm4q93rou4jg8erd","27","25-29","Masculino","Paraíba (PB)","PB","Nordeste","Menos de R$ 1.000/mês","Cientista de Dados/Data Scientist","Júnior","Modelo 100% remoto","0","1","0","0","0","0","0","0","0","0","0","0","0","0","0","0","0","0","0","0","1","0","0","0","0","1","0","0"
"mm2119gq8a7yypmm211bjnsoq9qx2v5l","30","30-34","Masculino","Santa Catarina (SC)","SC","Sul","de R$ 4.001/mês a R$ 6.000/mês","Analista de BI/BI Analyst/Analytics Engineer","Pleno","Modelo 100% remoto","1","0","0","0","0","0","0","1","0","0","0","0","0","0","0","0","0","0","0","0","1","0","1","0","0","0","0","0"
"34xpb70x8czt5g2bar34xpbae8mhwzsz","31","30-34","Masculino","São Paulo (SP)","SP","Sudeste","de R$ 4.001/mês a R$ 6.000/mês","Analista de BI/BI Analyst/Analytics Engineer","Pleno","Modelo 100% presencial","0","0","0","0","0","1","0","1","1","1","0","0","0","0","0","0","0","0","0","0","1","0","0","0","0","0","1","0"
"mlprlgsth6mlkmmbyk7amkkmmbwjrlhe","21","17-21","Masculino","Minas Gerais (MG)","MG","Sudeste","de R$ 2.001/mês a R$ 3000/mês","Analista de BI/BI Analyst/Analytics Engineer","Júnior","Modelo 100% remoto","0","1","0","0","0","0","0","1","0","1","0","0","0","0","0","0","0","0","0","0","0","0","0","0","1","1","0","0"
"mli0ul1xdr7zj76d9imli0uuu3fi8oe7","39","35-39","Feminino","São Paulo (SP)","SP","Sudeste","de R$ 2.001/mês a R$ 3000/mês","Analista Administrativo","Sênior","Modelo 100% presencial","0","1","0","0","0","0","0","0","1","0","0","0","0","0","0","0","0","0","0","0","0","0","0","0","0","0","1","0"
"ml4ndnlsjrlqpofxfml4ndbptkfuammr","30","30-34","Masculino","Rio de Janeiro (RJ)","RJ","Sudeste","de R$ 2.001/mês a R$ 3000/mês","Analista de BI/BI Analyst/Analytics Engineer","Júnior","Modelo híbrido flexível (o funcionário tem liberdade para escolher quando estar no escritório presencialmente)","0","1","0","0","0","0","0","1","0","1","0","0","1","0","0","0","0","0","0","1","1","0","0","0","0","1","1","0"
"2n9h71jcfgq4m3j5stjw2n9h71zjsoc3","42","40-44","Feminino","São Paulo (SP)","SP","Sudeste","de R$ 2.001/mês a R$ 3000/mês","Analista de Dados/Data Analyst","Júnior","Modelo 100% remoto","1","0","0","0","0","0","0","1","0","1","0","0","0","0","0","0","0","0","0","0","0","0","0","0","0","0","0","0"
"mkd9v61i0zskw6mkd9imcwky5f6c23l2","26","25-29","Masculino","São Paulo (SP)","SP","Sudeste","de R$ 2.001/mês a R$ 3000/mês","Analista de Dados/Data Analyst","Júnior","Modelo 100% remoto","1","0","0","0","0","0","0","0","0","1","0","0","0","0","0","0","0","0","0","0","0","0","0","0","0","1","1","0"
"mjzxdsz5uw9yntqwcwgvzmjzx4dk9zjs","35","35-39","Masculino","São Paulo (SP)","SP","Sudeste","de R$ 12.001/mês a R$ 16.000/mês","Engenheiro de Dados/Data Engineer","Sênior","Modelo 100% remoto","0","0","1","0","0","0","0","1","0","1","0","0","0","0","0","0","0","0","0","0","1","0","0","0","0","0","0","0"
"mjer0wfi6l82gpsrthnw4mjer0wfnlvz","48","45-49","Masculino","Minas Gerais (MG)","MG","Sudeste","de R$ 12.001/mês a R$ 16.000/mês","Engenheiro de Dados/Data Engineer","Sênior","Modelo 100% remoto","1","1","1","0","0","0","0","1","0","1","0","0","0","0","0","0","0","0","0","0","1","0","0","0","0","1","0","0"
"1ckkkq3f6y6g035a1ckkde6zfqpwk8lk","41","40-44","Masculino","Rio de Janeiro (RJ)","RJ","Sudeste","de R$ 2.001/mês a R$ 3000/mês","Analista de Dados/Data Analyst","Pleno","Modelo 100% remoto","1","0","0","0","0","1","0","1","1","1","0","0","0","0","0","0","0","0","0","0","0","0","0","0","0","0","1","0"
"28847l0t4o07pqs228tfqbujdlb3row9","26","25-29","Masculino","Ceará (CE)","CE","Nordeste","de R$ 8.001/mês a R$ 12.000/mês","Analista de BI/BI Analyst/Analytics Engineer","Júnior","Modelo híbrido flexível (o funcionário tem liberdade para escolher quando estar no escritório presencialmente)","1","0","0","0","0","0","0","1","0","1","0","0","1","0","0","0","0","0","0","1","0","0","0","0","0","0","1","0"
"mij58g0nvv1ln3p2mij58gsyirk63m71","25","25-29","Masculino","São Paulo (SP)","SP","Sudeste","de R$ 6.001/mês a R$ 8.000/mês","Engenheiro de Dados/Data Engineer","Pleno","Modelo 100% remoto","1","0","0","0","0","0","1","1","0","1","0","0","0","0","0","0","0","0","0","0","1","0","0","0","0","0","0","0"
"jf7r784udmjay1ljbjf7r7jbp78m7i0q","29","25-29","Masculino","Mato Grosso (MT)","MT","Centro-oeste","de R$ 3.001/mês a R$ 4.000/mês","Analista de Dados/Data Analyst","Júnior","Modelo híbrido flexível (o funcionário tem liberdade para escolher quando estar no escritório presencialmente)","0","0","0","1","0","0","0","1","0","1","0","0","0","0","0","0","0","0","0","0","1","0","1","0","0","0","1","0"
"mhmu4vw0kyjdlsrwsmhmu45hoxlmo0xo","26","25-29","Masculino","Paraná (PR)","PR","Sul","de R$ 8.001/mês a R$ 12.000/mês","Analista de Dados/Data Analyst","Pleno","Modelo 100% remoto","1","1","1","0","0","1","0","1","0","1","0","0","0","0","0","0","0","0","0","0","1","0","1","0","0","0","0","0"
"mhjy98hjfg9l27ldvmhjy98ynerdhsz5","24","22-24","Masculino","São Paulo (SP)","SP","Sudeste","de R$ 6.001/mês a R$ 8.000/mês","Engenheiro de Dados/Data Engineer","Pleno","Modelo 100% remoto","0","1","0","0","0","0","0","1","0","1","0","0","0","0","0","0","0","0","0","0","0","0","0","0","0","1","0","0"
"mh9dq915jcwt50r2emh9dgnzui6cuzw2","28","25-29","Masculino","Rio de Janeiro (RJ)","RJ","Sudeste","de R$ 6.001/mês a R$ 8.000/mês","DBA/Administrador de Banco de Dados","Sênior","Modelo híbrido com dias fixos de trabalho presencial","0","0","1","0","0","0","0","1","0","1","0","1","0","0","0","0","0","0","0","0","1","0","0","0","0","0","0","0"
"mh60i5tys4kiexghih8mh60i57ifpc9n","20","17-21","Masculino","São Paulo (SP)","SP","Sudeste","de R$ 4.001/mês a R$ 6.000/mês","Engenheiro de Dados/Data Engineer","Júnior","Modelo híbrido com dias fixos de trabalho presencial","1","0","0","0","0","0","0","1","1","1","0","0","0","0","0","0","0","0","0","0","0","0","0","0","0","0","1","0"
"ynru3krccxrfmbf7synruknpry6h1oo5","35","35-39","Feminino","São Paulo (SP)","SP","Sudeste","de R$ 8.001/mês a R$ 12.000/mês","Cientista de Dados/Data Scientist","Pleno","Modelo híbrido flexível (o funcionário tem liberdade para escolher quando estar no escritório presencialmente)","0","0","0","0","0","1","0","1","0","1","0","0","0","0","0","0","0","0","0","0","1","0","0","0","0","0","0","0"
"mglyo7bzndovak4ye1qvc28imglyosq4","29","25-29","Feminino","Rio de Janeiro (RJ)","RJ","Sudeste","de R$ 4.001/mês a R$ 6.000/mês","Analista de Negócios/Business Analyst","Sênior","Modelo 100% remoto","1","0","0","0","0","0","0","1","1","1","0","0","0","0","0","0","0","0","0","0","1","1","0","0","0","0","0","0"
"tsgc7hxlab1fjb8utltsgctu6gt9d3k2","32","30-34","Masculino","São Paulo (SP)","SP","Sudeste","de R$ 12.001/mês a R$ 16.000/mês","Engenheiro de Dados/Data Engineer","Sênior","Modelo 100% remoto","0","0","1","0","0","0","0","1","0","1","0","0","0","0","0","0","0","0","0","0","1","0","0","0","0","0","1","0"
"mdolwgys693p3tk0md8alds17ft95f0k","32","30-34","Outro","Distrito Federal (DF)","DF","Centro-oeste","de R$ 4.001/mês a R$ 6.000/mês","Desenvolvedor ou Engenheiro de Software","Júnior","Modelo 100% remoto","1","0","0","0","0","0","0","1","0","1","1","0","1","0","0","0","0","0","0","0","0","0","1","0","0","0","0","0"
"mdeq88ctdx127eztcxmdeq81poeki9ek","34","30-34","Feminino","Paraíba (PB)","PB","Nordeste","de R$ 8.001/mês a R$ 12.000/mês","Engenheiro de Machine Learning/ML Engineer","Sênior","Modelo 100% remoto","1","0","0","0","0","0","0","1","1","1","0","0","0","0","0","0","0","0","0","0","1","1","0","0","0","0","0","0"
"mdeq88ctdx127eztcxmdeq81poeki9ek","34","30-34","Feminino","Paraíba (PB)","PB","Nordeste","de R$ 8.001/mês a R$ 12.000/mês","Engenheiro de Machine Learning/ML Engineer","Sênior","Modelo 100% remoto","1","0","0","0","0","0","0","1","1","1","0","0","0","0","0","0","0","0","0","0","1","1","0","0","0","0","0","0"
"1yby82eblhm0wa9mvgsju1ybydt8o3kq","42","40-44","Masculino","Ceará (CE)","CE","Nordeste","de R$ 6.001/mês a R$ 8.000/mês","Outro","Pleno","Modelo 100% presencial","1","0","0","0","0","0","0","1","0","0","0","0","0","0","0","0","0","0","0","0","1","0","0","0","0","0","1","0"
"rr35gfnnowfzslp1v6prr35gfl18bido","24","22-24","Masculino","São Paulo (SP)","SP","Sudeste","de R$ 2.001/mês a R$ 3000/mês","DBA/Administrador de Banco de Dados","Júnior","Modelo híbrido flexível (o funcionário tem liberdade para escolher quando estar no escritório presencialmente)","1","0","0","0","0","0","0","1","1","1","0","0","0","0","0","0","0","0","0","0","1","0","0","0","0","0","0","0"
"mcbml05amrxfy2ilkmcbmxrvs9xozkwc","32","30-34","Masculino","Rio de Janeiro (RJ)","RJ","Sudeste","de R$ 6.001/mês a R$ 8.000/mês","Analista de Dados/Data Analyst","Sênior","Modelo 100% remoto","0","0","1","0","0","0","0","0","0","0","0","0","0","0","0","0","0","0","0","0","0","0","0","0","0","0","0","0"
"mc0o28iv5mg62twoamc0o28z8uzfq1k4","21","17-21","Masculino","Minas Gerais (MG)","MG","Sudeste","de R$ 2.001/mês a R$ 3000/mês","Engenheiro de Dados/Data Engineer","Júnior","Modelo 100% remoto","1","1","0","0","0","0","0","1","0","1","0","0","0","0","0","0","0","0","0","0","1","0","0","0","0","0","1","0"
"mbw7zf2s3ob73aifl01limbw7zfishsu","28","25-29","Masculino","Goiás (GO)","GO","Centro-oeste","de R$ 16.001/mês a R$ 20.000/mês","Engenheiro de Machine Learning/ML Engineer","Sênior","Modelo 100% remoto","1","0","0","0","0","1","0","1","0","1","0","0","0","0","0","0","0","0","0","0","0","0","0","0","0","0","0","1"
"mblu0uv29bmlgdxndcote3du7mblu0uz","33","30-34","Masculino","São Paulo (SP)","SP","Sudeste","de R$ 8.001/mês a R$ 12.000/mês","Analista de Inteligência de Mercado/Market Intelligence","Sênior","Modelo híbrido flexível (o funcionário tem liberdade para escolher quando estar no escritório presencialmente)","1","0","0","0","0","0","0","1","1","1","0","0","0","0","0","1","0","0","0","0","1","0","1","0","0","0","1","0"
"mbiclpueyspouspsmbi12u5b1ofe2wrm","30","30-34","Masculino","Fora do Brasil","Exterior","Exterior","Acima de R$ 40.001/mês","Engenheiro de Dados/Data Engineer","Sênior","Modelo 100% remoto","1","0","0","0","0","0","0","1","0","1","0","0","0","0","0","0","0","0","0","0","1","0","0","0","0","1","0","0"
"rd0h47w5n5dd7k7nyfrrd0h4vagvomwn","29","25-29","Masculino","São Paulo (SP)","SP","Sudeste","de R$ 2.001/mês a R$ 3000/mês","Outro","Júnior","Modelo 100% presencial","1","1","0","0","0","0","0","1","0","1","0","0","1","0","0","0","0","0","0","1","0","0","0","0","0","0","0","1"
"m9n407lzzbupof3y3zym9n40inxmy05x","20","17-21","Outro","Paraná (PR)","PR","Sul","de R$ 1.001/mês a R$ 2.000/mês","Analista de Marketing","Júnior","Modelo 100% remoto","0","1","0","0","0","0","0","0","0","0","0","0","0","0","0","0","0","0","0","0","0","0","0","0","0","1","0","0"
"qi9pfglq8wvgt3f7uniaqi9pf158cjq6","37","35-39","Masculino","Distrito Federal (DF)","DF","Centro-oeste","de R$ 8.001/mês a R$ 12.000/mês","Engenheiro de Dados/Data Engineer","Sênior","Modelo 100% remoto","0","0","0","0","0","0","1","0","0","1","0","0","0","0","0","0","0","0","0","0","0","0","0","0","0","1","0","0"
"m7paza9atgafhgx8ssm7pfsrrsycy8e5","26","25-29","Masculino","São Paulo (SP)","SP","Sudeste","de R$ 8.001/mês a R$ 12.000/mês","Cientista de Dados/Data Scientist","Sênior","Modelo híbrido flexível (o funcionário tem liberdade para escolher quando estar no escritório presencialmente)","1","0","1","0","0","0","0","1","1","1","0","0","0","0","0","0","1","0","0","0","1","0","1","0","0","1","0","0"
"m6g1ocp4m3uq76bhfbndhm6g1ob4stdi","30","30-34","Masculino","São Paulo (SP)","SP","Sudeste","de R$ 3.001/mês a R$ 4.000/mês","Técnico","Júnior","Modelo 100% presencial","0","0","0","0","0","1","0","0","0","0","0","0","0","0","0","0","0","0","0","0","0","0","0","0","0","0","0","0"
"m63j89llaq9bs1705nmm63j89v7leaom","30","30-34","Masculino","Espírito Santo (ES)","ES","Sudeste","de R$ 1.001/mês a R$ 2.000/mês","Outro","Júnior","Modelo 100% presencial","0","0","0","0","0","1","0","0","0","0","0","0","0","0","0","0","0","0","0","0","1","0","0","0","0","0","0","0"
"m6200nojvv78jdiw08jm6200nk4ysq2y","32","30-34","Masculino","Goiás (GO)","GO","Centro-oeste","de R$ 6.001/mês a R$ 8.000/mês","Engenheiro de Dados/Data Engineer","Júnior","Modelo 100% remoto","0","0","0","0","0","1","0","1","0","1","0","0","0","0","0","0","1","0","0","0","1","0","0","1","0","0","0","0"
"m5a7mhkwnmp8b6rm5appihvyui1kvgry","23","22-24","Masculino","Minas Gerais (MG)","MG","Sudeste","de R$ 2.001/mês a R$ 3000/mês","Analista de BI/BI Analyst/Analytics Engineer","Júnior","Modelo 100% presencial","0","0","1","0","0","0","0","1","0","1","0","0","0","0","1","0","0","0","0","0","0","0","0","0","0","0","0","0"
"m4s5vo2eiix24r4m4sesfcxc391400t6","34","30-34","Feminino","Santa Catarina (SC)","SC","Sul","de R$ 4.001/mês a R$ 6.000/mês","Desenvolvedor ou Engenheiro de Software","Sênior","Modelo 100% presencial","0","0","0","0","0","0","1","0","0","0","0","0","0","0","0","0","0","0","1","0","0","0","0","0","0","0","1","0"
"m4lg1r0iadoexzkcrm4lg1bj2hyeb0zx","34","30-34","Masculino","São Paulo (SP)","SP","Sudeste","de R$ 6.001/mês a R$ 8.000/mês","Engenheiro de Dados/Data Engineer","Pleno","Modelo 100% remoto","0","0","1","0","0","0","0","1","0","1","0","0","0","0","0","0","0","0","0","0","1","0","0","0","0","0","0","0"
"m4dq67ep5u4cw6qd5m4dq67197wv0x6s","28","25-29","Feminino","São Paulo (SP)","SP","Sudeste","de R$ 6.001/mês a R$ 8.000/mês","Analista de BI/BI Analyst/Analytics Engineer","Sênior","Modelo 100% remoto","0","0","0","0","0","0","1","1","0","0","0","0","0","0","0","0","0","0","0","0","0","0","0","0","0","1","0","0"
"m437gnei7pqt2nrm437g49a3fyq4mpk1","28","25-29","Feminino","Minas Gerais (MG)","MG","Sudeste","de R$ 3.001/mês a R$ 4.000/mês","Analista de Negócios/Business Analyst","Júnior","Modelo híbrido flexível (o funcionário tem liberdade para escolher quando estar no escritório presencialmente)","0","0","0","0","0","1","0","0","0","0","0","0","0","0","0","1","0","0","0","0","1","0","0","0","0","0","1","0"
"m35emwx10b3arwg198m35eguxseaj0ao","29","25-29","Masculino","São Paulo (SP)","SP","Sudeste","de R$ 8.001/mês a R$ 12.000/mês","Analista de BI/BI Analyst/Analytics Engineer","Sênior","Modelo 100% remoto","1","0","1","0","0","0","0","1","0","1","0","0","0","0","0","0","0","0","0","0","1","0","0","0","0","0","0","0"
"m2hy0k0x7ly8kfwdm867h6m2hy0kwu8h","39","35-39","Feminino","Paraíba (PB)","PB","Nordeste","de R$ 1.001/mês a R$ 2.000/mês","Professor","Júnior","Modelo 100% remoto","0","0","0","0","0","1","0","0","1","0","0","0","0","0","0","0","0","0","0","0","0","0","0","0","0","0","1","0"
"m1h5s365vn0gkad8t5tm1h5s3htbty3r","23","22-24","Masculino","Sergipe (SE)","SE","Nordeste","de R$ 4.001/mês a R$ 6.000/mês","Analista de Dados/Data Analyst","Júnior","Modelo 100% remoto","0","0","1","0","0","1","0","0","1","1","0","0","0","0","0","0","0","0","0","0","1","1","0","0","0","0","1","0"
"1r4e4j6k003qk9cvzyq21r4e4j7chd5c","29","25-29","Masculino","Ceará (CE)","CE","Nordeste","de R$ 2.001/mês a R$ 3000/mês","Analista de Dados/Data Analyst","Júnior","Modelo 100% remoto","0","0","1","0","0","0","0","1","0","1","0","0","0","0","0","0","0","0","0","0","1","0","0","0","0","0","0","0"
"qd22vg1sgdwom6laqd22vgleutgdqzro","26","25-29","Masculino","Santa Catarina (SC)","SC","Sul","de R$ 4.001/mês a R$ 6.000/mês","Engenheiro de Dados/Data Engineer","Júnior","Modelo 100% remoto","1","0","0","0","0","0","0","1","0","1","0","0","0","0","0","0","0","0","0","0","1","0","0","1","0","0","0","0"
"m0fgjpi58sovf00ka7m0fgamj0n4vxc0","24","22-24","Masculino","Minas Gerais (MG)","MG","Sudeste","de R$ 8.001/mês a R$ 12.000/mês","Analista de Dados/Data Analyst","Pleno","Modelo 100% remoto","1","0","0","0","0","0","0","1","0","1","0","0","0","0","0","0","0","0","0","0","0","0","1","0","0","0","0","0"
"q8tblde4igc8vdh6ks3pq8tbld9chts0","20","17-21","Masculino","Santa Catarina (SC)","SC","Sul","de R$ 2.001/mês a R$ 3000/mês","Analista de BI/BI Analyst/Analytics Engineer","Pleno","Modelo híbrido com dias fixos de trabalho presencial","0","1","0","0","0","0","0","1","0","1","0","0","0","0","0","0","0","0","0","0","1","0","0","1","0","1","0","0"
"lz666v2lcjc4u71lz6l10863ufvhm51n","29","25-29","Feminino","Rio Grande do Norte (RN)","RN","Nordeste","de R$ 4.001/mês a R$ 6.000/mês","Analista de Negócios/Business Analyst","Júnior","Modelo 100% remoto","0","1","1","0","0","0","0","1","1","1","0","0","0","1","0","0","0","0","0","0","1","0","0","0","1","0","0","0"
"lxorwlqh1dvuqpvrqvlxor3ogktvshj6","26","25-29","Masculino","São Paulo (SP)","SP","Sudeste","de R$ 8.001/mês a R$ 12.000/mês","Analista de Dados/Data Analyst","Sênior","Modelo híbrido flexível (o funcionário tem liberdade para escolher quando estar no escritório presencialmente)","1","0","0","0","0","1","0","1","1","0","0","0","0","0","1","0","0","0","0","0","1","0","1","0","0","0","0","0"
"lx8t8ah8qhoytlx8t8ahu3kakajow5he","39","35-39","Masculino","São Paulo (SP)","SP","Sudeste","de R$ 8.001/mês a R$ 12.000/mês","Engenheiro de Dados/Data Engineer","Pleno","Modelo híbrido flexível (o funcionário tem liberdade para escolher quando estar no escritório presencialmente)","1","0","0","0","0","0","0","1","0","1","0","0","0","0","0","0","0","0","0","0","1","0","0","1","0","0","0","0"
"lwpsxa5mezlwpysmgq976xufv805qa53","25","25-29","Masculino","São Paulo (SP)","SP","Sudeste","de R$ 1.001/mês a R$ 2.000/mês","Outras Engenharias (não inclui dev)","Júnior","Modelo 100% presencial","0","0","0","0","0","1","0","1","0","1","0","0","0","0","0","0","0","0","0","0","0","0","0","0","0","0","1","0"
"lvjia1yxqygt15fmuulvjia10hkyf2ok","24","22-24","Masculino","Distrito Federal (DF)","DF","Centro-oeste","de R$ 4.001/mês a R$ 6.000/mês","Desenvolvedor ou Engenheiro de Software","Júnior","Modelo 100% remoto","0","0","1","0","0","0","0","0","0","0","0","0","1","0","1","0","0","0","0","0","0","0","0","0","0","0","0","0"
"lvgyn8o4i0t196jqxvlvgynzu2bwipg9","25","25-29","Masculino","São Paulo (SP)","SP","Sudeste","de R$ 4.001/mês a R$ 6.000/mês","Analista de BI/BI Analyst/Analytics Engineer","Pleno","Modelo híbrido flexível (o funcionário tem liberdade para escolher quando estar no escritório presencialmente)","1","1","0","0","0","0","0","1","0","1","0","0","0","0","0","0","0","0","0","0","1","0","0","0","0","0","0","0"
"on45y9nf0q8cikyoni7ya5qhcgfthe6w","27","25-29","Masculino","São Paulo (SP)","SP","Sudeste","de R$ 6.001/mês a R$ 8.000/mês","Analista de Dados/Data Analyst","Júnior","Modelo 100% remoto","0","1","0","0","0","0","0","1","0","1","0","0","0","0","0","0","0","0","0","0","0","0","0","0","0","1","0","0"
"luq1tdwy4t5b5265ogluqprl06hkveen","27","25-29","Masculino","Minas Gerais (MG)","MG","Sudeste","de R$ 12.001/mês a R$ 16.000/mês","Engenheiro de Dados/Data Engineer","Sênior","Modelo 100% remoto","1","0","1","0","0","0","0","1","0","1","0","0","0","0","0","0","1","0","0","0","1","0","1","0","0","0","0","0"
"lrarmqgfuuziwymu63xslraruf1t62xo","35","35-39","Masculino","Paraná (PR)","PR","Sul","de R$ 4.001/mês a R$ 6.000/mês","Analista de BI/BI Analyst/Analytics Engineer","Sênior","Modelo 100% presencial","0","1","0","0","0","1","0","1","0","0","0","0","0","0","0","0","0","0","0","0","1","1","0","0","0","1","0","0"
"lq8pp5q4vdfwdzj6l1hjlq8pp5fzrbpu","29","25-29","Feminino","São Paulo (SP)","SP","Sudeste","de R$ 6.001/mês a R$ 8.000/mês","Analista de BI/BI Analyst/Analytics Engineer","Pleno","Modelo 100% presencial","0","1","0","0","0","0","0","1","1","1","0","0","0","0","0","0","0","0","0","0","0","0","1","0","0","1","0","0"
"lq2ifxi12h416hz7aullq2if4g0wu0b5","27","25-29","Feminino","São Paulo (SP)","SP","Sudeste","de R$ 6.001/mês a R$ 8.000/mês","Analista de BI/BI Analyst/Analytics Engineer","Pleno","Modelo 100% remoto","1","0","0","0","0","0","0","1","0","1","0","0","0","0","0","0","0","0","0","0","1","0","0","0","0","1","0","0"
"lco8mkkbwvr9c6l8ik8lco8mkkbw0gq9","31","30-34","Masculino","Fora do Brasil","Exterior","Exterior","Acima de R$ 40.001/mês","Cientista de Dados/Data Scientist","Sênior","Modelo híbrido com dias fixos de trabalho presencial","1","0","0","0","0","0","0","1","0","1","0","0","0","0","0","0","0","0","0","0","0","0","0","0","1","0","0","0"
"lodzkcr79mbbku4l3lodziy8aycm5yng","22","22-24","Feminino","Pernambuco (PE)","PE","Nordeste","de R$ 4.001/mês a R$ 6.000/mês","Analista de BI/BI Analyst/Analytics Engineer","Júnior","Modelo 100% remoto","0","1","0","0","0","0","0","1","0","0","0","0","0","0","0","0","0","0","0","0","1","0","0","0","0","0","0","0"
"lnmh5l24yf4r7ntgelnmhna1cybfvyr3","34","30-34","Masculino","Paraíba (PB)","PB","Nordeste","de R$ 2.001/mês a R$ 3000/mês","Analista de Sistemas/Analista de TI","Júnior","Modelo 100% presencial","0","0","0","0","0","1","0","1","0","1","0","0","0","0","0","0","0","0","0","0","0","1","0","0","0","0","0","0"
"gywhxocqvl3bdbgywhhh6vhoimxe91wl","35","35-39","Masculino","Mato Grosso (MT)","MT","Centro-oeste","de R$ 16.001/mês a R$ 20.000/mês","Engenheiro de Dados/Data Engineer","Sênior","Modelo híbrido flexível (o funcionário tem liberdade para escolher quando estar no escritório presencialmente)","1","0","0","0","0","0","0","1","1","1","1","1","0","0","0","0","0","0","0","0","1","0","0","0","0","0","0","0"
"lm45zt5f18fmvy6zglm45zqkoijfcum9","36","35-39","Masculino","São Paulo (SP)","SP","Sudeste","de R$ 8.001/mês a R$ 12.000/mês","Outro","Sênior","Modelo 100% remoto","0","0","1","0","0","0","0","0","0","0","0","0","0","0","0","0","0","0","0","0","0","0","0","0","0","0","0","1"
"lluqxpl6xulb9xsindxv2izblluqxpl6","26","25-29","Masculino","Espírito Santo (ES)","ES","Sudeste","de R$ 3.001/mês a R$ 4.000/mês","Engenheiro de Dados/Data Engineer","Júnior","Modelo 100% remoto","1","0","0","0","0","0","0","1","0","1","0","0","0","0","0","0","0","0","0","0","0","0","1","0","0","0","0","0"
"llhsyirwicc1o90wllh1hns4sqstrleh","25","25-29","Feminino","São Paulo (SP)","SP","Sudeste","de R$ 4.001/mês a R$ 6.000/mês","Analista de Dados/Data Analyst","Júnior","Modelo híbrido flexível (o funcionário tem liberdade para escolher quando estar no escritório presencialmente)","0","0","0","0","0","0","1","1","0","0","0","0","0","0","0","1","0","0","0","0","0","0","0","0","1","0","0","0"
"yvof53ajclvjoq68qyvof53ld2h44n3k","32","30-34","Masculino","Bahia (BA)","BA","Nordeste","de R$ 25.001/mês a R$ 30.000/mês","Estatístico","Sênior","Modelo 100% remoto","0","0","0","0","0","0","1","1","0","1","0","0","0","0","0","0","0","0","0","0","0","0","0","0","0","0","0","0"
"lkuca8aopm29z3apovhplkuca8btx5cu","24","22-24","Feminino","São Paulo (SP)","SP","Sudeste","de R$ 2.001/mês a R$ 3000/mês","Analista de Dados/Data Analyst","Júnior","Modelo 100% remoto","0","0","0","0","0","0","1","0","0","0","0","0","0","0","0","0","0","0","0","0","0","0","1","0","0","0","0","0"
"jq9vlj3ip5wic0bfvyjq9vlwp9beh3xg","27","25-29","Masculino","Santa Catarina (SC)","SC","Sul","de R$ 8.001/mês a R$ 12.000/mês","Analista de BI/BI Analyst/Analytics Engineer","Sênior","Modelo 100% remoto","0","1","0","0","0","0","0","1","0","1","0","0","0","0","0","0","0","0","0","0","0","0","0","0","1","1","0","0"
"0h6rfp18b0j8bedt900h6rfpa5k5oydj","28","25-29","Feminino","Ceará (CE)","CE","Nordeste","de R$ 4.001/mês a R$ 6.000/mês","Analista de Dados/Data Analyst","Júnior","Modelo 100% remoto","0","1","0","0","0","0","0","1","0","1","0","0","0","0","0","0","0","0","0","0","0","0","0","1","1","1","0","0"
"lhdarntep6twf6zglhdavhpyrgnujb1m","23","22-24","Masculino","Pernambuco (PE)","PE","Nordeste","de R$ 2.001/mês a R$ 3000/mês","Analista de BI/BI Analyst/Analytics Engineer","Pleno","Modelo 100% presencial","0","0","0","0","0","1","0","0","0","0","0","0","0","0","0","1","0","0","0","0","1","0","0","0","0","1","1","0"
"lhc61tstc0bdnm22npvqlhc61tsbnl9c","40","40-44","Masculino","Pernambuco (PE)","PE","Nordeste","de R$ 8.001/mês a R$ 12.000/mês","Engenheiro de Dados/Data Engineer","Pleno","Modelo híbrido flexível (o funcionário tem liberdade para escolher quando estar no escritório presencialmente)","1","1","0","0","0","1","0","1","0","1","0","0","0","0","0","0","0","0","0","0","0","0","0","0","0","0","0","1"
"f9k0f081m8j7owf9kiple07hjbe97h9y","26","25-29","Masculino","Rio de Janeiro (RJ)","RJ","Sudeste","de R$ 4.001/mês a R$ 6.000/mês","Analista de BI/BI Analyst/Analytics Engineer","Sênior","Modelo híbrido com dias fixos de trabalho presencial","0","0","1","0","0","0","0","1","1","1","0","0","0","0","0","1","0","0","0","0","1","0","0","0","0","1","0","0"
"lfl4s8tc9oxpd4xy3x1klfl4s8tcbl80","25","25-29","Feminino","São Paulo (SP)","SP","Sudeste","de R$ 8.001/mês a R$ 12.000/mês","Analista de BI/BI Analyst/Analytics Engineer","Pleno","Modelo 100% remoto","0","0","0","0","0","1","1","1","0","0","0","0","0","0","0","0","0","0","0","0","1","0","0","0","0","0","0","0"
"lex54caahelzvbx4k64m1lex54c6mybm","39","35-39","Masculino","Fora do Brasil","Exterior","Exterior","de R$ 25.001/mês a R$ 30.000/mês","Analista de Dados/Data Analyst","Pleno","Modelo híbrido flexível (o funcionário tem liberdade para escolher quando estar no escritório presencialmente)","0","0","1","0","0","0","0","1","1","1","0","0","0","0","0","0","0","0","0","0","1","0","0","0","0","0","0","0"
"lev7cr9d9oqiul7jtjnlev7cdjerhged","43","40-44","Masculino","São Paulo (SP)","SP","Sudeste","de R$ 3.001/mês a R$ 4.000/mês","Outro","Sênior","Modelo 100% remoto","0","0","1","0","0","0","0","0","0","0","0","0","0","0","0","0","0","0","0","0","1","0","0","0","0","0","0","0"
"ldx78zrukyks9ldxew5o1fabopfp7vmw","30","30-34","Masculino","Rio de Janeiro (RJ)","RJ","Sudeste","de R$ 6.001/mês a R$ 8.000/mês","Analista de BI/BI Analyst/Analytics Engineer","Pleno","Modelo 100% remoto","1","0","0","0","0","0","0","1","0","1","0","0","0","0","0","0","0","0","0","0","0","0","1","0","0","0","0","0"
"f4til8de03aec8yotf4til8xyqzuxi7q","27","25-29","Masculino","São Paulo (SP)","SP","Sudeste","de R$ 3.001/mês a R$ 4.000/mês","Analista de Dados/Data Analyst","Júnior","Modelo 100% remoto","1","0","0","0","0","0","0","1","0","1","0","0","0","0","0","0","0","0","0","0","1","0","0","0","0","0","0","0"
"lcvoeks6ej764944lklcvoeicm6ph9to","32","30-34","Masculino","São Paulo (SP)","SP","Sudeste","Acima de R$ 40.001/mês","Cientista de Dados/Data Scientist","Sênior","Modelo híbrido com dias fixos de trabalho presencial","1","0","0","0","0","0","0","1","1","1","0","0","0","0","0","0","0","0","0","0","0","0","0","0","1","0","0","0"
"md2vkacznkrl2pn4854md2vka4nlff5e","37","35-39","Masculino","Bahia (BA)","BA","Nordeste","de R$ 8.001/mês a R$ 12.000/mês","Analista de BI/BI Analyst/Analytics Engineer","Sênior","Modelo 100% remoto","0","1","1","0","0","0","0","1","0","0","0","0","0","0","0","0","0","0","0","0","1","0","1","0","0","1","0","0"
"lcn52ltvuuwhk5ko89882uilcn52lgqm","27","25-29","Masculino","São Paulo (SP)","SP","Sudeste","de R$ 3.001/mês a R$ 4.000/mês","Outro","Pleno","Modelo 100% remoto","0","1","0","0","0","0","0","0","1","1","0","0","0","0","0","0","0","0","0","0","1","0","0","0","0","0","0","0"
"lcgfnclx4c3atua7cdb9sshlcgfno3rr","31","30-34","Masculino","Rio Grande do Sul (RS)","RS","Sul","de R$ 12.001/mês a R$ 16.000/mês","Cientista de Dados/Data Scientist","Sênior","Modelo 100% remoto","1","1","0","0","0","0","0","1","1","1","0","0","0","0","1","0","0","0","0","0","1","0","1","0","0","0","0","0"
"lbbhvwzcd94d9lhp0sel4sclbbhvwzcm","27","25-29","Masculino","Rio de Janeiro (RJ)","RJ","Sudeste","de R$ 4.001/mês a R$ 6.000/mês","Engenheiro de Dados/Data Engineer","Júnior","Modelo 100% remoto","0","0","0","0","0","1","0","1","0","1","0","0","0","0","0","0","1","0","0","0","0","0","1","0","0","0","0","0"
"lb10lwwf8r7uhlb1yg2io0uy0ckr1rt7","23","22-24","Masculino","São Paulo (SP)","SP","Sudeste","de R$ 6.001/mês a R$ 8.000/mês","Analista de Negócios/Business Analyst","Júnior","Modelo híbrido com dias fixos de trabalho presencial","1","0","0","0","0","0","0","1","0","1","0","0","0","0","0","0","0","0","0","0","1","0","0","0","0","0","0","0"
"l991sqej2n7zi4gv8l991sqr2y8ete3j","30","30-34","Masculino","São Paulo (SP)","SP","Sudeste","de R$ 4.001/mês a R$ 6.000/mês","Analista de Dados/Data Analyst","Júnior","Modelo 100% remoto","1","0","0","0","0","1","0","1","0","1","0","0","0","0","0","0","0","0","0","0","1","0","0","0","0","0","0","0"
"l6kefrg0j2nbfitcnbl6kefrsnk8hfd4","35","35-39","Feminino","Minas Gerais (MG)","MG","Sudeste","de R$ 6.001/mês a R$ 8.000/mês","Analista de Dados/Data Analyst","Sênior","Modelo híbrido flexível (o funcionário tem liberdade para escolher quando estar no escritório presencialmente)","0","0","1","0","0","0","0","1","0","0","0","0","1","0","0","0","0","0","0","1","1","1","0","0","0","0","0","0"
"l5yb34z691gp0s1lvw8zl5yb34z69o4r","21","17-21","Masculino","São Paulo (SP)","SP","Sudeste","de R$ 3.001/mês a R$ 4.000/mês","Engenheiro de Machine Learning/ML Engineer","Pleno","Modelo 100% remoto","1","1","0","0","0","0","0","1","0","1","0","0","0","0","0","0","1","0","0","0","0","0","0","0","0","0","0","0"
"l5w1y0b7lqkjnvo8izl5w1y0bbwivdmc","29","25-29","Masculino","São Paulo (SP)","SP","Sudeste","de R$ 8.001/mês a R$ 12.000/mês","Analista de Dados/Data Analyst","Sênior","Modelo 100% remoto","0","1","0","0","0","0","0","1","0","1","0","0","0","0","0","0","0","0","0","0","0","0","0","0","0","1","1","0"
"l51xl7s3ai35934v4xzwl51vr325rtex","25","25-29","Feminino","Minas Gerais (MG)","MG","Sudeste","de R$ 2.001/mês a R$ 3000/mês","Analista de BI/BI Analyst/Analytics Engineer","Júnior","Modelo 100% remoto","0","1","0","0","0","0","0","1","0","1","0","0","0","0","0","0","0","0","0","0","0","0","0","0","0","0","0","1"
"l2yfuu7hc7vgxhrj4l2yfr2ulb6zkvpj","36","35-39","Masculino","Santa Catarina (SC)","SC","Sul","de R$ 8.001/mês a R$ 12.000/mês","Engenheiro de Dados/Data Engineer","Pleno","Modelo 100% remoto","0","0","1","0","0","0","0","1","0","1","0","0","0","0","0","0","0","0","0","0","1","0","0","1","0","0","0","0"
"l15aftrf7cthnol15af1n28zql92vbnf","33","30-34","Masculino","Minas Gerais (MG)","MG","Sudeste","de R$ 8.001/mês a R$ 12.000/mês","Analista de BI/BI Analyst/Analytics Engineer","Sênior","Modelo híbrido flexível (o funcionário tem liberdade para escolher quando estar no escritório presencialmente)","1","0","0","0","0","0","0","1","0","1","0","0","0","0","0","0","0","0","0","0","1","0","1","0","0","1","0","0"
"l0imcqa11iwngcl0vwajd7yd0uho3tzj","29","25-29","Masculino","São Paulo (SP)","SP","Sudeste","de R$ 12.001/mês a R$ 16.000/mês","Cientista de Dados/Data Scientist","Sênior","Modelo híbrido flexível (o funcionário tem liberdade para escolher quando estar no escritório presencialmente)","1","0","0","0","0","0","0","1","1","1","0","0","0","0","0","0","0","0","0","0","0","0","0","0","1","0","0","0"
"88gzgzmv35saiuqbmaw88gz0v7qvvsa8","32","30-34","Masculino","São Paulo (SP)","SP","Sudeste","de R$ 12.001/mês a R$ 16.000/mês","Analista de Dados/Data Analyst","Sênior","Modelo 100% remoto","1","1","0","0","0","0","0","1","0","1","0","0","0","0","0","0","0","0","0","0","1","0","0","0","0","1","0","0"
"6tk3pult4kkmtb96tk3hmhrbrwt7465a","40","40-44","Masculino","Pernambuco (PE)","PE","Nordeste","de R$ 4.001/mês a R$ 6.000/mês","Outro","Pleno","Modelo 100% presencial","0","1","0","0","0","0","0","0","0","0","0","0","0","0","0","0","0","0","0","0","1","0","0","0","0","0","0","0"
"kz8dfy7vkvnqb9jrkz8dhj42lpag95oh","32","30-34","Feminino","","","Norte","de R$ 3.001/mês a R$ 4.000/mês","Analista de Negócios/Business Analyst","Pleno","Modelo híbrido com dias fixos de trabalho presencial","0","0","1","0","0","0","0","1","0","0","0","0","0","0","0","0","0","0","0","0","1","0","0","0","0","0","1","0"
"kyk32lw12tgqap4wt2ybkyk32kf3stro","25","25-29","Masculino","Minas Gerais (MG)","MG","Sudeste","de R$ 1.001/mês a R$ 2.000/mês","Outro","Júnior","Modelo 100% remoto","0","0","0","0","0","1","1","0","0","0","0","0","0","0","0","1","0","0","0","0","1","0","0","0","0","0","0","0"
"5vd7a0lmizxf9ug0s5vd7nwjvhwh46zr","29","25-29","Masculino","São Paulo (SP)","SP","Sudeste","de R$ 12.001/mês a R$ 16.000/mês","Engenheiro de Dados/Data Engineer","Sênior","Modelo 100% remoto","1","0","0","0","0","0","0","1","0","1","0","0","0","0","0","0","1","0","0","0","0","0","1","1","1","0","0","0"
"1dav4cet2h0r3xmaritc61dav4kcrqs8","51","50-54","Masculino","São Paulo (SP)","SP","Sudeste","de R$ 12.001/mês a R$ 16.000/mês","Cientista de Dados/Data Scientist","Sênior","Modelo 100% remoto","1","1","0","0","0","0","0","1","0","1","0","0","0","0","0","0","1","0","0","0","0","0","0","0","0","0","0","1"
"73oih83ijinasnhz0xmp373oih83wj49","29","25-29","Masculino","Bahia (BA)","BA","Nordeste","de R$ 8.001/mês a R$ 12.000/mês","Cientista de Dados/Data Scientist","Sênior","Modelo 100% remoto","1","1","0","0","0","0","0","1","0","1","0","0","0","0","0","0","0","0","0","0","1","0","0","0","1","1","0","0"
"kwfqt7vv2273wkwfq4oxalzqjnkozra9","42","40-44","Masculino","São Paulo (SP)","SP","Sudeste","de R$ 6.001/mês a R$ 8.000/mês","Cientista de Dados/Data Scientist","Júnior","Modelo 100% presencial","0","1","1","0","0","0","0","1","1","1","0","0","0","0","0","0","0","0","0","0","1","0","0","0","0","1","0","0"
"kw7uh6x2ahkc0zdlge8kw7uhrcrbkp4s","25","25-29","Masculino","Rio de Janeiro (RJ)","RJ","Sudeste","de R$ 2.001/mês a R$ 3000/mês","Engenheiro de Dados/Data Engineer","Pleno","Modelo 100% remoto","0","0","0","0","0","1","0","1","0","1","0","0","0","0","0","1","0","0","0","0","1","0","1","0","0","0","0","0"
"kw5zq8egwyn2wf17nwkw5zq8sr20zyfj","25","25-29","Masculino","Rio Grande do Sul (RS)","RS","Sul","de R$ 2.001/mês a R$ 3000/mês","Analista de BI/BI Analyst/Analytics Engineer","Júnior","Modelo 100% presencial","0","0","0","1","0","0","0","1","0","0","0","0","0","0","0","1","0","0","0","0","1","0","0","0","0","0","0","0"
"bz7elgoermmz1aw92gkbz7eax2kealz2","54","50-54","Masculino","Bahia (BA)","BA","Nordeste","de R$ 8.001/mês a R$ 12.000/mês","Analista de BI/BI Analyst/Analytics Engineer","Pleno","Modelo 100% presencial","0","0","0","0","0","1","0","1","1","1","0","1","1","0","0","0","0","0","0","1","1","0","0","0","0","0","0","0"
"kuu1wuiu71cgrmxkuu1wnda9zjisyntn","32","30-34","Masculino","Distrito Federal (DF)","DF","Centro-oeste","de R$ 12.001/mês a R$ 16.000/mês","Analista de Dados/Data Analyst","Pleno","Modelo 100% presencial","0","0","0","0","0","1","0","1","0","1","0","0","0","0","0","0","0","0","0","0","1","0","0","0","0","0","0","0"
"kum49orvvr0279cqawbkumx5h9rrbldo","34","30-34","Masculino","São Paulo (SP)","SP","Sudeste","de R$ 30.001/mês a R$ 40.000/mês","Engenheiro de Dados/Data Engineer","Sênior","Modelo híbrido com dias fixos de trabalho presencial","0","1","0","0","0","0","0","1","0","1","0","0","1","0","0","0","1","0","0","0","0","0","0","0","1","1","0","0"
"4nrfktd84u2wvf1p3c4nrfpbujp3a3xa","24","22-24","Masculino","Paraná (PR)","PR","Sul","de R$ 4.001/mês a R$ 6.000/mês","Engenheiro de Dados/Data Engineer","Júnior","Modelo 100% remoto","1","0","0","0","0","0","0","1","0","1","0","0","0","0","0","0","0","0","0","0","1","0","1","0","0","0","0","0"
"ks9zsxtwx7k6qorks9zk0r4ihccqdppk","33","30-34","Masculino","São Paulo (SP)","SP","Sudeste","de R$ 3.001/mês a R$ 4.000/mês","Analista de BI/BI Analyst/Analytics Engineer","Pleno","Modelo 100% presencial","0","0","0","0","0","0","1","1","1","1","0","0","0","0","0","0","0","0","0","0","1","0","0","0","0","0","0","0"
"3ftfjomzz2l3v2t3ftfh4p8p1zntaaac","31","30-34","Masculino","Santa Catarina (SC)","SC","Sul","de R$ 16.001/mês a R$ 20.000/mês","Engenheiro de Dados/Data Engineer","Pleno","Modelo 100% remoto","1","0","0","0","0","0","0","1","0","1","0","0","0","0","0","0","1","0","0","0","0","0","1","0","0","0","0","0"
"krwtktmur47eztlxycwtlkrwtktr40xd","24","22-24","Feminino","Rio de Janeiro (RJ)","RJ","Sudeste","de R$ 2.001/mês a R$ 3000/mês","Analista de Dados/Data Analyst","Júnior","Modelo híbrido flexível (o funcionário tem liberdade para escolher quando estar no escritório presencialmente)","1","0","0","0","0","0","0","1","0","1","0","0","0","0","0","0","0","0","0","0","1","0","0","0","0","0","0","0"
"krmdvdrch0kubpdt03jpikzkrmdvdrnj","41","40-44","Masculino","Minas Gerais (MG)","MG","Sudeste","de R$ 4.001/mês a R$ 6.000/mês","Outro","Júnior","Modelo híbrido flexível (o funcionário tem liberdade para escolher quando estar no escritório presencialmente)","0","1","0","0","0","0","1","0","1","0","0","0","0","0","0","0","0","0","0","0","1","1","1","0","0","0","1","0"
"krc9nrwahbwpmzlmkrc9nrhmdjv7r440","32","30-34","Masculino","Paraná (PR)","PR","Sul","de R$ 12.001/mês a R$ 16.000/mês","Engenheiro de Dados/Data Engineer","Sênior","Modelo 100% remoto","0","1","0","0","0","0","0","1","0","1","0","0","0","0","0","0","0","0","0","0","0","0","0","0","0","1","0","0"
"kqq67ho6n7fnnoj8xdkqq67ho1gatvtw","25","25-29","Feminino","Paraná (PR)","PR","Sul","de R$ 8.001/mês a R$ 12.000/mês","Analista de Dados/Data Analyst","Sênior","Modelo 100% remoto","0","0","1","0","0","0","0","1","0","1","0","0","0","0","0","0","0","0","0","0","0","0","1","0","0","0","0","0"
"kqptdaatja0ai2ctmxmkqptdajmgib0x","28","25-29","Masculino","Pernambuco (PE)","PE","Nordeste","de R$ 6.001/mês a R$ 8.000/mês","Engenheiro de Dados/Data Engineer","Pleno","Modelo 100% remoto","0","0","0","0","0","1","0","0","0","0","0","0","0","0","0","0","0","0","0","0","0","0","0","0","0","0","0","0"
"kq7b037uc2hqoyy9kze1xckq7b037usd","24","22-24","Masculino","Minas Gerais (MG)","MG","Sudeste","de R$ 4.001/mês a R$ 6.000/mês","Cientista de Dados/Data Scientist","Pleno","Modelo 100% remoto","0","0","0","0","1","0","1","1","0","1","0","0","0","0","0","0","0","0","0","0","0","0","0","0","0","0","0","0"
"00rw1ocvp0pa5jb00rw1ia01wlfz2fjk","34","30-34","Masculino","São Paulo (SP)","SP","Sudeste","de R$ 8.001/mês a R$ 12.000/mês","Analista de BI/BI Analyst/Analytics Engineer","Sênior","Modelo 100% remoto","1","0","0","0","0","0","0","1","0","1","0","0","0","0","0","0","0","0","0","0","1","0","1","0","0","0","0","0"
"kp29tt6vf2bwr0bbr14obkp29ttlklcc","23","22-24","Feminino","São Paulo (SP)","SP","Sudeste","de R$ 8.001/mês a R$ 12.000/mês","Analista de BI/BI Analyst/Analytics Engineer","Sênior","Modelo híbrido flexível (o funcionário tem liberdade para escolher quando estar no escritório presencialmente)","1","0","0","0","0","0","0","1","0","1","0","0","0","0","1","0","0","0","0","0","1","0","1","0","0","0","1","0"
"xzggbgthm4mjm1f0kxg6xzgggbdbvvws","40","40-44","Feminino","São Paulo (SP)","SP","Sudeste","de R$ 8.001/mês a R$ 12.000/mês","Engenheiro de Dados/Data Engineer","Pleno","Modelo 100% remoto","1","0","0","0","0","0","0","1","0","1","0","0","0","0","0","0","0","0","0","0","0","1","1","0","0","0","0","0"
"knbb0b551jqhcis9kntb9anjz5w0sju3","31","30-34","Feminino","São Paulo (SP)","SP","Sudeste","de R$ 6.001/mês a R$ 8.000/mês","Analista de Dados/Data Analyst","Pleno","Modelo 100% remoto","0","0","1","0","0","0","0","1","1","0","0","0","0","0","0","0","0","0","0","0","1","0","0","0","0","1","0","0"
"kmqs6f2hbn5q4oihlkmqslkkun51h1pv","33","30-34","Feminino","São Paulo (SP)","SP","Sudeste","de R$ 12.001/mês a R$ 16.000/mês","Cientista de Dados/Data Scientist","Sênior","Modelo 100% remoto","0","0","1","0","0","0","0","1","0","1","0","0","0","0","0","0","0","0","0","0","1","0","0","0","0","0","0","0"
"kmipmjo885b8gsjhikmipmj0szem4eww","","55+","Masculino","Distrito Federal (DF)","DF","Centro-oeste","de R$ 6.001/mês a R$ 8.000/mês","Cientista de Dados/Data Scientist","Júnior","Modelo 100% remoto","0","0","0","0","0","0","1","1","0","1","0","0","0","0","0","0","0","0","0","0","0","0","0","0","0","0","0","1"
"klrb7juve5gzafb73zaklrb77cwzhsmu","33","30-34","Masculino","São Paulo (SP)","SP","Sudeste","de R$ 4.001/mês a R$ 6.000/mês","Analista de Negócios/Business Analyst","Pleno","Modelo híbrido com dias fixos de trabalho presencial","0","0","0","0","0","0","1","1","0","0","0","0","0","0","0","0","0","0","0","0","1","0","0","0","0","0","0","0"
"kkmyh56q31l3bakb8dfh4wkkmyhyhah5","27","25-29","Masculino","Distrito Federal (DF)","DF","Centro-oeste","de R$ 4.001/mês a R$ 6.000/mês","Analista de Dados/Data Analyst","Pleno","Modelo híbrido com dias fixos de trabalho presencial","0","0","0","0","0","1","0","1","1","1","0","0","0","0","0","0","0","0","0","0","1","1","0","0","0","0","0","0"
"kk1u1n1phlpb9vs0fd8cjkk1u0bvfit0","30","30-34","Masculino","Paraná (PR)","PR","Sul","de R$ 2.001/mês a R$ 3000/mês","Product Manager","Júnior","Modelo 100% remoto","1","0","0","0","0","0","0","1","0","1","0","0","1","0","0","0","0","0","0","1","0","0","0","0","0","0","1","0"
"khx1sssjlxb09kfks0oi5yd4khx1ssae","38","35-39","Masculino","São Paulo (SP)","SP","Sudeste","de R$ 12.001/mês a R$ 16.000/mês","Cientista de Dados/Data Scientist","Sênior","Modelo 100% remoto","1","0","0","0","0","0","0","0","0","1","0","0","0","0","0","0","0","0","0","0","0","0","0","0","0","0","0","1"
"khr83q4smxb58n7fduaykhr83jcerr3a","32","30-34","Feminino","São Paulo (SP)","SP","Sudeste","de R$ 8.001/mês a R$ 12.000/mês","Cientista de Dados/Data Scientist","Pleno","Modelo 100% remoto","0","1","0","0","0","0","0","1","0","1","0","0","0","0","0","0","0","0","0","0","0","0","0","0","1","0","0","0"
"tvqwjqe0sf2scr8c8tvqwo2u7unqdhlc","53","50-54","Feminino","Sergipe (SE)","SE","Nordeste","de R$ 4.001/mês a R$ 6.000/mês","","","Modelo 100% presencial","","","","","","","","","","","","","","","","","","","","","","","","","","","",""
"kf7p6ltvzsnh647apgwrbkf7pugbcyhe","27","25-29","Masculino","Paraná (PR)","PR","Sul","de R$ 4.001/mês a R$ 6.000/mês","Engenheiro de Dados/Data Engineer","Pleno","Modelo 100% remoto","1","0","0","0","0","1","0","1","0","1","0","0","0","0","0","0","0","0","0","0","0","0","1","0","0","0","0","0"
"kd17q20ihhodgqk89cb5gokd17qfz37t","42","40-44","Masculino","São Paulo (SP)","SP","Sudeste","de R$ 6.001/mês a R$ 8.000/mês","DBA/Administrador de Banco de Dados","Sênior","Modelo híbrido com dias fixos de trabalho presencial","0","0","0","0","1","0","0","1","0","0","0","0","0","0","0","0","0","0","0","0","0","0","0","0","0","0","0","0"
"zynzhxc3vml7hwbi6zjz526zynzhxcre","26","25-29","Masculino","Paraíba (PB)","PB","Nordeste","","","","","","","","","","","","","","","","","","","","","","","","","","","","","","","",""
"kc8cde7pcvk158hbok7znkc8cde7pwqa","22","22-24","Feminino","São Paulo (SP)","SP","Sudeste","de R$ 2.001/mês a R$ 3000/mês","Cientista de Dados/Data Scientist","Júnior","Modelo híbrido flexível (o funcionário tem liberdade para escolher quando estar no escritório presencialmente)","0","0","1","0","0","0","1","1","1","1","0","0","0","0","0","0","0","0","0","0","1","0","0","1","0","0","0","0"
"kc86rkxrd308vx486ykc86r5p5srt36o","35","35-39","Masculino","São Paulo (SP)","SP","Sudeste","de R$ 16.001/mês a R$ 20.000/mês","Analista de BI/BI Analyst/Analytics Engineer","Sênior","Modelo 100% presencial","1","0","1","1","0","0","0","1","0","1","0","0","1","0","0","1","0","0","0","1","1","0","1","0","0","0","1","0"
"zx8df61i5sso8lxzx8dfdxjsw4oixez3","23","22-24","Masculino","Sergipe (SE)","SE","Nordeste","","","","","","","","","","","","","","","","","","","","","","","","","","","","","","","",""
"zpzf8wfheg0pvjwfxtaatpzpzf8wfeym","38","35-39","Masculino","Minas Gerais (MG)","MG","Sudeste","","","","","","","","","","","","","","","","","","","","","","","","","","","","","","","",""
"k8llkzdi7iehuw951m2k8llksyfhy8ex","31","30-34","Masculino","Rio de Janeiro (RJ)","RJ","Sudeste","de R$ 12.001/mês a R$ 16.000/mês","Analista de Dados/Data Analyst","Sênior","Modelo 100% remoto","1","0","0","0","0","0","0","1","0","1","0","0","0","0","0","0","0","0","0","0","0","0","0","1","1","0","0","0"
"k8iu2oh1205vwqugbzz1gk8iu2uw2o94","27","25-29","Masculino","","","Norte","de R$ 6.001/mês a R$ 8.000/mês","Analista de Dados/Data Analyst","Pleno","Modelo híbrido flexível (o funcionário tem liberdade para escolher quando estar no escritório presencialmente)","0","0","1","0","0","0","0","0","0","1","0","0","0","0","0","0","0","0","0","0","1","0","0","0","0","0","0","0"
"zmnanw2i0afrklsa8kt8zmnairm2uxet","26","25-29","Masculino","Paraná (PR)","PR","Sul","","","","","","","","","","","","","","","","","","","","","","","","","","","","","","","",""
"gu7s4559b746lsrgu7sm0c9tmavwzm78","37","35-39","Masculino","Mato Grosso (MT)","MT","Centro-oeste","de R$ 8.001/mês a R$ 12.000/mês","Desenvolvedor ou Engenheiro de Software","Sênior","Modelo 100% remoto","0","0","0","0","0","1","0","1","0","0","0","1","1","0","0","0","0","0","0","1","1","0","0","0","0","0","0","0"
"k6zvqdrcfzkwzk6zvqfndcg2w3adthh8","33","30-34","Masculino","São Paulo (SP)","SP","Sudeste","de R$ 6.001/mês a R$ 8.000/mês","Analista de BI/BI Analyst/Analytics Engineer","Pleno","Modelo híbrido flexível (o funcionário tem liberdade para escolher quando estar no escritório presencialmente)","1","0","0","0","0","1","0","1","0","1","0","0","0","0","0","1","0","0","0","0","1","0","0","1","0","0","1","0"
"k6vr4wt0o7efjtynimsk6vr4i5qknhmc","22","22-24","Masculino","Rio Grande do Sul (RS)","RS","Sul","de R$ 2.001/mês a R$ 3000/mês","Engenheiro de Dados/Data Engineer","Júnior","Modelo híbrido flexível (o funcionário tem liberdade para escolher quando estar no escritório presencialmente)","0","0","1","0","0","1","0","1","0","1","0","0","0","0","0","1","0","0","0","0","0","0","0","0","0","0","0","1"
"k61kr0tg4poezmk67bweu5qwvjrm6my2","27","25-29","Feminino","São Paulo (SP)","SP","Sudeste","de R$ 8.001/mês a R$ 12.000/mês","Analista de Negócios/Business Analyst","Pleno","Modelo 100% presencial","0","0","0","0","0","0","1","1","0","1","0","0","0","0","0","1","0","0","0","0","1","0","1","0","0","0","0","0"
"zk6siyh254t6i5jrkzk6si0mve3lqibg","23","22-24","Masculino","São Paulo (SP)","SP","Sudeste","","","","","","","","","","","","","","","","","","","","","","","","","","","","","","","",""
"k4z5g670t7nu3dmtquik4z5go3cg9ui8","31","30-34","Masculino","São Paulo (SP)","SP","Sudeste","de R$ 16.001/mês a R$ 20.000/mês","Desenvolvedor ou Engenheiro de Software","Sênior","Modelo 100% remoto","1","1","1","0","0","0","0","1","0","1","0","0","0","0","0","0","0","0","0","0","0","0","1","0","0","1","0","0"
"k4a6atzhja24tvo6s8k4a6hxak13i4i0","41","40-44","Masculino","Minas Gerais (MG)","MG","Sudeste","de R$ 4.001/mês a R$ 6.000/mês","Analista de Dados/Data Analyst","Júnior","Modelo 100% remoto","0","1","1","0","0","0","0","1","0","1","0","0","0","0","0","0","0","0","0","0","1","1","0","0","0","0","0","0"
"k3xdnnxg4s13gg48ttk3xdn6io5hzug2","35","35-39","Masculino","Sergipe (SE)","SE","Nordeste","de R$ 4.001/mês a R$ 6.000/mês","Analista de Negócios/Business Analyst","Pleno","Modelo 100% remoto","1","0","0","0","0","1","0","1","0","0","0","0","0","0","0","1","0","0","0","0","1","1","0","0","0","0","0","0"
"zfcz2doxlvp73ie9zfcz2d0x5a303obv","38","35-39","Feminino","São Paulo (SP)","SP","Sudeste","","","","","","","","","","","","","","","","","","","","","","","","","","","","","","","",""
"k2s38mz0954tqwuqk2s38ibgun34rwgk","47","45-49","Masculino","Distrito Federal (DF)","DF","Centro-oeste","de R$ 8.001/mês a R$ 12.000/mês","Analista de Dados/Data Analyst","Sênior","Modelo híbrido com dias fixos de trabalho presencial","0","0","0","0","0","1","1","1","1","1","0","0","1","0","1","1","0","0","1","1","1","0","0","0","0","0","1","0"
"k2fuvz9aq2q81i68k2fufasb9nb96ujj","24","22-24","Feminino","Minas Gerais (MG)","MG","Sudeste","de R$ 6.001/mês a R$ 8.000/mês","Engenheiro de Dados/Data Engineer","Pleno","Modelo 100% remoto","1","1","0","0","0","0","0","1","0","1","0","0","0","0","0","0","0","0","0","0","1","0","0","1","0","0","0","0"
"k1pvhpuu1azuny33lk1pvhor9crlqgbg","40","40-44","Masculino","São Paulo (SP)","SP","Sudeste","de R$ 16.001/mês a R$ 20.000/mês","Desenvolvedor ou Engenheiro de Software","Sênior","Modelo híbrido flexível (o funcionário tem liberdade para escolher quando estar no escritório presencialmente)","1","0","1","0","0","0","1","1","0","0","0","0","1","0","0","0","0","0","0","1","0","1","1","0","0","0","0","0"
"k1ihuuf55f5c78rrk5k1icg03exizroo","26","25-29","Masculino","São Paulo (SP)","SP","Sudeste","de R$ 12.001/mês a R$ 16.000/mês","Analista de Negócios/Business Analyst","Sênior","Modelo híbrido flexível (o funcionário tem liberdade para escolher quando estar no escritório presencialmente)","1","0","0","0","0","0","0","1","0","1","0","0","0","0","0","0","0","0","0","0","1","0","1","0","0","1","0","0"
"k1hnsnlx1dv33njcik1hnsro2dzfyd9a","29","25-29","Masculino","Fora do Brasil","Exterior","Exterior","de R$ 20.001/mês a R$ 25.000/mês","Outro","Pleno","Modelo híbrido flexível (o funcionário tem liberdade para escolher quando estar no escritório presencialmente)","0","0","0","0","0","1","1","0","0","1","0","0","0","0","0","0","0","0","0","0","0","0","0","0","0","0","0","1"
"k0vuuijh78hytyayxfc5k0vuuf07hw5e","","55+","Masculino","Minas Gerais (MG)","MG","Sudeste","de R$ 20.001/mês a R$ 25.000/mês","","","Modelo híbrido flexível (o funcionário tem liberdade para escolher quando estar no escritório presencialmente)","","","","","","","","","","","","","","","","","","","","","","","","","","","",""
"jzyovyot5fxxdirubljzyovyqaukko0n","25","25-29","Feminino","São Paulo (SP)","SP","Sudeste","de R$ 3.001/mês a R$ 4.000/mês","Analista de Dados/Data Analyst","Júnior","Modelo 100% remoto","1","1","0","0","0","0","0","1","0","1","0","0","0","0","0","0","0","0","0","0","0","0","0","0","0","0","0","1"
"jz837mp8qlr8b76ojz845ov1zn6us0u2","30","30-34","Masculino","São Paulo (SP)","SP","Sudeste","de R$ 4.001/mês a R$ 6.000/mês","Cientista de Dados/Data Scientist","Pleno","Modelo 100% remoto","1","1","1","0","0","1","0","1","0","1","0","0","1","0","0","0","0","0","0","1","1","0","0","0","0","1","0","0"
"jyctpl5apbklpt2jyctpmyhjyu1kockc","32","30-34","Feminino","Minas Gerais (MG)","MG","Sudeste","de R$ 8.001/mês a R$ 12.000/mês","Cientista de Dados/Data Scientist","Pleno","Modelo 100% remoto","1","0","0","0","0","0","0","1","1","1","0","0","0","0","0","0","0","0","0","0","0","0","0","0","0","0","0","1"
"za71skqqbkx0nu5za71s0nx2324ufsig","25","25-29","Masculino","Rio de Janeiro (RJ)","RJ","Sudeste","","","","","","","","","","","","","","","","","","","","","","","","","","","","","","","",""
"jy4an1vx5gtq5dptdfnjy4an1pvky45u","27","25-29","Masculino","Minas Gerais (MG)","MG","Sudeste","de R$ 6.001/mês a R$ 8.000/mês","Cientista de Dados/Data Scientist","Júnior","Modelo 100% remoto","0","0","0","0","0","0","1","1","0","1","0","0","0","0","0","0","0","0","0","0","0","0","0","0","0","0","0","1"
"jx9tvlyt29j1jx9mdbns6b5uwuaozcgy","","55+","Masculino","Paraná (PR)","PR","Sul","de R$ 6.001/mês a R$ 8.000/mês","Analista de BI/BI Analyst/Analytics Engineer","Sênior","Modelo 100% remoto","0","1","0","0","0","0","0","0","0","0","0","0","0","0","0","0","0","0","0","0","1","0","0","0","0","1","0","0"
"z52smfwyehu68kkn6oz52sm8zp7yxxe1","46","45-49","Feminino","Rio Grande do Norte (RN)","RN","Nordeste","","","","","","","","","","","","","","","","","","","","","","","","","","","","","","","",""
"z4hzctt9vbuoyhtz4hzca6mgvuklqwe0","36","35-39","Masculino","São Paulo (SP)","SP","Sudeste","","","","","","","","","","","","","","","","","","","","","","","","","","","","","","","",""
"jvxsysqao4qqyokijvxsynpwwmbx452r","32","30-34","Masculino","Rio Grande do Sul (RS)","RS","Sul","de R$ 4.001/mês a R$ 6.000/mês","Desenvolvedor ou Engenheiro de Software","Júnior","Modelo 100% presencial","0","0","0","0","0","1","0","1","0","1","0","0","1","0","0","0","0","0","1","1","0","0","0","0","0","0","0","0"
"yh2lkzl9oy6rrbnyh2lsvjhgd9zw13sa","26","25-29","Masculino","Bahia (BA)","BA","Nordeste","de R$ 8.001/mês a R$ 12.000/mês","Analista de BI/BI Analyst/Analytics Engineer","Sênior","Modelo 100% remoto","1","0","1","0","0","0","0","1","0","1","0","0","0","0","0","1","0","0","0","0","1","0","1","0","0","1","0","0"
"z17y5myreafm9uz17y5mtj68jzh2dxt8","29","25-29","Masculino","São Paulo (SP)","SP","Sudeste","","","","","","","","","","","","","","","","","","","","","","","","","","","","","","","",""
"jrrxgq0f6c1g0pfftjrr5spvee2d8ds1","29","25-29","Masculino","Espírito Santo (ES)","ES","Sudeste","de R$ 8.001/mês a R$ 12.000/mês","Cientista de Dados/Data Scientist","Pleno","Modelo híbrido flexível (o funcionário tem liberdade para escolher quando estar no escritório presencialmente)","0","0","1","0","0","0","0","1","0","1","0","0","0","0","0","0","0","0","0","0","1","0","0","0","0","0","0","0"
"ywhthbhh8cdhq0b24yu9bywhth2lcx4h","30","30-34","Feminino","São Paulo (SP)","SP","Sudeste","","","","","","","","","","","","","","","","","","","","","","","","","","","","","","","",""
"yw6ffggkj8ee55yw6ffp24cycpbsh141","40","40-44","Masculino","São Paulo (SP)","SP","Sudeste","","","","","","","","","","","","","","","","","","","","","","","","","","","","","","","",""
"jq4xghwdyzqsq28o66jq4xghwdug4pmq","39","35-39","Masculino","Distrito Federal (DF)","DF","Centro-oeste","de R$ 6.001/mês a R$ 8.000/mês","Desenvolvedor ou Engenheiro de Software","Sênior","Modelo 100% presencial","0","0","0","0","0","1","0","1","0","0","1","1","1","0","0","0","0","0","0","1","1","0","0","0","0","0","0","0"
"jq0mbbzvls7ay52jqeczmld5a08ludyn","20","17-21","Masculino","Rio de Janeiro (RJ)","RJ","Sudeste","de R$ 1.001/mês a R$ 2.000/mês","Engenheiro de Dados/Data Engineer","Júnior","Modelo 100% remoto","0","0","1","0","0","0","0","1","0","1","0","1","0","0","0","0","0","0","0","0","1","0","0","1","0","1","0","0"
"jp4jl03bvl7xs44ljp4jlp74r42ojiy4","36","35-39","Masculino","Pernambuco (PE)","PE","Nordeste","de R$ 4.001/mês a R$ 6.000/mês","Cientista de Dados/Data Scientist","Júnior","Modelo 100% remoto","1","0","0","0","0","0","0","1","0","1","0","0","0","0","0","0","0","0","0","0","0","0","0","1","0","0","0","0"
"xqtp9lez6idq0i17oxqtp9wlws87muih","37","35-39","Masculino","Ceará (CE)","CE","Nordeste","","","","","","","","","","","","","","","","","","","","","","","","","","","","","","","",""
"joj7o2fx9bfjijaev9jgg195d2i1zzxa","26","25-29","Masculino","São Paulo (SP)","SP","Sudeste","de R$ 8.001/mês a R$ 12.000/mês","Analista de Negócios/Business Analyst","Sênior","Modelo híbrido flexível (o funcionário tem liberdade para escolher quando estar no escritório presencialmente)","1","0","0","0","0","0","0","1","1","0","0","0","0","0","0","0","0","0","0","0","1","0","1","0","0","0","0","0"
"jnazsit16ftw489slrajnazsvu2x306n","36","35-39","Masculino","São Paulo (SP)","SP","Sudeste","de R$ 4.001/mês a R$ 6.000/mês","Analista de Dados/Data Analyst","Pleno","Modelo híbrido flexível (o funcionário tem liberdade para escolher quando estar no escritório presencialmente)","1","0","1","0","0","0","0","1","0","1","0","0","0","0","0","0","0","0","0","0","0","0","1","0","0","0","1","0"
"xdzbf983m4q92yhixdzbftwubgaxd7yi","34","30-34","Masculino","Ceará (CE)","CE","Nordeste","","","","","","","","","","","","","","","","","","","","","","","","","","","","","","","",""
"jmwo7dbm4rl173wqpjjmwoglhbfql923","25","25-29","Masculino","São Paulo (SP)","SP","Sudeste","de R$ 6.001/mês a R$ 8.000/mês","Analista de BI/BI Analyst/Analytics Engineer","Pleno","Modelo híbrido flexível (o funcionário tem liberdade para escolher quando estar no escritório presencialmente)","0","0","0","0","0","0","1","1","0","1","0","0","0","0","0","0","0","0","0","0","1","0","0","0","0","1","1","0"
"yp87bnk2ncxb9lc2o5syp87b5nlgfrje","36","35-39","Feminino","São Paulo (SP)","SP","Sudeste","","","","","","","","","","","","","","","","","","","","","","","","","","","","","","","",""
"ynplyz9fp68pn9v5d1vbbnf8ynplyz9f","39","35-39","Masculino","São Paulo (SP)","SP","Sudeste","","","","","","","","","","","","","","","","","","","","","","","","","","","","","","","",""
"jmi9fqggnewmrz1i0f2c2jmi9fqg9vgr","31","30-34","Masculino","São Paulo (SP)","SP","Sudeste","de R$ 3.001/mês a R$ 4.000/mês","Analista de Dados/Data Analyst","Júnior","Modelo 100% remoto","0","0","1","0","0","0","0","0","0","0","0","0","0","0","0","0","0","0","0","0","0","0","0","0","0","0","0","0"
"ynb2f2z6bo71wcyn19ntl3cw24kb9dcj","40","40-44","Masculino","Paraná (PR)","PR","Sul","","","","","","","","","","","","","","","","","","","","","","","","","","","","","","","",""
"pznaml3qqr45u0i0pznamquy5joy74ii","52","50-54","Masculino","Piauí (PI)","PI","Nordeste","de R$ 1.001/mês a R$ 2.000/mês","Desenvolvedor ou Engenheiro de Software","Pleno","Modelo 100% remoto","0","0","0","0","0","0","0","1","0","0","0","0","1","0","0","0","0","0","0","1","1","0","0","0","0","0","0","0"
"jj5tfcfdqb1jj5tfyaincnojpbcl1axz","25","25-29","Masculino","Minas Gerais (MG)","MG","Sudeste","de R$ 4.001/mês a R$ 6.000/mês","Engenheiro de Dados/Data Engineer","Pleno","Modelo 100% remoto","1","1","1","0","0","0","0","1","1","1","0","0","0","0","0","0","1","0","0","0","1","0","1","1","0","1","0","0"
"jifxj4ndgytnglwjifxgtocap7wnl91q","38","35-39","Masculino","São Paulo (SP)","SP","Sudeste","de R$ 8.001/mês a R$ 12.000/mês","Professor","Pleno","Modelo híbrido flexível (o funcionário tem liberdade para escolher quando estar no escritório presencialmente)","0","0","0","0","0","0","0","0","1","1","0","0","0","0","0","0","0","0","0","0","0","0","0","0","0","0","0","0"
"jh788pvht8udpxujh75eqg944dj56cgo","28","25-29","Masculino","São Paulo (SP)","SP","Sudeste","de R$ 12.001/mês a R$ 16.000/mês","Outro","Sênior","Modelo híbrido flexível (o funcionário tem liberdade para escolher quando estar no escritório presencialmente)","0","0","0","1","0","0","0","1","0","1","0","0","1","0","0","0","0","0","0","1","0","0","0","0","0","0","0","0"
"jgju9hqgcjmccrknyjgjuhoivovbw88s","30","30-34","Feminino","Rio de Janeiro (RJ)","RJ","Sudeste","Menos de R$ 1.000/mês","Analista de Dados/Data Analyst","Júnior","Modelo 100% remoto","0","0","1","0","0","0","0","0","0","0","0","0","0","0","0","0","0","0","0","0","1","0","0","0","0","0","0","0"
"ymzk9qykx29eqmi1gy50r3fbymzk9qy9","20","17-21","Masculino","Piauí (PI)","PI","Nordeste","","","","","","","","","","","","","","","","","","","","","","","","","","","","","","","",""
"dd3c1c7wlivm7dd3cpcwgu90jf0zckmo","22","22-24","Masculino","Mato Grosso (MT)","MT","Centro-oeste","de R$ 2.001/mês a R$ 3000/mês","Analista de BI/BI Analyst/Analytics Engineer","Júnior","Modelo 100% presencial","1","0","0","0","0","0","0","1","0","0","0","0","0","0","0","0","0","0","0","0","1","0","0","0","0","0","0","0"
"jefzhe4v1qegodo4hg2jefzh6b78wmcp","32","30-34","Masculino","Distrito Federal (DF)","DF","Centro-oeste","de R$ 12.001/mês a R$ 16.000/mês","Analista de BI/BI Analyst/Analytics Engineer","Sênior","Modelo 100% remoto","0","0","0","0","0","0","1","1","0","1","0","0","0","0","0","0","0","0","0","0","1","0","0","0","0","0","0","0"
"jdsatzrpkzzrl9yw8nr7jds9oxiujiec","28","25-29","Feminino","Santa Catarina (SC)","SC","Sul","de R$ 4.001/mês a R$ 6.000/mês","Estatístico","Júnior","Modelo híbrido flexível (o funcionário tem liberdade para escolher quando estar no escritório presencialmente)","0","0","0","0","0","1","0","1","1","1","0","0","0","0","1","0","0","0","0","0","1","0","0","0","0","0","0","0"
"jdptx8vhgw23jdpi8dbvwv2yf9ke31cd","26","25-29","Masculino","Rio de Janeiro (RJ)","RJ","Sudeste","de R$ 4.001/mês a R$ 6.000/mês","Cientista de Dados/Data Scientist","Júnior","Modelo 100% remoto","0","0","1","0","0","0","0","1","0","1","0","0","0","0","0","0","0","0","0","0","1","0","0","0","0","0","0","0"
"jdnvr5u45ljnzdcjdnrbydtng1lufnd9","33","30-34","Masculino","Rio de Janeiro (RJ)","RJ","Sudeste","de R$ 6.001/mês a R$ 8.000/mês","Analista de Dados/Data Analyst","Sênior","Modelo híbrido flexível (o funcionário tem liberdade para escolher quando estar no escritório presencialmente)","1","0","0","0","0","0","0","1","0","1","0","0","0","0","0","1","0","0","0","0","1","0","0","0","0","0","0","0"
"jcusdpv35njfyr068n6ojcusdpvczyw8","20","17-21","Masculino","Minas Gerais (MG)","MG","Sudeste","de R$ 2.001/mês a R$ 3000/mês","Estatístico","Júnior","Modelo híbrido com dias fixos de trabalho presencial","0","0","0","0","0","0","1","1","0","1","0","0","0","0","0","0","0","0","0","0","1","0","0","0","0","0","0","0"
"jce4ftl8kjirkgsjlskkjce4f7773ea5","25","25-29","Masculino","Rio Grande do Sul (RS)","RS","Sul","de R$ 8.001/mês a R$ 12.000/mês","Analista de BI/BI Analyst/Analytics Engineer","Pleno","Modelo 100% remoto","1","0","0","0","0","0","0","1","0","1","0","0","0","0","0","0","0","0","0","0","0","0","1","1","1","0","0","0"
"ymegn78gwcwljtavz10aoymegwpcdrjr","33","30-34","Masculino","Santa Catarina (SC)","SC","Sul","","","","","","","","","","","","","","","","","","","","","","","","","","","","","","","",""
"jaruw4c70sn7hm2jaru2lm5kfbcxe2gr","30","30-34","Masculino","Paraná (PR)","PR","Sul","de R$ 6.001/mês a R$ 8.000/mês","Analista de BI/BI Analyst/Analytics Engineer","Pleno","Modelo 100% presencial","1","0","0","0","0","0","0","1","0","1","0","0","0","0","0","0","0","0","0","0","1","0","0","0","0","0","0","0"
"w0atgi56lv3f2qw250q0w0atgi5q43mt","39","35-39","Masculino","Bahia (BA)","BA","Nordeste","de R$ 4.001/mês a R$ 6.000/mês","Engenheiro de Dados/Data Engineer","Júnior","Modelo 100% remoto","0","1","0","0","0","0","0","1","0","1","0","0","0","0","0","0","0","0","0","0","0","0","0","0","0","1","0","0"
"j9thl7mus4lp0onpyj9thlhhg72t04ag","33","30-34","Masculino","São Paulo (SP)","SP","Sudeste","de R$ 8.001/mês a R$ 12.000/mês","Outro","Sênior","Modelo 100% presencial","0","0","0","0","0","1","0","0","0","0","0","0","0","0","0","0","0","0","0","0","0","0","1","0","0","0","0","0"
"j9kgs6rrv6pcpy0cjj9kgstti8ynh9o0","22","22-24","Masculino","Paraná (PR)","PR","Sul","de R$ 12.001/mês a R$ 16.000/mês","Engenheiro de Dados/Data Engineer","Pleno","Modelo 100% remoto","1","0","0","0","0","0","0","1","0","1","0","0","0","0","0","0","1","0","0","0","1","0","0","0","0","0","0","0"
"j9j2c0ns9esamyleys6j9j2c0nd2eo9k","27","25-29","Masculino","Paraíba (PB)","PB","Nordeste","de R$ 8.001/mês a R$ 12.000/mês","Engenheiro de Dados/Data Engineer","Pleno","Modelo 100% remoto","1","1","1","0","0","0","0","1","0","1","0","0","0","0","0","0","0","0","0","0","0","0","0","0","0","1","0","0"
"j876s8mfgzqjob38pl0j876sojnenet7","29","25-29","Feminino","São Paulo (SP)","SP","Sudeste","de R$ 8.001/mês a R$ 12.000/mês","Analista de BI/BI Analyst/Analytics Engineer","Sênior","Modelo 100% remoto","1","0","0","0","0","0","0","1","0","1","0","0","0","0","0","0","0","0","0","0","0","0","0","1","1","0","0","0"
"j7zw1vbtykq6sh5z01q5ij7zw0swh8bf","26","25-29","Masculino","São Paulo (SP)","SP","Sudeste","de R$ 8.001/mês a R$ 12.000/mês","Analista de BI/BI Analyst/Analytics Engineer","Sênior","Modelo 100% remoto","1","1","0","0","0","0","0","1","0","1","0","0","0","0","0","0","0","0","0","0","1","0","1","0","0","0","0","0"
"j7naj3zgr69ytwpayws1j7nmmliiuehw","26","25-29","Masculino","São Paulo (SP)","SP","Sudeste","de R$ 2.001/mês a R$ 3000/mês","Outro","Júnior","Modelo 100% presencial","0","0","0","0","0","0","1","0","0","0","0","0","0","0","0","0","0","0","0","0","1","0","0","0","0","0","1","0"
"vxyjqf68105iselmunyvxyjla8onduqf","34","30-34","Masculino","Bahia (BA)","BA","Nordeste","de R$ 3.001/mês a R$ 4.000/mês","Desenvolvedor ou Engenheiro de Software","Júnior","Modelo 100% remoto","1","0","1","0","0","0","0","1","0","1","0","0","1","0","0","0","0","0","0","1","1","1","0","0","0","0","0","0"
"yiu4suhu6zzu0zxiyi8rfznq6g4zk3wy","21","17-21","Feminino","Rio de Janeiro (RJ)","RJ","Sudeste","","","","","","","","","","","","","","","","","","","","","","","","","","","","","","","",""
"j6l3mnzk2j7kyh48j6l40cjkmfs09vvq","37","35-39","Masculino","Paraná (PR)","PR","Sul","de R$ 6.001/mês a R$ 8.000/mês","Analista de BI/BI Analyst/Analytics Engineer","Pleno","Modelo 100% remoto","0","0","1","0","0","0","0","1","0","0","0","0","0","0","0","0","0","0","0","0","1","0","0","0","0","1","0","0"
"vwzyyvgeh1f65w0ob6xuutonvwzyyvge","33","30-34","Masculino","Bahia (BA)","BA","Nordeste","de R$ 3.001/mês a R$ 4.000/mês","Técnico","Pleno","Modelo 100% presencial","0","0","1","0","0","0","0","1","0","1","0","0","0","0","0","0","0","0","0","0","1","0","0","0","0","0","1","0"
"j5g00jj8ywhbznewj6j5g00jj83srtzw","38","35-39","Masculino","Distrito Federal (DF)","DF","Centro-oeste","de R$ 8.001/mês a R$ 12.000/mês","Cientista de Dados/Data Scientist","Júnior","Modelo 100% remoto","0","0","0","0","0","0","1","1","0","1","0","0","0","0","0","0","0","0","0","0","1","0","0","0","0","0","0","0"
"yahimiclbey1rbzxyahij106fa5q1drp","22","22-24","Masculino","São Paulo (SP)","SP","Sudeste","","","","","","","","","","","","","","","","","","","","","","","","","","","","","","","",""
"j3v8nfacj6yi5sx5hqagnodj3v8nfzks","27","25-29","Masculino","São Paulo (SP)","SP","Sudeste","de R$ 2.001/mês a R$ 3000/mês","Analista de BI/BI Analyst/Analytics Engineer","Júnior","Modelo 100% remoto","1","0","0","0","0","0","0","0","0","0","0","0","0","0","0","1","0","0","0","0","0","0","1","0","0","0","0","0"
"j3r54ug3m0f3934pnrj3r5glriimw3qf","20","17-21","Masculino","Espírito Santo (ES)","ES","Sudeste","de R$ 12.001/mês a R$ 16.000/mês","Engenheiro de Dados/Data Engineer","Pleno","Modelo 100% remoto","1","0","0","0","0","0","0","1","0","1","0","0","0","0","0","0","1","0","0","0","1","0","1","0","0","0","0","0"
"j3j09klpavsf9rt3pe398s8j3j09kl87","35","35-39","Masculino","Paraná (PR)","PR","Sul","de R$ 8.001/mês a R$ 12.000/mês","Analista de Dados/Data Analyst","Sênior","Modelo híbrido flexível (o funcionário tem liberdade para escolher quando estar no escritório presencialmente)","0","0","1","0","0","0","0","1","0","1","0","0","0","0","0","0","0","0","0","0","1","0","1","0","0","0","0","0"
"y443abk6bwie2y4q2cntoqoo08emjx3x","18","17-21","Masculino","Paraíba (PB)","PB","Nordeste","","","","","","","","","","","","","","","","","","","","","","","","","","","","","","","",""
"j2nnseq3q661ph3678j2nnwhqccq8443","27","25-29","Masculino","Rio de Janeiro (RJ)","RJ","Sudeste","de R$ 4.001/mês a R$ 6.000/mês","Analista de BI/BI Analyst/Analytics Engineer","Pleno","Modelo 100% remoto","1","0","0","0","0","0","0","1","0","1","0","0","0","0","0","0","0","0","0","0","0","0","0","1","0","1","0","0"
"j2bza95ytw97bj217grwzopmstyr2v5s","29","25-29","Masculino","Rio de Janeiro (RJ)","RJ","Sudeste","de R$ 8.001/mês a R$ 12.000/mês","Engenheiro de Machine Learning/ML Engineer","Sênior","Modelo híbrido flexível (o funcionário tem liberdade para escolher quando estar no escritório presencialmente)","1","1","0","0","0","0","0","0","0","1","0","0","0","0","0","0","0","0","0","0","0","0","0","0","0","0","0","1"
"j29us2dws6dt1pkw7c5o3j29us2dw2lo","23","22-24","Masculino","Minas Gerais (MG)","MG","Sudeste","de R$ 4.001/mês a R$ 6.000/mês","Analista de Dados/Data Analyst","Pleno","Modelo híbrido flexível (o funcionário tem liberdade para escolher quando estar no escritório presencialmente)","0","0","0","0","0","1","0","1","1","1","0","0","0","0","1","0","0","0","0","0","1","0","0","0","0","0","0","0"
"j21w6sq2oq4dgceo9zj21w6sx9vbs2ii","22","22-24","Feminino","Rio de Janeiro (RJ)","RJ","Sudeste","de R$ 4.001/mês a R$ 6.000/mês","Analista de Dados/Data Analyst","Pleno","Modelo 100% remoto","0","1","0","0","0","0","0","1","0","1","0","0","0","0","0","0","0","0","0","0","0","0","1","0","0","0","0","0"
"j0ds13hjvklrzb3tj0ds13vqryaz9ec2","29","25-29","Masculino","Rio Grande do Sul (RS)","RS","Sul","de R$ 2.001/mês a R$ 3000/mês","Suporte Técnico","Pleno","Modelo 100% remoto","0","0","0","0","0","1","0","0","0","0","0","0","0","0","0","0","0","0","0","0","1","0","0","0","0","0","1","0"
"iyxzfv3b3icolayv4kqptiyxzfv343tq","28","25-29","Masculino","Minas Gerais (MG)","MG","Sudeste","de R$ 6.001/mês a R$ 8.000/mês","Cientista de Dados/Data Scientist","Pleno","Modelo híbrido flexível (o funcionário tem liberdade para escolher quando estar no escritório presencialmente)","1","0","0","0","1","0","0","1","0","1","0","0","0","0","0","0","0","0","0","0","0","0","1","0","0","0","0","0"
"xwk7i9smkvljovhlwxwk7i89y8eiwqug","34","30-34","Feminino","Santa Catarina (SC)","SC","Sul","","","","","","","","","","","","","","","","","","","","","","","","","","","","","","","",""
"xvzfqyw96x4nch91dxvzfqmaz9qvmfti","40","40-44","Masculino","Espírito Santo (ES)","ES","Sudeste","","","","","","","","","","","","","","","","","","","","","","","","","","","","","","","",""
"xiq66lxtr41llyqi8ixiq66l0st59zfz","33","30-34","Masculino","Distrito Federal (DF)","DF","Centro-oeste","","","","","","","","","","","","","","","","","","","","","","","","","","","","","","","",""
"iw92bgxw7wnluhtlfdu9iw92big5en4v","27","25-29","Masculino","Rio de Janeiro (RJ)","RJ","Sudeste","de R$ 8.001/mês a R$ 12.000/mês","Analista de BI/BI Analyst/Analytics Engineer","Pleno","Modelo 100% remoto","1","1","0","0","0","0","0","0","0","1","0","0","0","0","0","0","1","0","0","0","0","0","0","0","1","0","0","0"
"x72kiqmi86hr6awg8o8x72ku32ddzwwl","37","35-39","Masculino","Rio de Janeiro (RJ)","RJ","Sudeste","","","","","","","","","","","","","","","","","","","","","","","","","","","","","","","",""
"ivlqq69c3v0breh8pivlcjn0vgkvzh6q","32","30-34","Masculino","São Paulo (SP)","SP","Sudeste","de R$ 16.001/mês a R$ 20.000/mês","Engenheiro de Dados/Data Engineer","Sênior","Modelo 100% remoto","1","0","0","0","0","0","0","1","0","1","0","0","0","0","0","0","0","0","0","0","0","0","0","1","1","0","0","0"
"ivextum28kfro26psoaivexpf3s2mhzj","25","25-29","Feminino","São Paulo (SP)","SP","Sudeste","de R$ 8.001/mês a R$ 12.000/mês","Cientista de Dados/Data Scientist","Sênior","Modelo 100% remoto","1","0","0","0","0","0","0","1","0","1","0","0","0","0","0","0","0","0","0","0","0","0","0","0","0","0","1","1"
"oyn7wtde6gsh8rflynoyn7wcl6qigavk","39","35-39","Masculino","Ceará (CE)","CE","Nordeste","","","","","","","","","","","","","","","","","","","","","","","","","","","","","","","",""
"iur8nc6s5astx4svqyiur8ycm9vg1kxo","43","40-44","Masculino","Rio de Janeiro (RJ)","RJ","Sudeste","de R$ 8.001/mês a R$ 12.000/mês","Analista de BI/BI Analyst/Analytics Engineer","Sênior","Modelo híbrido com dias fixos de trabalho presencial","0","0","0","0","0","1","0","1","0","1","0","0","0","0","0","1","0","0","0","0","0","0","0","0","0","0","1","0"
"iukw30mppw885xacbd3yiniukw30m80u","24","22-24","Masculino","Santa Catarina (SC)","SC","Sul","de R$ 3.001/mês a R$ 4.000/mês","Analista de BI/BI Analyst/Analytics Engineer","Pleno","Modelo híbrido com dias fixos de trabalho presencial","0","0","0","0","0","1","0","1","0","0","0","0","0","0","0","1","0","0","0","0","1","0","0","0","0","0","0","0"
"itf7uub59bdgfvffitf7uupv69gyltv5","27","25-29","Masculino","Pernambuco (PE)","PE","Nordeste","de R$ 6.001/mês a R$ 8.000/mês","Cientista de Dados/Data Scientist","Pleno","Modelo 100% remoto","1","0","1","0","0","0","0","0","0","1","0","0","0","0","0","0","0","0","0","0","1","0","0","0","0","0","0","0"
"it0zulo61pzp0r6bycit0zo1451r3yo3","34","30-34","Masculino","São Paulo (SP)","SP","Sudeste","de R$ 4.001/mês a R$ 6.000/mês","Desenvolvedor ou Engenheiro de Software","Júnior","Modelo 100% remoto","0","0","1","0","0","0","0","1","0","1","0","0","1","0","0","0","0","0","0","1","1","0","0","0","0","0","0","0"
"wyuz08ta5eyl24vwyuzd2yk714nkwfph","22","22-24","Masculino","São Paulo (SP)","SP","Sudeste","","","","","","","","","","","","","","","","","","","","","","","","","","","","","","","",""
"isgfvhd5dv2x7qovotcisgfvojh8sgle","32","30-34","Masculino","Rio de Janeiro (RJ)","RJ","Sudeste","de R$ 1.001/mês a R$ 2.000/mês","Desenvolvedor ou Engenheiro de Software","Pleno","Modelo 100% presencial","0","0","0","0","0","1","0","0","0","0","0","0","0","0","0","0","0","0","0","0","0","0","0","0","0","0","0","1"
"iqteq25yps1wscbe93iqteq29ze3a0u0","20","17-21","Masculino","Minas Gerais (MG)","MG","Sudeste","de R$ 2.001/mês a R$ 3000/mês","Analista de Dados/Data Analyst","Júnior","Modelo híbrido com dias fixos de trabalho presencial","0","0","1","0","0","0","0","0","1","0","0","0","0","0","0","0","0","0","0","0","1","0","0","0","0","0","0","0"
"urswttkkns9f5byksw92urswtesuj85j","28","25-29","Masculino","Bahia (BA)","BA","Nordeste","de R$ 4.001/mês a R$ 6.000/mês","Analista de BI/BI Analyst/Analytics Engineer","Pleno","Modelo 100% remoto","0","1","0","0","0","0","0","1","0","0","0","0","0","0","0","0","0","0","0","0","1","0","0","0","0","1","0","0"
"iqhj9pq4x4jaflt2oiqhj9zyyybn3yo1","25","25-29","Masculino","São Paulo (SP)","SP","Sudeste","de R$ 8.001/mês a R$ 12.000/mês","Cientista de Dados/Data Scientist","Pleno","Modelo 100% remoto","1","0","0","0","0","0","0","1","0","1","0","0","0","0","0","0","0","0","0","0","0","0","0","1","0","0","0","0"
"int8yyw11w0yg89wg7int8ano1502v08","33","30-34","Masculino","São Paulo (SP)","SP","Sudeste","de R$ 12.001/mês a R$ 16.000/mês","Analista de Dados/Data Analyst","Sênior","Modelo 100% remoto","0","0","0","0","0","1","0","1","1","1","0","0","0","0","1","0","0","0","0","0","1","0","1","0","0","0","0","0"
"inea8x0308ucqzinea0knoxrud2slejk","23","22-24","Masculino","São Paulo (SP)","SP","Sudeste","de R$ 2.001/mês a R$ 3000/mês","Engenheiro de Dados/Data Engineer","Júnior","Modelo 100% remoto","0","1","0","0","0","0","0","1","0","1","0","0","0","0","0","0","0","0","0","0","0","0","0","0","0","0","0","1"
"wuih55wa7o3px99gelnwuih55kz2x4wy","22","22-24","Masculino","Mato Grosso (MT)","MT","Centro-oeste","","","","","","","","","","","","","","","","","","","","","","","","","","","","","","","",""
"wty09bt0m7emmscsgnv1wty09vw89vjv","25","25-29","Feminino","São Paulo (SP)","SP","Sudeste","","","","","","","","","","","","","","","","","","","","","","","","","","","","","","","",""
"ikmfgo0pt21ahr18ofl6ikmfghsjaqyw","23","22-24","Masculino","Espírito Santo (ES)","ES","Sudeste","de R$ 3.001/mês a R$ 4.000/mês","Analista de Dados/Data Analyst","Júnior","Modelo híbrido flexível (o funcionário tem liberdade para escolher quando estar no escritório presencialmente)","1","0","0","0","0","0","0","1","0","1","0","0","0","0","0","0","0","0","0","0","0","0","1","0","0","0","0","0"
"ij0287f2lt8vzenxuxc6ij0287padtpr","38","35-39","Masculino","São Paulo (SP)","SP","Sudeste","de R$ 16.001/mês a R$ 20.000/mês","Cientista de Dados/Data Scientist","Sênior","Modelo 100% remoto","1","1","0","0","0","0","0","1","0","1","0","0","0","0","0","0","0","0","0","0","0","0","0","0","0","0","0","0"
"ou7oaocx23f4nl4pvmng6wou7oaocxr4","23","22-24","Masculino","Ceará (CE)","CE","Nordeste","","","","","","","","","","","","","","","","","","","","","","","","","","","","","","","",""
"ihv0yifffjn161sihv0yifbb0ak7acv0","26","25-29","Masculino","Minas Gerais (MG)","MG","Sudeste","Menos de R$ 1.000/mês","Cientista de Dados/Data Scientist","Júnior","Modelo híbrido flexível (o funcionário tem liberdade para escolher quando estar no escritório presencialmente)","1","0","0","0","0","0","0","1","0","1","0","0","1","0","0","0","0","0","0","1","1","0","0","0","0","1","0","0"
"wnmg2eixzznaut1wnmg2sykc2t2efeqe","21","17-21","Outro","São Paulo (SP)","SP","Sudeste","","","","","","","","","","","","","","","","","","","","","","","","","","","","","","","",""
"ig4f9znlijs7zlrfj18l3vtig4f9uo3w","28","25-29","Masculino","Paraíba (PB)","PB","Nordeste","de R$ 4.001/mês a R$ 6.000/mês","Analista de BI/BI Analyst/Analytics Engineer","Júnior","Modelo 100% remoto","0","1","0","0","0","0","0","1","0","1","0","0","0","0","0","0","0","0","0","0","1","0","1","0","0","1","0","0"
"ig2vufb5pl3dr5r02rig2vsakzo4xl94","30","30-34","Masculino","São Paulo (SP)","SP","Sudeste","de R$ 12.001/mês a R$ 16.000/mês","Cientista de Dados/Data Scientist","Sênior","Modelo 100% remoto","0","0","0","0","0","1","1","1","1","1","0","0","0","0","0","0","0","0","0","0","0","0","0","0","0","0","0","0"
"ig20pgg1s6nrovrbtqig20zgk4mi8xtp","24","22-24","Feminino","Paraíba (PB)","PB","Nordeste","de R$ 1.001/mês a R$ 2.000/mês","Analista de Dados/Data Analyst","Júnior","Modelo 100% remoto","0","0","0","0","1","0","0","1","1","1","0","0","0","0","0","0","0","1","0","0","1","0","1","0","0","0","0","0"
"ifxigsoxhlbenfjiifxgeg8ztbzs29pa","28","25-29","Masculino","Rio Grande do Sul (RS)","RS","Sul","de R$ 4.001/mês a R$ 6.000/mês","Engenheiro de Dados/Data Engineer","Júnior","Modelo 100% remoto","1","1","1","0","0","0","0","1","0","1","0","0","0","0","0","0","0","0","0","0","0","0","0","0","0","0","0","0"
"wh2fl2h0vcqj28tayxiwh2flgknxv2je","19","17-21","Masculino","São Paulo (SP)","SP","Sudeste","","","","","","","","","","","","","","","","","","","","","","","","","","","","","","","",""
"ibr68p0bs98fphpibr6t531qklyiuu69","24","22-24","Masculino","Rio Grande do Sul (RS)","RS","Sul","de R$ 1.001/mês a R$ 2.000/mês","Analista de Dados/Data Analyst","Júnior","Modelo 100% remoto","1","0","0","0","0","0","0","1","0","1","0","0","0","0","0","0","0","0","0","0","0","0","0","0","0","1","0","0"
"wggzmxf6tmqaa6v1prk0vowggzmxf58n","22","22-24","Feminino","Piauí (PI)","PI","Nordeste","","","","","","","","","","","","","","","","","","","","","","","","","","","","","","","",""
"w9udtvmfkz8rwv2glw9udtazabimizfj","33","30-34","Masculino","São Paulo (SP)","SP","Sudeste","","","","","","","","","","","","","","","","","","","","","","","","","","","","","","","",""
"ib4yv6xzht3ypvs4cib4yv6cv0fs4v57","31","30-34","Masculino","Santa Catarina (SC)","SC","Sul","de R$ 4.001/mês a R$ 6.000/mês","Analista de Negócios/Business Analyst","Pleno","Modelo híbrido flexível (o funcionário tem liberdade para escolher quando estar no escritório presencialmente)","0","0","0","0","0","1","0","1","0","1","0","0","0","0","0","0","0","0","0","0","0","0","0","1","0","1","0","0"
"iam516rtw5ic7k53r4ciam52t06oeb3b","25","25-29","Masculino","São Paulo (SP)","SP","Sudeste","de R$ 1.001/mês a R$ 2.000/mês","Cientista de Dados/Data Scientist","Júnior","Modelo 100% remoto","0","0","1","0","0","0","0","0","1","1","0","0","0","0","0","0","0","0","0","0","0","0","0","0","0","0","0","1"
"i9r5qh8dt7ohozsei9rcpa7if2zobux6","24","22-24","Masculino","Paraná (PR)","PR","Sul","de R$ 8.001/mês a R$ 12.000/mês","Cientista de Dados/Data Scientist","Pleno","Modelo 100% remoto","1","0","0","0","0","0","0","1","1","1","0","0","0","0","0","0","0","0","0","0","0","0","1","0","0","0","0","0"
"i8vt4oqk5npvsc1nko2usi8vtn89rozj","31","30-34","Feminino","São Paulo (SP)","SP","Sudeste","de R$ 4.001/mês a R$ 6.000/mês","Analista de Negócios/Business Analyst","Sênior","Modelo híbrido com dias fixos de trabalho presencial","1","0","0","0","0","0","0","0","0","0","0","0","0","0","0","0","0","0","0","0","0","0","1","0","0","0","1","0"
"i8akjizahx2vyvxi8akjqxxkjezjmupr","42","40-44","Masculino","Distrito Federal (DF)","DF","Centro-oeste","de R$ 12.001/mês a R$ 16.000/mês","Engenheiro de Dados/Data Engineer","Sênior","Modelo 100% remoto","1","0","0","0","0","0","0","1","0","1","0","0","0","0","1","0","0","0","0","0","1","0","0","0","0","0","0","0"
"i83d3avqgwx8rxa0bdi83d3nu0fcgu54","34","30-34","Masculino","São Paulo (SP)","SP","Sudeste","de R$ 2.001/mês a R$ 3000/mês","Analista de BI/BI Analyst/Analytics Engineer","Júnior","Modelo 100% presencial","0","0","0","0","0","1","0","1","0","1","0","0","0","0","0","0","0","0","0","0","1","0","0","0","0","0","0","0"
"i7zu4kpi90jy4mg6jnioi7zu4gwugg8d","31","30-34","Masculino","Rio de Janeiro (RJ)","RJ","Sudeste","de R$ 8.001/mês a R$ 12.000/mês","Cientista de Dados/Data Scientist","Pleno","Modelo 100% remoto","0","0","1","0","0","0","0","0","0","1","0","0","0","0","0","0","0","0","0","0","1","0","0","0","0","0","0","0"
"w3owmb4yqhetfoiinw3owmb6w2fis9aj","29","25-29","Masculino","São Paulo (SP)","SP","Sudeste","","","","","","","","","","","","","","","","","","","","","","","","","","","","","","","",""
"i7skzass6jrt24iss3rli7skzawrbnth","31","30-34","Feminino","Paraná (PR)","PR","Sul","de R$ 8.001/mês a R$ 12.000/mês","Cientista de Dados/Data Scientist","Pleno","Modelo 100% remoto","1","0","1","0","0","0","0","1","0","1","0","0","0","0","0","0","0","0","0","0","1","0","0","0","0","1","0","0"
"w0ku14g1bbs1vvywdftw0ku10pdtp3ma","47","45-49","Masculino","Rio Grande do Sul (RS)","RS","Sul","","","","","","","","","","","","","","","","","","","","","","","","","","","","","","","",""
"i70nqmslhriujdesl863pi70nqijr3sg","23","22-24","Masculino","São Paulo (SP)","SP","Sudeste","de R$ 20.001/mês a R$ 25.000/mês","Engenheiro de Dados/Data Engineer","Júnior","Modelo 100% remoto","1","1","0","0","0","0","0","1","0","1","0","0","1","0","1","0","0","0","0","1","0","0","1","0","1","0","0","0"
"i6kz2ztpx31eslb6oi6kz2odzl2p93zn","28","25-29","Feminino","São Paulo (SP)","SP","Sudeste","de R$ 4.001/mês a R$ 6.000/mês","Analista de Dados/Data Analyst","Pleno","Modelo 100% remoto","1","0","1","0","0","0","0","1","0","1","0","0","0","0","0","0","0","0","0","0","0","0","1","1","1","0","0","0"
"i6dvq6ben736q3emip9i6dvfdee4jqwn","22","22-24","Feminino","Rio Grande do Norte (RN)","RN","Nordeste","de R$ 1.001/mês a R$ 2.000/mês","Estatístico","Júnior","Modelo híbrido com dias fixos de trabalho presencial","0","0","0","0","0","1","0","0","1","0","0","0","0","0","0","0","0","0","0","0","1","0","0","0","0","0","0","0"
"oq6p42paew81t6azoq6p4m9llehts0pz","45","45-49","Masculino","Ceará (CE)","CE","Nordeste","","","","","","","","","","","","","","","","","","","","","","","","","","","","","","","",""
"nqvc6nim3d7stvhj8sjnqvc6xssx85n7","40","40-44","Feminino","Ceará (CE)","CE","Nordeste","","","","","","","","","","","","","","","","","","","","","","","","","","","","","","","",""
"i4pc00tqpxifcsurz3huo7qki4pc00r6","31","30-34","Masculino","São Paulo (SP)","SP","Sudeste","de R$ 6.001/mês a R$ 8.000/mês","Engenheiro de Dados/Data Engineer","Pleno","Modelo 100% remoto","1","1","0","0","0","0","0","1","0","1","0","0","0","0","0","0","0","0","0","0","1","0","0","1","0","0","0","0"
"i4l6eh6drceofzrop45i4l6eh65h8bho","30","30-34","Feminino","São Paulo (SP)","SP","Sudeste","de R$ 3.001/mês a R$ 4.000/mês","Outro","Pleno","Modelo 100% remoto","0","1","0","0","0","0","0","1","0","0","0","0","0","0","0","0","0","0","0","0","0","0","0","0","0","1","0","0"
"i37kgyb486e8ypkuy7bqj0ni37kgyb49","40","40-44","Masculino","","","Norte","de R$ 12.001/mês a R$ 16.000/mês","Analista de Dados/Data Analyst","Júnior","Modelo 100% remoto","0","1","0","0","0","0","0","1","1","0","0","0","1","0","0","0","0","0","0","1","1","0","0","0","0","0","0","0"
"i300dj9bd9enhgoii300djpx8udjk76s","32","30-34","Feminino","São Paulo (SP)","SP","Sudeste","de R$ 12.001/mês a R$ 16.000/mês","Cientista de Dados/Data Scientist","Sênior","Modelo 100% remoto","0","0","1","0","0","0","0","1","0","1","0","0","0","0","0","0","0","0","0","0","1","0","0","0","0","0","0","0"
"i2nd8ldg2mblkbqtxjxi2ndkscmotjmu","31","30-34","Feminino","São Paulo (SP)","SP","Sudeste","de R$ 8.001/mês a R$ 12.000/mês","Analista de Dados/Data Analyst","Sênior","Modelo 100% remoto","0","1","0","0","0","0","0","1","0","0","0","0","0","0","0","0","0","0","0","0","0","0","0","0","0","1","0","0"
"i27v96rs72bot0skx2i27v96rqpxee21","25","25-29","Feminino","São Paulo (SP)","SP","Sudeste","de R$ 6.001/mês a R$ 8.000/mês","Analista de Negócios/Business Analyst","Pleno","Modelo 100% remoto","0","0","0","0","0","1","0","0","0","0","0","0","0","0","0","1","0","0","0","0","0","0","1","0","0","0","0","0"
"i1sfc30jycqodatj9i1sfc3g42ols80x","24","22-24","Masculino","Rio de Janeiro (RJ)","RJ","Sudeste","de R$ 1.001/mês a R$ 2.000/mês","Engenheiro de Dados/Data Engineer","Júnior","Modelo 100% remoto","1","0","0","0","0","1","0","1","0","0","0","0","0","0","0","0","0","0","0","0","1","0","0","0","0","0","0","0"
"i11sncemauce4vfln1m1a1ni11sn4vpi","29","25-29","Masculino","São Paulo (SP)","SP","Sudeste","de R$ 12.001/mês a R$ 16.000/mês","Cientista de Dados/Data Scientist","Sênior","Modelo 100% remoto","0","0","0","0","0","1","0","1","0","1","0","0","0","0","0","0","0","0","0","0","0","0","1","0","0","0","0","0"
"vqt6k7evv10l60j8jvqt6k7xftpebc0i","38","35-39","Masculino","Rio Grande do Sul (RS)","RS","Sul","","","","","","","","","","","","","","","","","","","","","","","","","","","","","","","",""
"hzt7zuu9uxbydg4rb97xq07ij4co10yd","39","35-39","Masculino","Paraná (PR)","PR","Sul","de R$ 1.001/mês a R$ 2.000/mês","Analista de BI/BI Analyst/Analytics Engineer","Júnior","Modelo 100% remoto","0","1","0","0","0","0","0","0","0","0","0","0","1","0","0","0","0","0","0","1","0","1","0","0","0","1","0","0"
"hz6431gde9qy479t5hz6431hrsgju09s","25","25-29","Masculino","Rio de Janeiro (RJ)","RJ","Sudeste","Menos de R$ 1.000/mês","Analista de Dados/Data Analyst","Pleno","Modelo 100% remoto","0","0","1","0","0","0","0","0","1","1","0","0","0","0","0","0","0","0","0","0","1","0","1","0","0","0","0","0"
"hyy0i6gwjop2srk8hyy05f1f78l1wtsi","41","40-44","Masculino","Distrito Federal (DF)","DF","Centro-oeste","de R$ 8.001/mês a R$ 12.000/mês","Outro","Pleno","Modelo 100% presencial","0","0","1","0","0","0","0","1","0","0","0","0","0","0","1","0","0","0","0","0","1","0","1","0","0","0","0","0"
"hysbbmgvu18jh8atu56crhumqp9c6cwc","31","30-34","Masculino","São Paulo (SP)","SP","Sudeste","de R$ 6.001/mês a R$ 8.000/mês","Cientista de Dados/Data Scientist","Pleno","Modelo 100% remoto","0","0","0","0","0","0","1","1","1","1","0","0","0","0","1","0","0","0","0","0","1","0","0","0","0","0","0","0"
"hy4uje4b9iicqi6khy4adgljjru5aq8q","30","30-34","Feminino","Rio de Janeiro (RJ)","RJ","Sudeste","de R$ 4.001/mês a R$ 6.000/mês","Analista de BI/BI Analyst/Analytics Engineer","Júnior","Modelo 100% remoto","1","0","0","0","0","0","0","1","0","0","0","0","0","0","0","0","0","0","0","0","1","0","1","0","0","1","0","0"
"hxq2zzq6dkqgqp0oilhxq2z1r0nb5kkq","30","30-34","Masculino","São Paulo (SP)","SP","Sudeste","de R$ 4.001/mês a R$ 6.000/mês","Analista de Dados/Data Analyst","Pleno","Modelo híbrido com dias fixos de trabalho presencial","0","1","0","0","0","0","0","1","0","1","0","0","0","0","0","0","0","0","0","0","1","0","0","0","0","0","1","0"
"hwtsf7mbcm5qbzdizphnghwtsf7m2wci","29","25-29","Feminino","Rio Grande do Sul (RS)","RS","Sul","de R$ 4.001/mês a R$ 6.000/mês","Analista de Dados/Data Analyst","Pleno","Modelo 100% remoto","0","0","0","0","0","0","1","1","0","0","0","0","0","0","0","0","0","0","0","0","1","1","0","0","0","0","0","0"
"hwob81ic88njg5mphwo3l4uwy9wirsek","33","30-34","Masculino","Rio de Janeiro (RJ)","RJ","Sudeste","de R$ 2.001/mês a R$ 3000/mês","Analista de BI/BI Analyst/Analytics Engineer","Júnior","Modelo 100% remoto","0","0","0","0","0","1","0","0","0","0","0","0","0","0","0","0","0","0","0","0","0","0","0","0","0","0","1","0"
"hvtqceh0xi0shvtqlzqdp5sg7zpz4ndd","32","30-34","Feminino","São Paulo (SP)","SP","Sudeste","de R$ 12.001/mês a R$ 16.000/mês","Cientista de Dados/Data Scientist","Sênior","Modelo 100% remoto","1","1","1","0","0","0","0","1","0","1","0","0","0","0","1","0","0","0","0","0","1","0","0","0","0","1","0","0"
"hvesqlilx6bgwthcnhvesqlhxg9f8lk3","32","30-34","Masculino","Minas Gerais (MG)","MG","Sudeste","de R$ 3.001/mês a R$ 4.000/mês","Engenheiro de Dados/Data Engineer","Júnior","Modelo 100% remoto","0","1","0","0","0","0","0","1","0","1","0","0","1","0","0","0","0","0","0","0","0","0","0","1","0","0","0","0"
"hv3p7my9z6oqxlhwhv3p7m1jxxtdsjd1","34","30-34","Masculino","Paraíba (PB)","PB","Nordeste","de R$ 12.001/mês a R$ 16.000/mês","Engenheiro de Machine Learning/ML Engineer","Sênior","Modelo 100% remoto","0","0","0","0","0","1","0","1","0","1","0","0","0","0","0","0","0","0","0","0","1","1","0","0","0","0","0","0"
"htxka11fxv9pf5nra7o0htxka11fs72t","25","25-29","Masculino","São Paulo (SP)","SP","Sudeste","de R$ 4.001/mês a R$ 6.000/mês","Engenheiro de Dados/Data Engineer","Júnior","Modelo híbrido com dias fixos de trabalho presencial","0","0","1","0","0","0","0","1","0","1","1","0","1","0","0","0","1","0","0","1","0","0","0","0","0","0","0","0"
"htv3fqgsa9h3o357uqrkhhtv3zhut09e","36","35-39","Masculino","Goiás (GO)","GO","Centro-oeste","de R$ 8.001/mês a R$ 12.000/mês","Engenheiro de Dados/Data Engineer","Sênior","Modelo 100% remoto","0","0","0","0","0","1","0","1","0","1","0","0","0","0","1","0","0","0","0","0","0","1","0","0","0","0","0","0"
"hsfmx5l3h50e1s16wr9zzhsfmx5l73sa","31","30-34","Masculino","São Paulo (SP)","SP","Sudeste","de R$ 8.001/mês a R$ 12.000/mês","Engenheiro de Dados/Data Engineer","Pleno","Modelo 100% remoto","1","1","0","0","0","0","0","1","0","1","0","0","0","0","0","0","0","0","0","0","1","0","0","1","0","0","0","0"
"hrp7zxmj9sc8bkp05en06hrp7z6ifpg3","34","30-34","Masculino","Santa Catarina (SC)","SC","Sul","de R$ 6.001/mês a R$ 8.000/mês","","","Modelo 100% remoto","","","","","","","","","","","","","","","","","","","","","","","","","","","",""
"hrdd5w3nrp8fz2ffhrddf3ycln7eofs7","36","35-39","Masculino","Rio de Janeiro (RJ)","RJ","Sudeste","de R$ 4.001/mês a R$ 6.000/mês","Analista de BI/BI Analyst/Analytics Engineer","Pleno","Modelo híbrido com dias fixos de trabalho presencial","0","0","0","1","0","1","1","1","0","0","0","0","0","0","0","1","0","0","0","0","0","0","1","0","0","0","0","0"
"hr15cdm527dqzqd9akp4r3xhr15cdkfq","27","25-29","Feminino","Rio Grande do Sul (RS)","RS","Sul","de R$ 8.001/mês a R$ 12.000/mês","Analista de Negócios/Business Analyst","Sênior","Modelo 100% remoto","1","0","0","0","0","1","0","1","0","0","0","0","0","0","0","0","0","0","0","0","1","0","0","1","0","0","0","0"
"hqva5lxi6is1nkwsce2smhhqva5lxi4r","23","22-24","Feminino","São Paulo (SP)","SP","Sudeste","de R$ 2.001/mês a R$ 3000/mês","Analista de BI/BI Analyst/Analytics Engineer","Júnior","Modelo 100% remoto","1","0","0","0","0","0","0","1","0","1","0","0","0","0","0","0","0","0","0","0","0","0","0","0","0","0","0","0"
"v9uz41lxrr6cv9cpob01b7d9b62jcp9s","31","30-34","Masculino","Pernambuco (PE)","PE","Nordeste","","","","","","","","","","","","","","","","","","","","","","","","","","","","","","","",""
"v7czevgvwgugl6tqa2q5qv7czev9u5ka","27","25-29","Masculino","Pernambuco (PE)","PE","Nordeste","","","","","","","","","","","","","","","","","","","","","","","","","","","","","","","",""
"v70e4wmj7dd32fv70i2ec3tfv6j4bjm6","32","30-34","Feminino","Minas Gerais (MG)","MG","Sudeste","","","","","","","","","","","","","","","","","","","","","","","","","","","","","","","",""
"uzzdi2mfkhexpsadd61m2euzzdi2w59j","35","35-39","Masculino","Fora do Brasil","Exterior","Exterior","","","","","","","","","","","","","","","","","","","","","","","","","","","","","","","",""
"hoqd862wmwfkdlfx5hoqd8dmdz4nbcua","36","35-39","Masculino","Rio de Janeiro (RJ)","RJ","Sudeste","de R$ 4.001/mês a R$ 6.000/mês","Analista de Dados/Data Analyst","Sênior","Modelo 100% remoto","0","0","0","1","0","0","0","1","0","0","0","0","0","0","0","0","0","0","0","0","1","0","0","0","0","0","0","0"
"uudawtrr2heuncruudaeerpf2ys34xxz","25","25-29","Masculino","Rio Grande do Sul (RS)","RS","Sul","","","","","","","","","","","","","","","","","","","","","","","","","","","","","","","",""
"hn7yik76f0o1imbhn7yij070lyaawmty","26","25-29","Feminino","Paraná (PR)","PR","Sul","de R$ 4.001/mês a R$ 6.000/mês","Analista de Dados/Data Analyst","Júnior","Modelo 100% remoto","0","1","0","0","0","0","0","1","0","0","0","0","0","0","0","0","0","0","0","0","1","0","0","0","0","1","0","0"
"ut3hgakxoqpa97gqkx4ph6k9ut3hgakx","25","25-29","Feminino","São Paulo (SP)","SP","Sudeste","","","","","","","","","","","","","","","","","","","","","","","","","","","","","","","",""
"ii22qh744cwv4w2slyii26xcml1kv038","51","50-54","Masculino","Bahia (BA)","BA","Nordeste","de R$ 3.001/mês a R$ 4.000/mês","Engenheiro de Dados/Data Engineer","Júnior","Modelo 100% remoto","1","1","0","0","0","0","0","1","0","1","0","0","1","0","0","0","1","0","0","1","1","0","0","0","0","0","0","0"
"a4zu0qf57knbveowkt7a4zu0kbvxpmxb","25","25-29","Masculino","Mato Grosso (MT)","MT","Centro-oeste","de R$ 4.001/mês a R$ 6.000/mês","Analista de BI/BI Analyst/Analytics Engineer","Júnior","Modelo 100% remoto","0","0","0","0","0","1","0","1","0","1","0","0","0","0","0","0","0","0","0","0","0","1","0","0","0","0","0","0"
"hlz19cla7lxqcogllshlz19n6v07gef6","23","22-24","Masculino","Distrito Federal (DF)","DF","Centro-oeste","de R$ 3.001/mês a R$ 4.000/mês","Engenheiro de Dados/Data Engineer","Júnior","Modelo 100% remoto","0","0","0","0","0","1","0","0","0","1","0","0","0","1","0","0","1","0","0","0","0","0","1","0","0","0","0","0"
"hlta6z1zvj4c6vk5mhlta6zihs9o0vef","34","30-34","Masculino","São Paulo (SP)","SP","Sudeste","de R$ 2.001/mês a R$ 3000/mês","Analista de BI/BI Analyst/Analytics Engineer","Júnior","Modelo 100% remoto","0","0","0","0","0","1","0","1","0","0","0","0","0","0","1","0","0","0","0","0","0","0","1","0","0","0","0","0"
"hlt10y7a0lb4qn7akbhltg1hcatsu4j1","34","30-34","Feminino","São Paulo (SP)","SP","Sudeste","de R$ 6.001/mês a R$ 8.000/mês","Outro","Sênior","Modelo 100% remoto","0","0","0","0","0","1","0","0","0","0","0","0","0","0","0","1","0","0","0","0","1","0","0","0","0","0","1","0"
"hlqqm7hd5nncoihlqqm7run2j0syy0o5","28","25-29","Feminino","Santa Catarina (SC)","SC","Sul","de R$ 1.001/mês a R$ 2.000/mês","Analista de BI/BI Analyst/Analytics Engineer","Júnior","Modelo 100% remoto","0","0","0","0","0","0","1","1","0","1","1","0","0","0","0","0","0","0","0","0","1","0","1","0","0","1","1","0"
"hlgcjxaflsu2x4pfkn7zhlgcjxak0dkc","25","25-29","Masculino","São Paulo (SP)","SP","Sudeste","de R$ 2.001/mês a R$ 3000/mês","Cientista de Dados/Data Scientist","Júnior","Modelo 100% remoto","1","0","1","0","0","0","0","1","0","1","0","0","0","0","0","0","0","0","0","0","1","0","0","0","0","0","0","0"
"hl9liyjwzoa76zztxcgkhl9lianpcepy","25","25-29","Masculino","São Paulo (SP)","SP","Sudeste","de R$ 6.001/mês a R$ 8.000/mês","Analista de Dados/Data Analyst","Pleno","Modelo híbrido flexível (o funcionário tem liberdade para escolher quando estar no escritório presencialmente)","1","1","0","0","0","0","0","1","1","1","0","0","0","0","0","0","0","0","0","0","0","0","0","0","0","1","0","0"
"hl9k02vzxgviczk4845hl9k856xzai18","36","35-39","Masculino","Rio de Janeiro (RJ)","RJ","Sudeste","de R$ 4.001/mês a R$ 6.000/mês","Cientista de Dados/Data Scientist","Júnior","Modelo híbrido com dias fixos de trabalho presencial","0","0","0","0","0","1","0","1","0","1","0","0","0","0","0","0","0","0","0","0","1","0","0","0","0","0","0","0"
"hj9l3ner0lm36t802bghj9atv4l5c6nb","24","22-24","Feminino","Minas Gerais (MG)","MG","Sudeste","de R$ 4.001/mês a R$ 6.000/mês","Analista de BI/BI Analyst/Analytics Engineer","Júnior","Modelo 100% remoto","1","0","0","0","0","0","0","1","0","1","0","0","0","0","0","0","0","0","0","0","0","0","1","0","0","0","0","0"
"hifjudpk99tw1emqwncmhifjud0gn21w","27","25-29","Masculino","Minas Gerais (MG)","MG","Sudeste","de R$ 6.001/mês a R$ 8.000/mês","Cientista de Dados/Data Scientist","Pleno","Modelo 100% remoto","1","1","1","0","0","1","0","1","0","1","0","0","0","0","0","0","0","0","0","0","0","0","0","0","0","1","0","0"
"uqz94zzk7y86zrnwvvuhuqz94lhz5r1s","35","35-39","Masculino","Paraíba (PB)","PB","Nordeste","","","","","","","","","","","","","","","","","","","","","","","","","","","","","","","",""
"up7io6si60mwwra3viup7iorbfijxq42","34","30-34","Masculino","","","Norte","","","","","","","","","","","","","","","","","","","","","","","","","","","","","","","",""
"hg8lt9owcjway9xwqhg8l42cur1robh8","33","30-34","Masculino","Piauí (PI)","PI","Nordeste","de R$ 2.001/mês a R$ 3000/mês","Analista de BI/BI Analyst/Analytics Engineer","Júnior","Modelo 100% presencial","0","1","0","0","0","0","1","0","0","0","0","0","0","0","0","0","0","0","0","0","1","0","0","0","0","1","0","0"
"pekk0qtha631ukzvvt8pekk00r4tm9dt","36","35-39","Masculino","Bahia (BA)","BA","Nordeste","de R$ 12.001/mês a R$ 16.000/mês","Cientista de Dados/Data Scientist","Pleno","Modelo 100% remoto","0","1","0","0","0","0","0","1","1","1","0","0","0","0","0","0","0","0","0","0","0","0","0","0","1","0","0","0"
"hfl7uo4d9hky9qq9hfl7uoomywkx348w","49","45-49","Masculino","Distrito Federal (DF)","DF","Centro-oeste","de R$ 8.001/mês a R$ 12.000/mês","Estatístico","Sênior","Modelo 100% presencial","0","0","0","0","0","1","0","1","1","1","0","0","0","0","1","0","0","1","0","0","1","0","0","0","0","0","0","0"
"hfgnl9qlzvx00819nhfgnl7znt0qqspf","25","25-29","Masculino","São Paulo (SP)","SP","Sudeste","de R$ 4.001/mês a R$ 6.000/mês","Analista de BI/BI Analyst/Analytics Engineer","Pleno","Modelo híbrido flexível (o funcionário tem liberdade para escolher quando estar no escritório presencialmente)","1","0","0","0","0","0","0","1","0","1","0","0","0","0","0","0","0","0","0","0","1","0","0","1","0","0","0","0"
"umrcl87hzqixcumkzn988g44a92sf29w","45","45-49","Masculino","São Paulo (SP)","SP","Sudeste","","","","","","","","","","","","","","","","","","","","","","","","","","","","","","","",""
"hc87wfk9r3mop9ksfhc8e9qwk6krd3el","25","25-29","Masculino","Rio Grande do Norte (RN)","RN","Nordeste","de R$ 4.001/mês a R$ 6.000/mês","Cientista de Dados/Data Scientist","Júnior","Modelo 100% remoto","0","0","1","0","0","0","0","1","1","1","0","0","0","0","0","0","0","0","0","0","1","0","0","1","0","0","0","0"
"hbazepy9vmg575has4hbazenyr7z6vgu","25","25-29","Masculino","Rio Grande do Sul (RS)","RS","Sul","de R$ 8.001/mês a R$ 12.000/mês","Cientista de Dados/Data Scientist","Sênior","Modelo 100% remoto","1","1","0","0","0","0","0","0","0","1","0","0","0","0","0","0","0","0","0","0","1","0","0","0","0","0","0","0"
"hb5b48qqzc68oianhb5baa3muid8g9qa","28","25-29","Masculino","Minas Gerais (MG)","MG","Sudeste","de R$ 1.001/mês a R$ 2.000/mês","Outras Engenharias (não inclui dev)","Júnior","Modelo 100% presencial","0","0","0","0","0","1","0","0","0","1","0","0","0","0","0","0","0","0","0","0","1","0","0","0","0","0","0","0"
"h9ltckvev2vp8izpuh9ltq2431qerefs","29","25-29","Masculino","Rio de Janeiro (RJ)","RJ","Sudeste","de R$ 6.001/mês a R$ 8.000/mês","Analista de Dados/Data Analyst","Sênior","Modelo híbrido flexível (o funcionário tem liberdade para escolher quando estar no escritório presencialmente)","0","1","0","0","0","0","0","1","0","0","0","0","0","0","0","0","0","0","0","0","0","0","0","0","0","1","0","0"
"h8uhx7gwdih35064mh8uhx7fcqpq779v","26","25-29","Feminino","São Paulo (SP)","SP","Sudeste","de R$ 8.001/mês a R$ 12.000/mês","Engenheiro de Dados/Data Engineer","Pleno","Modelo híbrido flexível (o funcionário tem liberdade para escolher quando estar no escritório presencialmente)","1","0","0","0","0","0","0","1","0","1","0","0","0","0","0","0","0","0","0","0","0","0","0","0","1","0","0","0"
"h8a7p2p79z53bm3nbh8a7p2p6y9xcyp1","30","30-34","Masculino","São Paulo (SP)","SP","Sudeste","de R$ 2.001/mês a R$ 3000/mês","Outro","Júnior","Modelo 100% presencial","0","0","0","0","0","1","0","0","0","0","0","0","0","0","0","0","0","0","0","0","1","0","0","0","0","0","1","0"
"h742zg1sueoi4boeh742zgt6y5fxkzp5","36","35-39","Feminino","São Paulo (SP)","SP","Sudeste","de R$ 4.001/mês a R$ 6.000/mês","Analista de Sistemas/Analista de TI","Júnior","Modelo 100% remoto","0","1","0","0","0","0","0","0","0","0","0","0","0","0","0","0","0","0","0","0","0","0","0","0","0","0","0","0"
"h5q9zzl4hcxwl1vrz00rh5q9zzbsk5oj","24","22-24","Feminino","Minas Gerais (MG)","MG","Sudeste","de R$ 6.001/mês a R$ 8.000/mês","Cientista de Dados/Data Scientist","Pleno","Modelo 100% remoto","0","0","1","0","0","0","0","1","0","1","0","0","0","0","0","0","0","0","0","0","1","0","0","0","0","0","0","0"
"h5eunogg11zvghbh5eunoznajeeqk4so","36","35-39","Masculino","Distrito Federal (DF)","DF","Centro-oeste","de R$ 12.001/mês a R$ 16.000/mês","Engenheiro de Dados/Data Engineer","Sênior","Modelo 100% remoto","0","0","1","0","0","0","0","1","0","0","0","0","0","0","0","0","0","0","0","0","1","0","0","0","0","0","1","0"
"h4vu347jmyrug6skiv7vh4vu347qntnv","25","25-29","Masculino","São Paulo (SP)","SP","Sudeste","de R$ 2.001/mês a R$ 3000/mês","Engenheiro de Machine Learning/ML Engineer","Júnior","Modelo 100% remoto","1","0","0","0","0","0","0","0","0","1","0","0","0","0","0","0","0","0","0","0","0","0","0","0","0","0","0","1"
"h4havfjgs9ipshujjbh4havfjgiku7tc","33","30-34","Masculino","Rio Grande do Sul (RS)","RS","Sul","de R$ 4.001/mês a R$ 6.000/mês","Cientista de Dados/Data Scientist","Pleno","Modelo 100% remoto","1","0","0","0","0","0","0","1","0","1","0","0","0","0","0","0","0","0","0","0","1","0","0","0","0","0","0","0"
"ukfdv580iv89qqllvxcqcsukfdv58crk","30","30-34","Masculino","Pernambuco (PE)","PE","Nordeste","","","","","","","","","","","","","","","","","","","","","","","","","","","","","","","",""
"h2a6aclhykypuj4kinxh2a6aatvslbvn","36","35-39","Masculino","Santa Catarina (SC)","SC","Sul","de R$ 8.001/mês a R$ 12.000/mês","Engenheiro de Dados/Data Engineer","Pleno","Modelo 100% remoto","1","1","0","0","0","0","0","1","0","1","0","0","0","0","0","0","0","0","0","0","0","0","0","0","0","1","1","0"
"h28rze52yw99omo3wh28rzpqcnj8dzz6","27","25-29","Masculino","São Paulo (SP)","SP","Sudeste","de R$ 4.001/mês a R$ 6.000/mês","Engenheiro de Dados/Data Engineer","Júnior","Modelo 100% remoto","1","0","0","0","0","0","0","1","0","1","0","0","1","0","0","0","0","0","0","1","0","0","0","1","0","0","0","0"
"h1g5wr8jyfurbvc83qin7tyh1g5wd1qd","38","35-39","Masculino","Santa Catarina (SC)","SC","Sul","de R$ 2.001/mês a R$ 3000/mês","Analista de Marketing","Júnior","Modelo 100% presencial","0","0","1","1","0","0","0","1","0","0","0","0","0","0","0","0","0","0","0","0","0","0","0","0","0","0","0","0"
"ug6vnewq5z85wad3ug6vnqwjqck6g4v9","37","35-39","Masculino","São Paulo (SP)","SP","Sudeste","","","","","","","","","","","","","","","","","","","","","","","","","","","","","","","",""
"gzniwny10jlw1o5ss9dqgzn119xwf547","35","35-39","Masculino","Minas Gerais (MG)","MG","Sudeste","de R$ 12.001/mês a R$ 16.000/mês","Analista de BI/BI Analyst/Analytics Engineer","Sênior","Modelo 100% remoto","1","1","0","0","0","1","0","1","0","1","0","0","0","0","0","0","1","0","0","0","1","0","0","1","0","0","0","0"
"a3j4xi5dzgchlu4aza3j4o3bpsobew3b","26","25-29","Masculino","Mato Grosso (MT)","MT","Centro-oeste","de R$ 8.001/mês a R$ 12.000/mês","Engenheiro de Dados/Data Engineer","Pleno","Modelo híbrido flexível (o funcionário tem liberdade para escolher quando estar no escritório presencialmente)","1","0","0","0","0","0","0","0","0","1","0","0","0","0","0","0","1","0","0","0","1","0","0","0","0","0","0","0"
"uf7vlo0uwryng3ey0jhasuf7vlo8fewp","38","35-39","Feminino","Rio de Janeiro (RJ)","RJ","Sudeste","","","","","","","","","","","","","","","","","","","","","","","","","","","","","","","",""
"ucj6m73qsx2mwjdmieucj6m7eh7yvjlu","","55+","Masculino","São Paulo (SP)","SP","Sudeste","","","","","","","","","","","","","","","","","","","","","","","","","","","","","","","",""
"u47jhrqujdmeddjau47jhrrtwug7ma6n","32","30-34","Masculino","Fora do Brasil","Exterior","Exterior","","","","","","","","","","","","","","","","","","","","","","","","","","","","","","","",""
"gvahx2ydevv2ffdlf0wxgvahx1hadzu8","23","22-24","Masculino","São Paulo (SP)","SP","Sudeste","de R$ 8.001/mês a R$ 12.000/mês","Cientista de Dados/Data Scientist","Pleno","Modelo 100% remoto","0","1","0","0","0","0","0","1","1","1","0","0","0","0","0","0","0","0","0","0","0","0","0","0","1","1","0","0"
"gv7xaeur0i9w0qigv7msvihvals982gu","34","30-34","Masculino","Minas Gerais (MG)","MG","Sudeste","de R$ 2.001/mês a R$ 3000/mês","Analista de BI/BI Analyst/Analytics Engineer","Júnior","Modelo 100% remoto","0","0","1","0","0","0","0","1","1","0","0","0","0","0","0","0","0","0","0","0","1","0","0","0","0","1","0","0"
"u19z2gplguluu49yu1jcwwlqvrwan05d","35","35-39","Masculino","Paraná (PR)","PR","Sul","","","","","","","","","","","","","","","","","","","","","","","","","","","","","","","",""
"guixtc9n1bxnwu9lguixtkvduek3116d","28","25-29","Masculino","Paraná (PR)","PR","Sul","de R$ 3.001/mês a R$ 4.000/mês","Analista de Dados/Data Analyst","Pleno","Modelo 100% remoto","0","1","0","0","0","0","0","1","0","0","0","0","0","0","0","0","0","0","0","0","1","0","0","0","0","1","0","0"
"tv4jbrigipeu3eyaspqtv4jbri9uajk5","39","35-39","Masculino","Rio de Janeiro (RJ)","RJ","Sudeste","","","","","","","","","","","","","","","","","","","","","","","","","","","","","","","",""
"ts5jzkavxhvm705zwits5jzv33xxxxud","29","25-29","Masculino","São Paulo (SP)","SP","Sudeste","","","","","","","","","","","","","","","","","","","","","","","","","","","","","","","",""
"gtsmlbv02myrrfxqjxgtsmlqg4h4rahh","37","35-39","Masculino","Minas Gerais (MG)","MG","Sudeste","de R$ 6.001/mês a R$ 8.000/mês","Analista de Dados/Data Analyst","Pleno","Modelo híbrido flexível (o funcionário tem liberdade para escolher quando estar no escritório presencialmente)","1","0","0","0","0","0","0","1","0","1","0","0","0","0","0","0","0","0","0","0","1","0","0","0","0","0","0","0"
"gt85vb3xws0eelfqpe8gt85vb3lu8igo","38","35-39","Feminino","Rio de Janeiro (RJ)","RJ","Sudeste","de R$ 12.001/mês a R$ 16.000/mês","Cientista de Dados/Data Scientist","Sênior","Modelo 100% remoto","1","1","0","0","0","0","0","0","0","1","0","0","0","0","0","0","0","0","0","0","0","0","0","0","0","0","0","1"
"grdizbu6pcyd52dsog7grdi2yjybng13","31","30-34","Masculino","São Paulo (SP)","SP","Sudeste","de R$ 6.001/mês a R$ 8.000/mês","Engenheiro de Dados/Data Engineer","Sênior","Modelo 100% remoto","0","1","1","0","0","0","0","1","0","1","0","0","0","0","0","0","1","0","0","0","1","0","0","1","1","0","0","0"
"gqdz6qny66nx3sv5ambfz52bgqdz6qny","25","25-29","Masculino","Minas Gerais (MG)","MG","Sudeste","de R$ 2.001/mês a R$ 3000/mês","Outro","Júnior","Modelo híbrido com dias fixos de trabalho presencial","0","1","0","0","0","0","0","1","0","0","0","0","0","0","0","0","0","0","0","0","1","0","0","0","0","0","0","0"
"gpts8owb61qitdoqgpts9memg8to78bg","24","22-24","Feminino","São Paulo (SP)","SP","Sudeste","de R$ 4.001/mês a R$ 6.000/mês","DBA/Administrador de Banco de Dados","Pleno","Modelo híbrido flexível (o funcionário tem liberdade para escolher quando estar no escritório presencialmente)","1","0","0","1","0","0","0","1","0","0","0","0","0","0","0","0","0","0","0","0","0","0","0","0","0","0","0","0"
"gpn9nv1wf1fx1ctw94fgpn9nv126n9uq","40","40-44","Masculino","São Paulo (SP)","SP","Sudeste","de R$ 8.001/mês a R$ 12.000/mês","Analista de Dados/Data Analyst","Sênior","Modelo híbrido flexível (o funcionário tem liberdade para escolher quando estar no escritório presencialmente)","1","1","0","0","0","0","0","1","0","1","0","0","0","0","0","0","0","0","0","0","1","0","1","1","1","1","0","0"
"gpk9gt4xv59y5gau5s2gpk93np4azq34","18","17-21","Masculino","São Paulo (SP)","SP","Sudeste","de R$ 1.001/mês a R$ 2.000/mês","Outro","Júnior","Modelo 100% presencial","0","0","0","0","0","1","0","0","1","0","0","0","0","0","0","0","0","0","0","0","0","0","0","0","0","0","0","1"
"gpjgiyszweoqu9bjgpjgjgoi1dzjuf4n","23","22-24","Masculino","Minas Gerais (MG)","MG","Sudeste","de R$ 3.001/mês a R$ 4.000/mês","Analista de BI/BI Analyst/Analytics Engineer","Júnior","Modelo 100% presencial","0","1","0","0","0","0","0","1","1","0","0","0","0","0","0","0","0","0","0","0","0","0","0","1","0","0","0","0"
"gp2sv9zc6zm8tgp2scqhpxv6yyuzfc09","21","17-21","Masculino","São Paulo (SP)","SP","Sudeste","Menos de R$ 1.000/mês","Engenheiro de Dados/Data Engineer","Júnior","Modelo 100% remoto","1","0","0","0","0","0","0","1","0","1","0","0","0","0","0","0","0","0","0","0","0","0","0","0","0","0","1","0"
"gof9u7rahg3m4m0mgof9u7r38u4xzzst","29","25-29","Feminino","São Paulo (SP)","SP","Sudeste","de R$ 6.001/mês a R$ 8.000/mês","Outro","Pleno","Modelo híbrido flexível (o funcionário tem liberdade para escolher quando estar no escritório presencialmente)","1","0","0","0","0","0","0","0","0","0","0","0","0","0","0","0","0","0","0","0","0","0","0","0","0","1","0","0"
"gny0mvhx7em680ewn2gndntw8e2crie3","36","35-39","Masculino","Pernambuco (PE)","PE","Nordeste","de R$ 4.001/mês a R$ 6.000/mês","Desenvolvedor ou Engenheiro de Software","Pleno","Modelo 100% remoto","0","1","0","0","0","0","0","1","0","1","0","0","1","0","0","0","0","0","0","1","0","0","0","0","0","1","0","0"
"glimua4y915n90qpecz2glimuatqjy0e","28","25-29","Masculino","Minas Gerais (MG)","MG","Sudeste","de R$ 1.001/mês a R$ 2.000/mês","Analista de Dados/Data Analyst","Sênior","Modelo 100% remoto","0","0","1","0","0","0","0","0","0","1","0","0","0","0","0","0","0","0","0","0","1","0","0","0","0","1","0","0"
"gl9b1rjyb3gzbso7gl9bg8i9hf0024io","27","25-29","Masculino","Espírito Santo (ES)","ES","Sudeste","de R$ 8.001/mês a R$ 12.000/mês","Engenheiro de Dados/Data Engineer","Sênior","Modelo 100% remoto","0","0","0","0","0","1","0","1","0","1","0","0","0","0","0","0","0","0","0","0","0","0","0","1","0","0","0","0"
"s8q5yd7lfiqin8hvl5ys8q5yd64esgxo","22","22-24","Masculino","Mato Grosso (MT)","MT","Centro-oeste","","","","","","","","","","","","","","","","","","","","","","","","","","","","","","","",""
"t28p3m868t3bmx5t28p3s981etnx7n9i","42","40-44","Feminino","São Paulo (SP)","SP","Sudeste","","","","","","","","","","","","","","","","","","","","","","","","","","","","","","","",""
"gkbdzgm1bvoa7ebaty5gkbdzkfe28ed4","30","30-34","Masculino","São Paulo (SP)","SP","Sudeste","de R$ 8.001/mês a R$ 12.000/mês","Analista de Negócios/Business Analyst","Sênior","Modelo 100% remoto","0","0","1","0","0","0","0","1","0","1","0","0","0","0","0","0","0","0","0","0","1","0","0","0","0","0","0","0"
"gk1vpojxzhnl6s8ggk1oxdiff0miylpv","26","25-29","Masculino","São Paulo (SP)","SP","Sudeste","de R$ 6.001/mês a R$ 8.000/mês","Analista de BI/BI Analyst/Analytics Engineer","Pleno","Modelo 100% remoto","0","0","0","0","0","1","0","1","0","0","0","0","0","0","0","0","0","0","0","0","1","0","0","0","0","0","0","0"
"gibyjpqh3m6tvgii3j04amd3gd7rzt62","27","25-29","Masculino","Minas Gerais (MG)","MG","Sudeste","de R$ 4.001/mês a R$ 6.000/mês","Outras Engenharias (não inclui dev)","Júnior","Modelo 100% presencial","0","0","0","0","0","0","1","0","0","0","0","0","0","0","0","0","0","0","0","0","0","0","0","0","0","0","0","1"
"ghl6zpzhume45d9tyghl6zaobm9fgk24","29","25-29","Masculino","Minas Gerais (MG)","MG","Sudeste","de R$ 12.001/mês a R$ 16.000/mês","Cientista de Dados/Data Scientist","Sênior","Modelo 100% remoto","1","0","0","0","0","0","0","1","0","1","0","0","0","0","0","0","0","0","0","0","0","0","0","0","0","0","0","0"
"sxtgvja6nwom57ijgsxtgvw3yjrwb8m5","23","22-24","Masculino","São Paulo (SP)","SP","Sudeste","","","","","","","","","","","","","","","","","","","","","","","","","","","","","","","",""
"w1l7337i1m4kvop0w1l76dubs8ubgc2v","51","50-54","Masculino","São Paulo (SP)","SP","Sudeste","","","","","","","","","","","","","","","","","","","","","","","","","","","","","","","",""
"ggxg35s88xy6ml5orjg0shggxg35m0rk","28","25-29","Feminino","São Paulo (SP)","SP","Sudeste","de R$ 20.001/mês a R$ 25.000/mês","Analista de Dados/Data Analyst","Pleno","Modelo 100% remoto","1","0","0","0","0","0","0","1","0","1","0","0","0","0","0","0","0","0","0","0","0","0","0","0","1","0","0","0"
"svmr01n1gpupkzkfssvmr01xfd5l41qd","21","17-21","Masculino","São Paulo (SP)","SP","Sudeste","","","","","","","","","","","","","","","","","","","","","","","","","","","","","","","",""
"sv2dqdl5wfusosiyptyo1cf2c4nkgkbl","35","35-39","Feminino","São Paulo (SP)","SP","Sudeste","","","","","","","","","","","","","","","","","","","","","","","","","","","","","","","",""
"gfrcgn1tixkjyg0jxaigfrcg3q9xex1p","39","35-39","Masculino","Santa Catarina (SC)","SC","Sul","de R$ 12.001/mês a R$ 16.000/mês","Cientista de Dados/Data Scientist","Sênior","Modelo 100% remoto","1","0","0","0","0","0","0","1","0","1","0","0","1","0","0","0","0","0","0","1","1","0","0","0","0","0","0","0"
"gfonjqpp7aa2urwagfonhloxk4ekcjv7","26","25-29","Masculino","São Paulo (SP)","SP","Sudeste","de R$ 2.001/mês a R$ 3000/mês","Engenheiro de Dados/Data Engineer","Júnior","Modelo 100% remoto","1","0","0","0","0","0","0","0","0","1","0","0","0","0","0","0","0","0","0","0","0","0","0","0","0","0","0","1"
"geh8p1dguxzn3uj01kerz4geh8p1dmai","29","25-29","Masculino","Minas Gerais (MG)","MG","Sudeste","de R$ 4.001/mês a R$ 6.000/mês","Cientista de Dados/Data Scientist","Júnior","Modelo 100% remoto","0","0","1","0","0","0","0","1","0","1","0","0","0","0","0","0","0","0","0","0","1","0","0","0","0","0","0","0"
"sqcr2xi30kl49sqcrrptme724rnkcq8b","36","35-39","Masculino","São Paulo (SP)","SP","Sudeste","","","","","","","","","","","","","","","","","","","","","","","","","","","","","","","",""
"gdzxuut2yhnrsgbvzgdzxueht308lnm0","23","22-24","Masculino","Rio Grande do Sul (RS)","RS","Sul","de R$ 2.001/mês a R$ 3000/mês","Analista de Dados/Data Analyst","Júnior","Modelo 100% presencial","0","1","0","0","0","0","0","1","1","1","0","0","0","0","0","0","0","0","0","0","1","0","0","0","0","0","0","0"
"gdesgoh65aux2yxaq3gdekbsc1ojzarh","21","17-21","Masculino","Paraná (PR)","PR","Sul","de R$ 6.001/mês a R$ 8.000/mês","Desenvolvedor ou Engenheiro de Software","Pleno","Modelo 100% remoto","1","1","0","0","0","1","0","1","0","0","0","0","1","0","0","0","0","0","0","1","1","0","0","1","0","0","0","0"
"gbuwpkf6c9x6vn2842kcsgbuwwahz5um","37","35-39","Masculino","Fora do Brasil","Exterior","Exterior","de R$ 16.001/mês a R$ 20.000/mês","Engenheiro de Dados/Data Engineer","Pleno","Modelo híbrido com dias fixos de trabalho presencial","1","0","0","0","0","0","0","1","0","1","0","0","0","0","0","0","0","0","0","0","0","0","0","0","1","0","0","0"
"p3qwtx27lkmzymt8p3q2u411wmc7a3kf","43","40-44","Masculino","Bahia (BA)","BA","Nordeste","de R$ 8.001/mês a R$ 12.000/mês","Analista de BI/BI Analyst/Analytics Engineer","Sênior","Modelo híbrido flexível (o funcionário tem liberdade para escolher quando estar no escritório presencialmente)","0","0","0","0","0","1","0","1","0","1","0","0","0","0","0","0","0","0","0","0","1","1","0","0","0","0","0","0"
"gajf2vkajb3qf1p262gajf25cekhf92a","34","30-34","Feminino","São Paulo (SP)","SP","Sudeste","de R$ 8.001/mês a R$ 12.000/mês","Analista de Dados/Data Analyst","Sênior","Modelo híbrido flexível (o funcionário tem liberdade para escolher quando estar no escritório presencialmente)","1","1","1","0","0","0","0","1","0","1","0","0","0","0","0","0","0","0","0","0","1","0","0","0","1","1","0","0"
"ga6nmpa3heyztcoqsvh7qjjga6nmpa3d","27","25-29","Masculino","São Paulo (SP)","SP","Sudeste","de R$ 6.001/mês a R$ 8.000/mês","Cientista de Dados/Data Scientist","Sênior","Modelo híbrido com dias fixos de trabalho presencial","1","0","0","0","0","0","0","1","0","1","0","0","0","0","0","0","0","0","0","0","0","0","0","0","0","0","0","0"
"g9n76k078fz9ryxhiohg9n7x9s7i8yht","29","25-29","Masculino","São Paulo (SP)","SP","Sudeste","de R$ 8.001/mês a R$ 12.000/mês","Cientista de Dados/Data Scientist","Pleno","Modelo 100% remoto","0","0","1","0","0","0","0","1","0","1","0","0","0","0","1","0","0","0","0","0","1","0","0","0","0","0","0","0"
"g8brmddiwz0wky64walyg8brmddfp2q4","34","30-34","Masculino","Minas Gerais (MG)","MG","Sudeste","de R$ 8.001/mês a R$ 12.000/mês","Analista de Dados/Data Analyst","Pleno","Modelo híbrido com dias fixos de trabalho presencial","0","0","0","0","0","1","0","0","0","0","0","0","0","0","0","0","0","0","0","0","1","0","0","0","0","0","1","0"
"g7g714p8zxvsgj4cc6g7g7pwjkwq7c11","35","35-39","Masculino","Rio de Janeiro (RJ)","RJ","Sudeste","de R$ 4.001/mês a R$ 6.000/mês","Analista de Dados/Data Analyst","Pleno","Modelo 100% remoto","0","0","0","0","0","1","0","1","1","1","0","0","0","0","0","0","0","0","0","0","1","0","1","0","0","0","0","0"
"sp49hwp0ys048osp49l6xwtgk5zjulmg","25","25-29","Masculino","Rio Grande do Sul (RS)","RS","Sul","","","","","","","","","","","","","","","","","","","","","","","","","","","","","","","",""
"g6rxg1wlpqtrspcdd3g6rxtmyhag3oay","35","35-39","Feminino","Paraná (PR)","PR","Sul","de R$ 8.001/mês a R$ 12.000/mês","Analista de BI/BI Analyst/Analytics Engineer","Sênior","Modelo 100% remoto","0","0","0","0","0","1","0","1","0","1","0","0","0","0","0","0","0","0","0","0","1","0","0","0","0","0","0","0"
"g6h9p1dlspe94y1o7lrg6h9p1t6xtch4","41","40-44","Masculino","Goiás (GO)","GO","Centro-oeste","de R$ 2.001/mês a R$ 3000/mês","Analista de Dados/Data Analyst","Júnior","Modelo 100% presencial","0","0","0","0","1","0","0","0","0","0","0","0","0","0","0","0","0","0","0","0","0","0","0","0","0","0","1","0"
"g5njlrtj76cnvat6g5njs3402bl2gfhm","24","22-24","Feminino","Rio de Janeiro (RJ)","RJ","Sudeste","de R$ 3.001/mês a R$ 4.000/mês","Suporte Técnico","Júnior","Modelo 100% presencial","0","0","0","0","0","1","0","0","0","0","0","0","0","0","0","0","0","0","0","0","0","0","0","0","0","0","1","1"
"g58elo7tprqnxgxifg58i47quce8wmbi","32","30-34","Masculino","Rio de Janeiro (RJ)","RJ","Sudeste","de R$ 8.001/mês a R$ 12.000/mês","Analista de Dados/Data Analyst","Pleno","Modelo 100% presencial","0","0","1","0","0","0","0","1","1","1","0","0","0","0","0","0","0","0","0","0","1","0","0","0","0","0","1","0"
"g4o7iiver3kyudbflmorg4o7ioxmg9op","30","30-34","Feminino","Paraná (PR)","PR","Sul","de R$ 4.001/mês a R$ 6.000/mês","Cientista de Dados/Data Scientist","Pleno","Modelo híbrido flexível (o funcionário tem liberdade para escolher quando estar no escritório presencialmente)","1","0","0","0","0","0","0","1","0","1","0","0","0","0","0","0","0","0","0","0","0","0","1","1","0","0","0","0"
"g3w1uv1pe6t461l9jg3w1uvefgh1wx5l","42","40-44","Masculino","Paraná (PR)","PR","Sul","de R$ 3.001/mês a R$ 4.000/mês","Técnico","Júnior","Modelo 100% presencial","0","0","0","0","0","1","0","0","0","0","0","0","0","0","0","0","0","0","0","0","0","0","0","0","0","0","0","0"
"g2omb2gkttcf4jvdeyvzbl8g2omb2gkc","27","25-29","Masculino","Fora do Brasil","Exterior","Exterior","de R$ 6.001/mês a R$ 8.000/mês","Outro","Pleno","Modelo 100% presencial","0","0","0","0","0","1","0","0","0","0","0","0","0","0","0","0","0","0","0","0","0","0","0","0","0","0","0","0"
"g2j7e4lgdrma3qf4s0yg2j7exi7wm2no","26","25-29","Masculino","Rio Grande do Sul (RS)","RS","Sul","de R$ 3.001/mês a R$ 4.000/mês","Analista de Inteligência de Mercado/Market Intelligence","Júnior","Modelo 100% remoto","0","0","0","0","0","0","1","1","0","0","0","0","0","0","0","0","0","0","0","0","1","0","0","0","0","0","0","0"
"g1tuj4vnjlw3zkutorqlcsg1tuj49b3r","33","30-34","Feminino","São Paulo (SP)","SP","Sudeste","de R$ 8.001/mês a R$ 12.000/mês","Cientista de Dados/Data Scientist","Sênior","Modelo 100% remoto","1","0","0","0","0","0","0","1","1","1","0","0","0","0","1","0","0","0","0","0","0","0","1","0","0","0","0","0"
"g1eped37ee3idtjjdyg1e5notqtv3gx7","32","30-34","Masculino","Santa Catarina (SC)","SC","Sul","de R$ 6.001/mês a R$ 8.000/mês","Desenvolvedor ou Engenheiro de Software","Sênior","Modelo 100% remoto","1","0","0","0","0","0","0","1","0","1","0","0","1","0","0","0","0","0","0","1","1","0","0","0","0","0","0","0"
"fzzhrdia1kt5kp4689dhrkrfzzhrdv6t","34","30-34","Feminino","São Paulo (SP)","SP","Sudeste","de R$ 6.001/mês a R$ 8.000/mês","Analista de Negócios/Business Analyst","Pleno","Modelo 100% remoto","0","0","1","0","0","0","1","1","0","1","0","0","0","0","0","0","0","0","0","0","1","0","0","0","0","0","0","0"
"fzytu37nkqg3zzexfm5fzytu37xthpow","23","22-24","Masculino","São Paulo (SP)","SP","Sudeste","de R$ 4.001/mês a R$ 6.000/mês","Analista de Dados/Data Analyst","Júnior","Modelo híbrido com dias fixos de trabalho presencial","0","0","0","1","0","0","0","1","1","0","0","0","0","0","0","0","0","0","0","0","1","0","1","0","0","0","0","0"
"fzov6srgd51rzf20fzoviktrb4cpq6a9","25","25-29","Feminino","Minas Gerais (MG)","MG","Sudeste","de R$ 4.001/mês a R$ 6.000/mês","Engenheiro de Dados/Data Engineer","Pleno","Modelo híbrido flexível (o funcionário tem liberdade para escolher quando estar no escritório presencialmente)","1","1","0","0","0","0","0","1","0","1","0","0","0","0","0","0","0","0","0","0","1","0","0","0","0","1","0","0"
"u28mxr337kgfpszn9u28mxr2murn834h","32","30-34","Masculino","Mato Grosso do Sul (MS)","MS","Centro-oeste","de R$ 4.001/mês a R$ 6.000/mês","Analista de BI/BI Analyst/Analytics Engineer","Pleno","Modelo 100% remoto","0","0","1","0","0","0","0","1","0","0","0","0","0","0","0","0","0","0","0","0","1","0","0","0","0","0","0","0"
"fyyon2uk1rzijwhzoqh0bhfyyonkrn6c","23","22-24","Masculino","São Paulo (SP)","SP","Sudeste","de R$ 6.001/mês a R$ 8.000/mês","Engenheiro de Dados/Data Engineer","Pleno","Modelo 100% remoto","1","1","0","0","0","0","0","1","0","1","0","0","0","0","0","0","0","0","0","0","1","0","1","1","0","1","0","0"
"fy1j0j15c0o12xyt1x74fy1j0j19f4x0","27","25-29","Masculino","Rio de Janeiro (RJ)","RJ","Sudeste","de R$ 6.001/mês a R$ 8.000/mês","Analista de Dados/Data Analyst","Pleno","Modelo híbrido flexível (o funcionário tem liberdade para escolher quando estar no escritório presencialmente)","1","1","0","0","0","0","0","1","0","1","0","0","0","0","0","1","0","0","0","0","1","0","0","0","1","1","0","0"
"fxx3oe9o7b3bp11hplkfxx3odfxvnh9z","21","17-21","Feminino","São Paulo (SP)","SP","Sudeste","de R$ 2.001/mês a R$ 3000/mês","Outro","Júnior","Modelo híbrido flexível (o funcionário tem liberdade para escolher quando estar no escritório presencialmente)","0","1","0","0","0","0","0","0","0","0","0","0","0","0","0","0","0","0","0","0","0","0","0","0","0","0","1","0"
"fxp6im4qwbcdme2cfxp6j284bu6tumdy","34","30-34","Masculino","Minas Gerais (MG)","MG","Sudeste","de R$ 6.001/mês a R$ 8.000/mês","Engenheiro de Dados/Data Engineer","Pleno","Modelo híbrido flexível (o funcionário tem liberdade para escolher quando estar no escritório presencialmente)","1","1","0","0","0","0","0","1","0","1","0","0","0","0","0","0","1","0","0","0","0","0","0","1","0","0","0","0"
"fxfnx412z7lsx9vfxfnoqe8d5z4fe0m2","34","30-34","Masculino","São Paulo (SP)","SP","Sudeste","de R$ 8.001/mês a R$ 12.000/mês","Analista de Negócios/Business Analyst","Pleno","Modelo híbrido flexível (o funcionário tem liberdade para escolher quando estar no escritório presencialmente)","0","0","1","0","0","0","0","1","0","1","0","0","0","0","0","0","0","0","0","0","1","0","0","0","0","0","0","0"
"fx5js4ve0zkgeou9ik4jfx5js4y1v7wf","33","30-34","Masculino","São Paulo (SP)","SP","Sudeste","de R$ 2.001/mês a R$ 3000/mês","Analista Administrativo","Pleno","Modelo híbrido com dias fixos de trabalho presencial","1","1","0","0","0","0","0","1","0","1","0","0","0","0","0","0","1","0","0","0","1","0","1","0","0","0","0","0"
"fwushefcfem52a8vfh6yfwusqr01um6m","30","30-34","Masculino","São Paulo (SP)","SP","Sudeste","de R$ 6.001/mês a R$ 8.000/mês","Desenvolvedor ou Engenheiro de Software","Pleno","Modelo híbrido flexível (o funcionário tem liberdade para escolher quando estar no escritório presencialmente)","1","0","1","0","0","0","0","1","0","1","1","0","1","0","0","0","0","0","0","1","0","0","0","1","0","0","1","0"
"fv7462ziop1a2jy3rumfv746miiqljxc","23","22-24","Feminino","Minas Gerais (MG)","MG","Sudeste","de R$ 4.001/mês a R$ 6.000/mês","Analista de BI/BI Analyst/Analytics Engineer","Júnior","Modelo 100% presencial","1","0","0","0","0","0","0","1","0","0","0","0","0","0","0","0","0","0","0","0","0","0","1","0","0","0","0","0"
"fuwuqu7m39ja4swwlxkqfuwuquq9q6dv","34","30-34","Masculino","Distrito Federal (DF)","DF","Centro-oeste","de R$ 4.001/mês a R$ 6.000/mês","Analista de BI/BI Analyst/Analytics Engineer","Pleno","Modelo híbrido com dias fixos de trabalho presencial","0","0","1","0","0","0","0","1","0","1","0","0","0","0","0","0","0","0","0","0","1","0","0","0","0","0","0","0"
"sd7r4vtsjw2iswlf59sd7r4ainubacjq","27","25-29","Masculino","Minas Gerais (MG)","MG","Sudeste","","","","","","","","","","","","","","","","","","","","","","","","","","","","","","","",""
"ftvqejhsuoq4sj6op9kftvqeaa2kmife","37","35-39","Feminino","São Paulo (SP)","SP","Sudeste","de R$ 8.001/mês a R$ 12.000/mês","Engenheiro de Dados/Data Engineer","Pleno","Modelo 100% remoto","0","1","0","0","0","0","0","1","0","1","0","0","0","0","0","0","0","0","0","0","0","0","1","0","1","0","0","0"
"ft79f1ow6ia1xskaaft79hvqaigvrmjh","31","30-34","Masculino","São Paulo (SP)","SP","Sudeste","de R$ 6.001/mês a R$ 8.000/mês","Analista de Dados/Data Analyst","Júnior","Modelo híbrido flexível (o funcionário tem liberdade para escolher quando estar no escritório presencialmente)","1","1","0","0","0","0","0","1","0","1","0","0","0","0","0","0","0","0","0","0","0","0","0","0","1","0","1","0"
"s63yxr18kd1jj7sfms63yl934yps6zpa","34","30-34","Masculino","","","Norte","","","","","","","","","","","","","","","","","","","","","","","","","","","","","","","",""
"fqvonzmtif98f6ksrpixsib95b9n6ksa","26","25-29","Masculino","São Paulo (SP)","SP","Sudeste","de R$ 1.001/mês a R$ 2.000/mês","Outro","Júnior","Modelo 100% presencial","0","1","0","0","0","0","0","0","0","1","0","0","0","0","0","0","0","0","0","0","0","0","0","0","0","0","0","1"
"fnuaaxyl4ozek1xkpkfnuaanor0b1f0d","28","25-29","Masculino","Goiás (GO)","GO","Centro-oeste","de R$ 4.001/mês a R$ 6.000/mês","Analista de BI/BI Analyst/Analytics Engineer","Pleno","Modelo 100% remoto","1","1","0","0","0","0","0","1","1","1","0","0","0","0","0","0","0","0","0","0","0","0","0","0","0","0","0","0"
"rzllpigahx3rkqs3flrzllpizafoq87y","23","22-24","Masculino","São Paulo (SP)","SP","Sudeste","","","","","","","","","","","","","","","","","","","","","","","","","","","","","","","",""
"fn07mpllhwi5g0x24fn07uuq0sklyocq","31","30-34","Feminino","São Paulo (SP)","SP","Sudeste","de R$ 12.001/mês a R$ 16.000/mês","Analista de BI/BI Analyst/Analytics Engineer","Sênior","Modelo 100% remoto","0","1","0","0","0","0","0","1","0","1","0","0","0","0","0","0","0","0","0","0","0","0","1","0","0","1","0","0"
"flzecnhjbghzxjf8di0flzelzv40mgl4","27","25-29","Masculino","Paraíba (PB)","PB","Nordeste","de R$ 2.001/mês a R$ 3000/mês","Analista de Inteligência de Mercado/Market Intelligence","Júnior","Modelo 100% remoto","0","0","0","1","0","0","0","0","0","0","0","0","0","0","0","0","0","0","0","0","1","0","0","0","0","1","1","0"
"rysop0o7gcnmo6mt1rysop17a7myamgw","27","25-29","Masculino","Piauí (PI)","PI","Nordeste","","","","","","","","","","","","","","","","","","","","","","","","","","","","","","","",""
"rp62krrrsyc62zrg5rp62krsyinv53lo","20","17-21","Masculino","Minas Gerais (MG)","MG","Sudeste","","","","","","","","","","","","","","","","","","","","","","","","","","","","","","","",""
"fja7xzmhw483tgixn9ffja7xzszeq7t3","24","22-24","Masculino","Rio Grande do Sul (RS)","RS","Sul","de R$ 3.001/mês a R$ 4.000/mês","Analista de Dados/Data Analyst","Júnior","Modelo híbrido flexível (o funcionário tem liberdade para escolher quando estar no escritório presencialmente)","1","0","0","0","0","0","0","1","0","1","0","0","0","0","0","0","0","0","0","0","0","0","0","0","1","0","0","0"
"finxe0udi0jpdblfinxeyeyuftjkef2a","28","25-29","Masculino","Paraíba (PB)","PB","Nordeste","de R$ 4.001/mês a R$ 6.000/mês","Cientista de Dados/Data Scientist","Pleno","Modelo 100% remoto","0","0","0","0","1","0","0","1","0","1","0","0","0","0","0","0","0","0","0","0","1","0","0","0","0","0","0","0"
"fiauitl1nz3spbn4s6cfiauimenh50fw","27","25-29","Masculino","Minas Gerais (MG)","MG","Sudeste","de R$ 3.001/mês a R$ 4.000/mês","Cientista de Dados/Data Scientist","Júnior","Modelo 100% remoto","0","0","1","0","0","0","0","1","0","1","0","0","0","0","0","0","0","0","0","0","0","0","0","1","0","0","0","0"
"ri2w7l354h7lgdr6uri2w7xhgf7jhhkc","20","17-21","Masculino","Rio Grande do Sul (RS)","RS","Sul","","","","","","","","","","","","","","","","","","","","","","","","","","","","","","","",""
"fgxd1gw8lni8nir2uo5fgxd73qzwsufb","26","25-29","Masculino","São Paulo (SP)","SP","Sudeste","de R$ 16.001/mês a R$ 20.000/mês","Cientista de Dados/Data Scientist","Pleno","Modelo híbrido flexível (o funcionário tem liberdade para escolher quando estar no escritório presencialmente)","1","0","0","0","0","0","0","1","1","1","0","0","0","0","0","0","1","0","0","0","0","0","0","0","1","0","0","0"
"fgg42jlr6g05qtu9w1fgg42jl9ox9ksx","46","45-49","Masculino","São Paulo (SP)","SP","Sudeste","de R$ 8.001/mês a R$ 12.000/mês","Analista de Negócios/Business Analyst","Sênior","Modelo híbrido flexível (o funcionário tem liberdade para escolher quando estar no escritório presencialmente)","0","0","0","0","0","1","0","1","0","1","0","0","0","0","0","1","0","0","0","0","1","0","0","0","0","0","0","0"
"ffp5abt0mp3v2hfbktl8ffp5t4cpay5u","23","22-24","Masculino","Goiás (GO)","GO","Centro-oeste","de R$ 1.001/mês a R$ 2.000/mês","Outras Engenharias (não inclui dev)","Júnior","Modelo 100% presencial","0","0","1","0","0","0","0","0","0","0","0","0","0","0","0","1","0","0","0","0","1","0","0","0","0","0","0","0"
"fdz9vbkrf0pnx8uvfdz9vbwdn82id5yl","38","35-39","Masculino","Rio de Janeiro (RJ)","RJ","Sudeste","de R$ 12.001/mês a R$ 16.000/mês","Cientista de Dados/Data Scientist","Sênior","Modelo 100% remoto","0","0","0","0","0","1","0","1","1","1","0","0","0","0","0","0","0","0","0","0","1","0","0","0","0","0","0","0"
"rgs5ne3ywok5u2vrgsckzlpd4o5o3j1b","33","30-34","Masculino","Paraná (PR)","PR","Sul","","","","","","","","","","","","","","","","","","","","","","","","","","","","","","","",""
"c8hjg0i3l9q7u070evc8hjgksemf1008","28","25-29","Masculino","Ceará (CE)","CE","Nordeste","","","","","","","","","","","","","","","","","","","","","","","","","","","","","","","",""
"fcz19zgrgfpvr9utz8ofcz19z7dwkrun","23","22-24","Masculino","Rio Grande do Sul (RS)","RS","Sul","de R$ 6.001/mês a R$ 8.000/mês","Cientista de Dados/Data Scientist","Júnior","Modelo 100% remoto","1","1","0","0","0","0","0","1","1","1","0","0","0","0","0","0","0","0","0","0","1","0","1","0","0","1","0","0"
"fcy7j0hpbrqo9b5rx01fcy7j0hvfrscu","28","25-29","Masculino","São Paulo (SP)","SP","Sudeste","de R$ 4.001/mês a R$ 6.000/mês","Analista de BI/BI Analyst/Analytics Engineer","Júnior","Modelo 100% remoto","0","0","0","0","0","1","0","1","0","1","0","0","0","0","0","0","0","0","0","0","0","0","1","0","0","0","0","0"
"fcdalnetb26ig2lseufcdaln0b1hx5ah","34","30-34","Masculino","Minas Gerais (MG)","MG","Sudeste","de R$ 3.001/mês a R$ 4.000/mês","Outro","Júnior","Modelo 100% presencial","0","0","1","0","0","0","0","0","0","0","0","0","0","0","0","0","0","0","0","0","0","0","0","0","0","0","1","0"
"r8gf4r9ovjouxcnsxyr8gf4a74q35k81","32","30-34","Masculino","São Paulo (SP)","SP","Sudeste","","","","","","","","","","","","","","","","","","","","","","","","","","","","","","","",""
"r5umkbvu3ajpmddpgvr5umh9cxtuyyw8","39","35-39","Masculino","Minas Gerais (MG)","MG","Sudeste","","","","","","","","","","","","","","","","","","","","","","","","","","","","","","","",""
"r3xw9ud8hlfnxlujffr3xw9uolawmkjw","27","25-29","Masculino","São Paulo (SP)","SP","Sudeste","","","","","","","","","","","","","","","","","","","","","","","","","","","","","","","",""
"f7se6ybg1unykv50uq2sif7se6et2ftq","28","25-29","Masculino","Rio de Janeiro (RJ)","RJ","Sudeste","de R$ 6.001/mês a R$ 8.000/mês","Analista de Dados/Data Analyst","Pleno","Modelo 100% remoto","1","0","0","0","0","0","0","1","0","0","0","1","0","0","0","1","0","0","0","0","0","0","1","0","0","0","0","0"
"f7impgp97riknf7im1cmboeo4scynxgx","34","30-34","Masculino","Distrito Federal (DF)","DF","Centro-oeste","de R$ 6.001/mês a R$ 8.000/mês","Desenvolvedor ou Engenheiro de Software","Sênior","Modelo 100% remoto","1","0","0","0","0","1","0","1","0","1","0","0","1","0","0","0","0","0","1","1","1","0","1","1","0","0","0","0"
"f6shb8rvlabsgtyv7jxgf6shb8rvn82d","36","35-39","Masculino","Fora do Brasil","Exterior","Exterior","Acima de R$ 40.001/mês","Desenvolvedor ou Engenheiro de Software","Sênior","Modelo 100% remoto","1","0","1","0","0","0","0","1","0","1","0","0","1","0","0","0","0","0","0","0","0","0","1","0","0","0","0","0"
"f5b5vtstzp3k10j53lpf5b5vta2x0w1q","31","30-34","Masculino","São Paulo (SP)","SP","Sudeste","de R$ 8.001/mês a R$ 12.000/mês","Cientista de Dados/Data Scientist","Sênior","Modelo híbrido flexível (o funcionário tem liberdade para escolher quando estar no escritório presencialmente)","1","1","0","0","0","0","0","1","1","1","0","0","0","0","0","0","0","0","0","0","0","0","0","0","0","1","0","0"
"r0jkllwl7knozboavfr0jklwvcoifiam","35","35-39","Masculino","Minas Gerais (MG)","MG","Sudeste","","","","","","","","","","","","","","","","","","","","","","","","","","","","","","","",""
"f4u98z8dn1frttmf4u98zxu1ab2cltjs","29","25-29","Feminino","Paraíba (PB)","PB","Nordeste","Menos de R$ 1.000/mês","Engenheiro de Machine Learning/ML Engineer","Júnior","Modelo 100% remoto","0","0","0","0","0","1","0","0","0","1","0","0","0","0","0","0","0","0","0","0","0","0","0","0","0","0","0","0"
"qybkqje0lmuh75og1ncqybkqjua8nyw8","32","30-34","Feminino","Rio de Janeiro (RJ)","RJ","Sudeste","","","","","","","","","","","","","","","","","","","","","","","","","","","","","","","",""
"f4tiizfqo2t6766pbhf4tiiz0k0u5bp2","37","35-39","Masculino","Rio Grande do Sul (RS)","RS","Sul","de R$ 8.001/mês a R$ 12.000/mês","Desenvolvedor ou Engenheiro de Software","Sênior","Modelo híbrido com dias fixos de trabalho presencial","0","0","1","0","0","0","0","1","0","1","1","0","1","0","0","0","0","0","1","1","0","0","0","0","0","0","0","0"
"f4k2psljgcn3v5pmp6f4kni17qaebedy","30","30-34","Masculino","Paraná (PR)","PR","Sul","de R$ 6.001/mês a R$ 8.000/mês","Engenheiro de Dados/Data Engineer","Sênior","Modelo 100% remoto","0","1","0","0","0","0","0","1","0","1","0","0","0","0","0","0","0","0","0","0","0","0","1","0","0","0","0","0"
"f2myo8bdjkgs5o3zlxpx3f2myo893joj","30","30-34","Feminino","São Paulo (SP)","SP","Sudeste","de R$ 8.001/mês a R$ 12.000/mês","Cientista de Dados/Data Scientist","Sênior","Modelo 100% remoto","0","1","1","0","0","1","0","0","0","1","0","0","0","0","0","0","0","0","0","0","1","0","0","0","0","0","1","0"
"f2gwjds007sgck4tof2gwxhipy8yjd5k","28","25-29","Feminino","Minas Gerais (MG)","MG","Sudeste","de R$ 6.001/mês a R$ 8.000/mês","Analista de BI/BI Analyst/Analytics Engineer","Pleno","Modelo 100% remoto","0","0","0","0","0","1","0","1","0","1","0","0","1","0","0","0","0","0","1","1","1","0","0","0","0","0","0","0"
"qwach3yavunlimybjym4639sqwach36c","40","40-44","Masculino","Rio de Janeiro (RJ)","RJ","Sudeste","","","","","","","","","","","","","","","","","","","","","","","","","","","","","","","",""
"f26t89az3rvqh1mdof26t9x8i510lu59","37","35-39","Masculino","Minas Gerais (MG)","MG","Sudeste","de R$ 1.001/mês a R$ 2.000/mês","Analista de BI/BI Analyst/Analytics Engineer","Júnior","Modelo 100% remoto","0","0","0","0","0","1","0","1","0","0","0","0","0","0","0","0","0","0","0","0","1","0","0","0","0","0","0","0"
"qu9lky3u9n9db993oyqu9lkygp6ziqzb","37","35-39","Masculino","São Paulo (SP)","SP","Sudeste","","","","","","","","","","","","","","","","","","","","","","","","","","","","","","","",""
"f0blqj9c57cyuq65f0bk7g84wuddu7ov","25","25-29","Masculino","São Paulo (SP)","SP","Sudeste","de R$ 8.001/mês a R$ 12.000/mês","Cientista de Dados/Data Scientist","Pleno","Modelo 100% remoto","0","0","1","0","0","0","0","1","1","1","0","0","0","0","0","0","0","0","0","0","0","0","0","0","0","0","0","1"
"qtznkxf1nov2d9g91nmqtznkxh4cpxfs","32","30-34","Masculino","Rio de Janeiro (RJ)","RJ","Sudeste","","","","","","","","","","","","","","","","","","","","","","","","","","","","","","","",""
"exykcttlwvf3w1tqpex43cy91sdsuqv6","26","25-29","Masculino","São Paulo (SP)","SP","Sudeste","de R$ 12.001/mês a R$ 16.000/mês","Engenheiro de Dados/Data Engineer","Sênior","Modelo híbrido flexível (o funcionário tem liberdade para escolher quando estar no escritório presencialmente)","0","1","0","0","0","0","0","1","0","1","0","0","1","0","0","0","1","0","0","0","0","0","0","0","0","0","0","1"
"ewya9mzo2359grw1ewya9xf2s0myko1t","40","40-44","Feminino","São Paulo (SP)","SP","Sudeste","de R$ 4.001/mês a R$ 6.000/mês","Cientista de Dados/Data Scientist","Júnior","Modelo 100% remoto","1","0","0","0","0","0","0","0","0","1","0","0","0","0","0","0","0","0","0","0","0","0","0","0","0","0","0","1"
"ewprkgjz6gto9g66ewpriaip2wjt3f4q","27","25-29","Masculino","Goiás (GO)","GO","Centro-oeste","de R$ 8.001/mês a R$ 12.000/mês","Analista de BI/BI Analyst/Analytics Engineer","Sênior","Modelo 100% presencial","1","0","0","0","0","1","0","1","0","1","0","0","0","0","0","0","0","0","0","0","1","0","0","0","0","0","0","0"
"ewfduu3b8wu916y4sewfdo7eykjj0eoo","23","22-24","Masculino","São Paulo (SP)","SP","Sudeste","de R$ 6.001/mês a R$ 8.000/mês","Engenheiro de Dados/Data Engineer","Pleno","Modelo 100% remoto","1","1","0","0","0","0","0","1","0","1","0","0","0","0","0","0","0","0","0","0","1","0","0","1","0","0","0","0"
"ev673hsttxweyd0d7mxiwev673hsevdr","34","30-34","Masculino","Rio Grande do Sul (RS)","RS","Sul","de R$ 8.001/mês a R$ 12.000/mês","Desenvolvedor ou Engenheiro de Software","Sênior","Modelo 100% remoto","0","0","0","0","0","1","0","1","0","0","0","0","0","0","0","0","0","0","0","0","0","0","0","0","0","0","0","1"
"qpcbvg7lh2r9nim0j60kpqpcbvghz1r5","41","40-44","Masculino","São Paulo (SP)","SP","Sudeste","","","","","","","","","","","","","","","","","","","","","","","","","","","","","","","",""
"eskrmxsh1pneskwyu1s6q0ei1odwyu1s","40","40-44","Feminino","Distrito Federal (DF)","DF","Centro-oeste","de R$ 12.001/mês a R$ 16.000/mês","Cientista de Dados/Data Scientist","Pleno","Modelo 100% presencial","0","0","0","0","0","1","0","1","0","1","0","0","1","0","0","0","0","0","0","0","1","0","0","0","0","0","0","0"
"eq69v90pobsycitxfy6eq69v9355ck61","33","30-34","Masculino","São Paulo (SP)","SP","Sudeste","de R$ 12.001/mês a R$ 16.000/mês","Analista de BI/BI Analyst/Analytics Engineer","Sênior","Modelo 100% remoto","1","0","0","0","0","0","0","1","0","1","0","0","0","0","0","1","0","0","0","0","1","0","0","0","0","1","0","0"
"epvv274p2d85wv0gepfqsuhgz7fzrpjs","40","40-44","Masculino","São Paulo (SP)","SP","Sudeste","de R$ 6.001/mês a R$ 8.000/mês","Analista de Dados/Data Analyst","Sênior","Modelo 100% remoto","0","1","0","0","0","0","0","1","1","1","0","0","0","0","0","0","0","0","0","0","1","0","0","0","0","1","0","0"
"qio1or4voj03kjbus1fqio1or4heihz8","27","25-29","Masculino","","","Norte","","","","","","","","","","","","","","","","","","","","","","","","","","","","","","","",""
"q1ykyhlui105ur4dhl6q1yky9gwyr7ti","25","25-29","Masculino","São Paulo (SP)","SP","Sudeste","","","","","","","","","","","","","","","","","","","","","","","","","","","","","","","",""
"q1vl5ygnmcs3gz9kjykj5tq1vl5yg753","47","45-49","Masculino","Rio Grande do Sul (RS)","RS","Sul","","","","","","","","","","","","","","","","","","","","","","","","","","","","","","","",""
"eofmi3vwk5x0abeofmi4ia3in2r4jy7w","","55+","Masculino","Fora do Brasil","Exterior","Exterior","de R$ 6.001/mês a R$ 8.000/mês","Analista de BI/BI Analyst/Analytics Engineer","Pleno","Modelo híbrido flexível (o funcionário tem liberdade para escolher quando estar no escritório presencialmente)","0","0","0","0","0","1","0","0","0","1","0","0","0","0","0","0","0","0","0","0","1","0","0","0","0","0","0","0"
"eo311jqeuxhug0kvsbceo311jqacien8","28","25-29","Masculino","Minas Gerais (MG)","MG","Sudeste","de R$ 2.001/mês a R$ 3000/mês","Desenvolvedor ou Engenheiro de Software","Júnior","Modelo híbrido flexível (o funcionário tem liberdade para escolher quando estar no escritório presencialmente)","1","0","0","0","0","0","1","1","0","0","0","0","1","0","0","0","0","0","1","1","0","0","0","0","0","0","0","0"
"enjuda7ry0o3vbxenjuda55v1qzj7o16","20","17-21","Feminino","São Paulo (SP)","SP","Sudeste","de R$ 1.001/mês a R$ 2.000/mês","Cientista de Dados/Data Scientist","Júnior","Modelo 100% remoto","1","1","0","0","0","0","0","1","0","1","0","0","0","0","0","0","0","0","0","0","0","0","0","1","0","0","0","0"
"emj41h8lhdcwkgt1gnyemj41h8smk6hp","37","35-39","Masculino","Fora do Brasil","Exterior","Exterior","de R$ 20.001/mês a R$ 25.000/mês","Analista de BI/BI Analyst/Analytics Engineer","Sênior","Modelo híbrido flexível (o funcionário tem liberdade para escolher quando estar no escritório presencialmente)","0","0","1","0","0","0","0","0","0","0","0","0","0","0","0","0","0","0","0","0","0","1","0","0","0","0","0","0"
"nvpji0whl07anvpj6bg8u1z8kquhcxnc","45","45-49","Masculino","Bahia (BA)","BA","Nordeste","de R$ 8.001/mês a R$ 12.000/mês","Desenvolvedor ou Engenheiro de Software","Pleno","Modelo 100% remoto","1","0","0","0","0","0","0","0","0","1","0","0","0","0","0","0","0","0","0","0","0","0","0","0","0","0","0","1"
"elae9dueikyzq5x1baelaez2ijw8hku8","22","22-24","Feminino","São Paulo (SP)","SP","Sudeste","de R$ 1.001/mês a R$ 2.000/mês","Analista de BI/BI Analyst/Analytics Engineer","Júnior","Modelo híbrido flexível (o funcionário tem liberdade para escolher quando estar no escritório presencialmente)","0","0","0","1","0","0","0","1","1","1","0","0","1","0","0","0","0","0","0","0","0","0","0","0","0","0","0","0"
"ekfd7wndvg9w5sn99olp14ekfd7ehkpi","30","30-34","Masculino","Rio de Janeiro (RJ)","RJ","Sudeste","de R$ 8.001/mês a R$ 12.000/mês","Cientista de Dados/Data Scientist","Pleno","Modelo 100% remoto","1","0","0","0","0","0","0","1","1","1","0","0","0","0","0","0","0","0","0","0","0","0","0","0","0","0","0","0"
"tv65fddt4qhljfngtv65fddtgegcqhqp","53","50-54","Feminino","Distrito Federal (DF)","DF","Centro-oeste","de R$ 16.001/mês a R$ 20.000/mês","Estatístico","Sênior","Modelo 100% remoto","0","0","0","0","0","1","0","1","1","0","0","0","0","0","1","0","0","0","0","0","0","0","0","0","0","0","0","0"
"eizzvhlwtbkatvd68qhyeizzvh3psk9w","30","30-34","Feminino","Minas Gerais (MG)","MG","Sudeste","de R$ 6.001/mês a R$ 8.000/mês","Cientista de Dados/Data Scientist","Pleno","Modelo 100% remoto","1","0","0","0","0","0","0","1","1","1","0","0","1","0","0","0","0","0","0","1","1","0","0","0","0","0","0","0"
"t8wfkqby18zmfdjwt8wzcb3jopj3zed1","53","50-54","Masculino","Distrito Federal (DF)","DF","Centro-oeste","de R$ 16.001/mês a R$ 20.000/mês","Engenheiro de Dados/Data Engineer","Sênior","Modelo híbrido flexível (o funcionário tem liberdade para escolher quando estar no escritório presencialmente)","1","1","1","0","0","0","0","1","0","1","1","0","1","0","0","0","1","0","0","0","1","1","1","0","1","1","0","0"
"pxromor8fgmwf0lw7mkxpxru5dr6gris","29","25-29","Masculino","São Paulo (SP)","SP","Sudeste","","","","","","","","","","","","","","","","","","","","","","","","","","","","","","","",""
"pxia5h8bu8bii7o0888rhpxzootkjv30","30","30-34","Masculino","São Paulo (SP)","SP","Sudeste","","","","","","","","","","","","","","","","","","","","","","","","","","","","","","","",""
"ee0x45pz0u9gey1q8qai8ee0x45pz0zy","26","25-29","Masculino","Minas Gerais (MG)","MG","Sudeste","de R$ 6.001/mês a R$ 8.000/mês","Cientista de Dados/Data Scientist","Pleno","Modelo 100% remoto","1","1","0","0","0","0","0","1","0","1","0","0","0","0","0","0","0","0","0","0","0","0","0","1","0","1","0","0"
"edujkq9v3i2swu9biedujzw5ss45rj49","28","25-29","Masculino","Santa Catarina (SC)","SC","Sul","de R$ 8.001/mês a R$ 12.000/mês","Analista de BI/BI Analyst/Analytics Engineer","Pleno","Modelo 100% remoto","1","1","0","0","0","0","0","1","1","1","0","0","0","0","0","0","1","0","0","0","0","0","0","0","1","1","0","0"
"edtp102eenxuyihedtouuv5akp4x0buh","32","30-34","Masculino","São Paulo (SP)","SP","Sudeste","de R$ 12.001/mês a R$ 16.000/mês","Cientista de Dados/Data Scientist","Sênior","Modelo 100% remoto","0","0","1","0","0","1","0","1","1","1","0","0","0","0","0","0","0","0","0","0","0","0","0","0","0","0","0","1"
"pw2rqyelxem28wpw2qu15uj0i9jnhrad","24","22-24","Masculino","","","Norte","","","","","","","","","","","","","","","","","","","","","","","","","","","","","","","",""
"ecpyxan4u31bzecpyxa6pmh4j97vr0yi","30","30-34","Masculino","São Paulo (SP)","SP","Sudeste","de R$ 25.001/mês a R$ 30.000/mês","Engenheiro de Dados/Data Engineer","Sênior","Modelo 100% remoto","0","1","0","0","0","0","0","1","0","1","0","0","1","0","0","0","1","0","0","0","1","0","0","1","0","1","0","0"
"eclwt5uu80nebw8q5cineclwt5u7ihmb","28","25-29","Feminino","Distrito Federal (DF)","DF","Centro-oeste","de R$ 6.001/mês a R$ 8.000/mês","Analista de Dados/Data Analyst","Júnior","Modelo 100% remoto","1","0","0","0","0","0","0","1","0","1","0","0","0","0","0","1","0","0","0","0","1","0","0","0","0","1","1","0"
"ebcuv2nxogp7febcuerjn37job6rm7re","27","25-29","Masculino","Paraíba (PB)","PB","Nordeste","de R$ 12.001/mês a R$ 16.000/mês","Engenheiro de Dados/Data Engineer","Sênior","Modelo 100% remoto","0","0","0","0","0","0","1","1","0","1","0","0","0","0","0","0","0","0","0","0","0","0","0","0","0","1","0","0"
"eb1yo5n80n96q8kcoeex5eb1yo5xaxtn","25","25-29","Masculino","Rio de Janeiro (RJ)","RJ","Sudeste","de R$ 3.001/mês a R$ 4.000/mês","Desenvolvedor ou Engenheiro de Software","Pleno","Modelo 100% remoto","1","0","1","0","0","0","0","1","0","0","1","1","1","0","0","0","0","0","0","1","0","0","0","0","0","0","0","1"
"eat0vzhxz55hqi64ogveat0vzh7fmux6","42","40-44","Masculino","Rio Grande do Sul (RS)","RS","Sul","de R$ 25.001/mês a R$ 30.000/mês","Outro","Sênior","Modelo 100% remoto","0","0","1","0","0","0","0","0","1","1","0","0","1","0","0","0","0","0","0","1","1","0","0","0","0","0","0","0"
"pnpmyfbl0jppmjxi713q1pnpmy7g6p1s","30","30-34","Masculino","Fora do Brasil","Exterior","Exterior","de R$ 30.001/mês a R$ 40.000/mês","Engenheiro de Dados/Data Engineer","Sênior","Modelo híbrido flexível (o funcionário tem liberdade para escolher quando estar no escritório presencialmente)","1","0","0","0","0","0","0","1","0","1","0","0","0","0","0","0","0","0","0","0","0","0","0","0","0","0","0","0"
"ea8n8ph6c1yrxum3zeaxm0c5hhfb374j","30","30-34","Masculino","São Paulo (SP)","SP","Sudeste","de R$ 16.001/mês a R$ 20.000/mês","Cientista de Dados/Data Scientist","Pleno","Modelo 100% remoto","1","0","0","0","0","0","0","1","0","1","0","0","0","0","0","0","0","0","0","0","0","0","0","0","0","0","0","0"
"pl5dacigdhb5totk43pl5dacil8ejory","43","40-44","Masculino","São Paulo (SP)","SP","Sudeste","","","","","","","","","","","","","","","","","","","","","","","","","","","","","","","",""
"e9wxif1n5d9j8fbgwke9wxwpx84vvh9i","29","25-29","Masculino","Minas Gerais (MG)","MG","Sudeste","de R$ 6.001/mês a R$ 8.000/mês","Analista de BI/BI Analyst/Analytics Engineer","Pleno","Modelo híbrido flexível (o funcionário tem liberdade para escolher quando estar no escritório presencialmente)","1","1","0","0","0","0","0","1","0","1","0","0","0","0","0","0","0","0","0","0","1","0","0","1","0","0","0","0"
"pgoitwrsnfza05z6fdpgoitcmtayd3qj","38","35-39","Feminino","Rio de Janeiro (RJ)","RJ","Sudeste","","","","","","","","","","","","","","","","","","","","","","","","","","","","","","","",""
"e9m16wjwidrx30i91fh3e9m1tf4jkgev","20","17-21","Masculino","São Paulo (SP)","SP","Sudeste","de R$ 1.001/mês a R$ 2.000/mês","Analista de Dados/Data Analyst","Júnior","Modelo 100% remoto","1","0","0","0","0","0","0","1","0","1","0","0","0","0","0","0","0","0","0","0","0","0","0","0","0","0","0","1"
"e9ke8t1qj4bjkhz33qe9ke8m0xyxhp0j","40","40-44","Masculino","São Paulo (SP)","SP","Sudeste","de R$ 6.001/mês a R$ 8.000/mês","Outro","Sênior","Modelo híbrido com dias fixos de trabalho presencial","0","0","0","0","0","1","0","1","0","0","0","0","0","0","1","0","0","0","0","0","1","0","0","0","0","0","0","0"
"e92ltg38vz66qctx3jb4e6e92ltgt6o2","27","25-29","Masculino","Goiás (GO)","GO","Centro-oeste","de R$ 1.001/mês a R$ 2.000/mês","Cientista de Dados/Data Scientist","Júnior","Modelo 100% presencial","0","0","1","1","1","0","0","1","0","1","1","0","1","0","0","0","0","0","0","1","0","0","0","0","0","0","0","0"
"e8f9htbyfw4zvdp3t1zje8f9h10jhj8z","36","35-39","Masculino","São Paulo (SP)","SP","Sudeste","de R$ 3.001/mês a R$ 4.000/mês","Analista de BI/BI Analyst/Analytics Engineer","Pleno","Modelo 100% presencial","0","0","1","0","0","0","0","1","0","0","0","0","0","0","0","0","0","0","0","0","1","0","0","0","0","0","0","0"
"e8467b6udwym52l3ke8467egommtgfed","25","25-29","Masculino","São Paulo (SP)","SP","Sudeste","de R$ 4.001/mês a R$ 6.000/mês","Estatístico","Júnior","Modelo híbrido flexível (o funcionário tem liberdade para escolher quando estar no escritório presencialmente)","0","0","1","0","0","0","0","1","0","1","1","0","0","0","0","1","0","0","0","0","0","0","0","0","0","0","1","0"
"e7r2rw6uun077qqqde7vx5w15xatmbsv","29","25-29","Masculino","Minas Gerais (MG)","MG","Sudeste","de R$ 3.001/mês a R$ 4.000/mês","Engenheiro de Dados/Data Engineer","Sênior","Modelo 100% remoto","1","0","0","0","0","0","0","1","0","1","0","0","0","0","0","0","0","0","0","0","0","0","0","0","0","0","0","0"
"e7p0kyrpt0cwcok8haje7p0kwx9baamb","29","25-29","Feminino","São Paulo (SP)","SP","Sudeste","de R$ 3.001/mês a R$ 4.000/mês","Engenheiro de Dados/Data Engineer","Júnior","Modelo 100% remoto","1","0","0","0","0","0","0","1","0","1","0","0","0","0","0","0","0","0","0","0","0","0","0","1","0","0","0","0"
"p0egx9s2z6pswf0rett0wp0egx9s2s08","30","30-34","Feminino","Minas Gerais (MG)","MG","Sudeste","","","","","","","","","","","","","","","","","","","","","","","","","","","","","","","",""
"e7k6ykuidj4qrxqydggne7k6ygpqkfdc","29","25-29","Masculino","Rio de Janeiro (RJ)","RJ","Sudeste","de R$ 2.001/mês a R$ 3000/mês","","","Modelo híbrido flexível (o funcionário tem liberdade para escolher quando estar no escritório presencialmente)","","","","","","","","","","","","","","","","","","","","","","","","","","","",""
"e5tng9dzfw4h3u74v5pme5tng19a6cp7","25","25-29","Masculino","Pernambuco (PE)","PE","Nordeste","de R$ 6.001/mês a R$ 8.000/mês","Cientista de Dados/Data Scientist","Pleno","Modelo 100% remoto","1","0","1","0","1","0","0","1","1","1","0","0","0","0","0","0","0","0","0","0","1","0","1","0","0","0","0","0"
"e5q4ztq2lmczworzbpe5q45vr279kt7c","25","25-29","Masculino","Paraná (PR)","PR","Sul","de R$ 4.001/mês a R$ 6.000/mês","Desenvolvedor ou Engenheiro de Software","Júnior","Modelo 100% remoto","0","0","0","1","0","0","0","1","0","1","0","0","0","0","0","0","0","0","0","0","1","0","0","0","0","0","0","0"
"e5m6zbu095hs5p8zunre5m6zb2jhuzfw","24","22-24","Feminino","Santa Catarina (SC)","SC","Sul","de R$ 4.001/mês a R$ 6.000/mês","Analista de BI/BI Analyst/Analytics Engineer","Pleno","Modelo 100% remoto","0","1","0","0","0","0","0","1","0","1","0","0","1","0","0","0","0","0","0","1","1","0","0","0","0","0","0","0"
"762o4y7nlewegvxbt762o4y7f9qhizmd","27","25-29","Masculino","Ceará (CE)","CE","Nordeste","","","","","","","","","","","","","","","","","","","","","","","","","","","","","","","",""
"e4qzyjlj56yvlgy628bse4htkkuioeky","35","35-39","Masculino","Distrito Federal (DF)","DF","Centro-oeste","de R$ 20.001/mês a R$ 25.000/mês","","","Modelo híbrido com dias fixos de trabalho presencial","","","","","","","","","","","","","","","","","","","","","","","","","","","",""
"e48wsglk2r97w3qe487o1k3yhonmaptg","41","40-44","Feminino","Goiás (GO)","GO","Centro-oeste","de R$ 8.001/mês a R$ 12.000/mês","Analista de Negócios/Business Analyst","Pleno","Modelo 100% presencial","0","0","0","0","0","1","0","0","0","0","0","0","0","0","0","0","0","0","0","0","1","0","0","0","0","0","0","0"
"min7c2h4e0dam4qdmin7c2ckgtbxr4cj","24","22-24","Masculino","Bahia (BA)","BA","Nordeste","de R$ 3.001/mês a R$ 4.000/mês","Analista de Dados/Data Analyst","Júnior","Modelo 100% presencial","0","0","0","0","0","1","0","0","0","1","0","0","0","0","0","0","0","0","0","0","1","0","0","0","0","0","0","0"
"oyk318oce2ee16dooyk31jvix7qhybh1","32","30-34","Masculino","São Paulo (SP)","SP","Sudeste","","","","","","","","","","","","","","","","","","","","","","","","","","","","","","","",""
"e27vsaazjwbw4ubd9e27v2hgenj1go67","29","25-29","Feminino","São Paulo (SP)","SP","Sudeste","de R$ 8.001/mês a R$ 12.000/mês","Analista Administrativo","Sênior","Modelo 100% remoto","1","0","0","0","0","0","1","1","0","0","0","0","0","0","0","0","0","0","0","0","1","0","0","0","0","0","0","0"
"osbswxtm1cwfvd89up0osbsw3c6j0q5e","39","35-39","Feminino","São Paulo (SP)","SP","Sudeste","","","","","","","","","","","","","","","","","","","","","","","","","","","","","","","",""
"6cwnnernqe021n4tkm0gxyq6cwnnhnkd","35","35-39","Masculino","Ceará (CE)","CE","Nordeste","","","","","","","","","","","","","","","","","","","","","","","","","","","","","","","",""
"e0bobjt9p5rda8ne0bochpv9aqo1gwkj","32","30-34","Masculino","Santa Catarina (SC)","SC","Sul","de R$ 6.001/mês a R$ 8.000/mês","Engenheiro de Dados/Data Engineer","Pleno","Modelo 100% remoto","1","0","0","0","0","0","0","1","0","1","0","0","0","0","0","0","0","0","0","0","1","0","0","0","0","0","0","0"
"rcnbrlg8yvhzxj1g3o7t9rcnbrl06g2u","53","50-54","Masculino","São Paulo (SP)","SP","Sudeste","de R$ 8.001/mês a R$ 12.000/mês","Estatístico","Sênior","Modelo 100% remoto","0","0","0","0","0","1","0","0","0","0","0","0","0","0","0","0","0","0","0","0","0","0","0","0","0","0","0","0"
"dzs2fm5fb3e0rcxs4dzs2fd7gty4u36v","27","25-29","Masculino","Minas Gerais (MG)","MG","Sudeste","de R$ 4.001/mês a R$ 6.000/mês","Engenheiro de Machine Learning/ML Engineer","Júnior","Modelo 100% remoto","1","0","0","0","0","0","0","1","0","1","1","0","0","0","0","0","0","0","0","0","0","0","0","0","0","0","0","0"
"opttb9u6qthad2joptt87xfdft6tkrml","33","30-34","Masculino","São Paulo (SP)","SP","Sudeste","","","","","","","","","","","","","","","","","","","","","","","","","","","","","","","",""
"dyxwrn5jb4st1d14bel2rbtp5ujrad24","28","25-29","Masculino","São Paulo (SP)","SP","Sudeste","de R$ 6.001/mês a R$ 8.000/mês","Cientista de Dados/Data Scientist","Pleno","Modelo 100% remoto","1","0","0","0","0","0","0","1","0","1","0","0","0","0","0","0","0","0","0","0","0","0","1","0","0","0","0","0"
"dyiwj681sjr6np3b1k2vh3dyiwj6xe65","35","35-39","Masculino","São Paulo (SP)","SP","Sudeste","de R$ 4.001/mês a R$ 6.000/mês","Outro","Sênior","Modelo 100% presencial","0","0","0","0","0","1","0","0","0","0","0","0","0","0","0","0","0","0","0","0","0","0","0","0","0","0","1","0"
"dxj01lm2wwojkeoz7hgdxj01lh6rkt0g","25","25-29","Masculino","São Paulo (SP)","SP","Sudeste","de R$ 8.001/mês a R$ 12.000/mês","Analista de Dados/Data Analyst","Sênior","Modelo híbrido com dias fixos de trabalho presencial","0","0","0","1","0","0","0","1","0","1","0","0","0","0","0","1","0","0","0","0","1","0","0","0","0","0","0","0"
"dviqeg9s3r0705x6fqrqdviqeg9exq5v","25","25-29","Masculino","Goiás (GO)","GO","Centro-oeste","de R$ 4.001/mês a R$ 6.000/mês","Desenvolvedor ou Engenheiro de Software","Pleno","Modelo 100% presencial","1","0","0","0","0","1","0","1","1","0","0","0","1","0","0","0","0","0","1","1","1","0","0","0","0","1","0","0"
"dvi1l07r26dt704dvewp2ghybvdnefm5","39","35-39","Masculino","São Paulo (SP)","SP","Sudeste","de R$ 12.001/mês a R$ 16.000/mês","Engenheiro de Dados/Data Engineer","Sênior","Modelo híbrido flexível (o funcionário tem liberdade para escolher quando estar no escritório presencialmente)","0","1","0","0","0","1","0","1","0","1","0","0","0","0","1","0","0","0","0","0","1","0","0","0","0","1","0","0"
"duzitekokbs4u062vqlduzittmgt5i6b","22","22-24","Masculino","Distrito Federal (DF)","DF","Centro-oeste","de R$ 2.001/mês a R$ 3000/mês","Analista de BI/BI Analyst/Analytics Engineer","Júnior","Modelo 100% remoto","1","0","0","0","0","0","0","1","0","1","0","0","0","0","0","0","0","0","0","0","0","0","0","0","0","1","0","0"
"duxtsx4mjayahotjdduxpq7d4quzvbzt","22","22-24","Feminino","Santa Catarina (SC)","SC","Sul","de R$ 2.001/mês a R$ 3000/mês","Analista Administrativo","Júnior","Modelo híbrido com dias fixos de trabalho presencial","1","0","0","0","0","0","0","1","0","1","0","0","0","0","0","1","0","0","0","0","1","0","0","0","0","0","0","0"
"duez3mc0z9xnw7y91c5duezzagxshlsq","36","35-39","Masculino","Distrito Federal (DF)","DF","Centro-oeste","de R$ 20.001/mês a R$ 25.000/mês","Engenheiro de Dados/Data Engineer","Sênior","Modelo 100% remoto","0","0","1","0","0","0","0","1","0","1","0","0","0","0","0","0","0","0","0","0","1","0","0","0","0","0","0","0"
"du3tltxaxjjnfmu0irvtydu3trrhoery","32","30-34","Masculino","São Paulo (SP)","SP","Sudeste","de R$ 8.001/mês a R$ 12.000/mês","Engenheiro de Dados/Data Engineer","Sênior","Modelo 100% remoto","1","0","0","0","0","0","0","1","0","1","0","0","0","0","0","0","0","0","0","0","1","0","0","0","0","0","0","0"
"dtr4hsw9nxsa69g5dtr4hsz159dilb83","44","40-44","Masculino","São Paulo (SP)","SP","Sudeste","de R$ 8.001/mês a R$ 12.000/mês","Analista de Inteligência de Mercado/Market Intelligence","Sênior","Modelo 100% presencial","0","0","1","0","0","0","0","0","0","0","0","0","0","0","0","0","0","0","0","0","1","0","0","0","0","0","0","0"
"dtfoviz2128dmh82nfdtfovizs98k5n9","40","40-44","Masculino","São Paulo (SP)","SP","Sudeste","de R$ 16.001/mês a R$ 20.000/mês","Engenheiro de Machine Learning/ML Engineer","Sênior","Modelo 100% remoto","0","1","0","0","0","0","0","1","0","1","0","0","0","0","0","0","0","0","0","0","0","0","1","0","0","1","1","0"
"dtdezspwfltw10vendtdezsplzdban4m","47","45-49","Masculino","São Paulo (SP)","SP","Sudeste","de R$ 12.001/mês a R$ 16.000/mês","Desenvolvedor ou Engenheiro de Software","Sênior","Modelo híbrido flexível (o funcionário tem liberdade para escolher quando estar no escritório presencialmente)","0","0","1","1","0","1","0","1","0","0","1","1","1","0","0","0","0","0","1","1","0","0","0","0","0","0","0","0"
"ok22dfodpjdtw4b2fok227u6gcbmilp7","28","25-29","Masculino","Paraná (PR)","PR","Sul","","","","","","","","","","","","","","","","","","","","","","","","","","","","","","","",""
"oc6vm97t6fuc5g7favwoc6vmdlddwbr2","32","30-34","Feminino","São Paulo (SP)","SP","Sudeste","","","","","","","","","","","","","","","","","","","","","","","","","","","","","","","",""
"dsm9cdzt1acihe2dsm9uhm2likmplbj2","31","30-34","Feminino","São Paulo (SP)","SP","Sudeste","de R$ 8.001/mês a R$ 12.000/mês","Analista de Dados/Data Analyst","Sênior","Modelo 100% remoto","0","1","0","0","0","0","0","1","0","1","0","0","0","0","0","0","0","0","0","0","0","0","0","0","0","1","0","0"
"drhzesnv0ri5p8n80npzrbdrhzesnviw","30","30-34","Masculino","São Paulo (SP)","SP","Sudeste","de R$ 8.001/mês a R$ 12.000/mês","Analista de Dados/Data Analyst","Sênior","Modelo 100% remoto","1","0","0","0","0","0","0","1","0","1","0","0","0","0","0","0","0","0","0","0","0","0","0","1","1","0","0","0"
"dr5d9fdhviiia5efc2lbdr5d9fdthovh","27","25-29","Masculino","Espírito Santo (ES)","ES","Sudeste","de R$ 12.001/mês a R$ 16.000/mês","Desenvolvedor ou Engenheiro de Software","Sênior","Modelo 100% remoto","1","0","0","0","0","0","0","0","0","1","0","0","0","0","0","0","0","0","0","0","0","0","0","0","1","0","0","0"
"o6ktxq9skzbj1ry59opfz7o6ktxq9tih","25","25-29","Masculino","Santa Catarina (SC)","SC","Sul","","","","","","","","","","","","","","","","","","","","","","","","","","","","","","","",""
"dqkss4psdw4974ddc49dqkss4cezva00","30","30-34","Masculino","Minas Gerais (MG)","MG","Sudeste","de R$ 6.001/mês a R$ 8.000/mês","Cientista de Dados/Data Scientist","Pleno","Modelo 100% remoto","1","1","1","0","0","0","0","0","0","1","0","0","0","0","0","0","0","0","0","0","0","0","0","0","0","0","0","1"
"dq0jl4fht48v0xdq0jlmmobypq4qa1zn","30","30-34","Masculino","Paraíba (PB)","PB","Nordeste","de R$ 1.001/mês a R$ 2.000/mês","Analista Administrativo","Júnior","Modelo 100% presencial","0","0","0","0","0","1","0","0","0","0","0","0","0","0","0","0","0","0","0","0","0","0","0","0","0","0","0","0"
"dpl3jlywb0gfyuc58n8dpl3i37j0hcp1","31","30-34","Masculino","Paraná (PR)","PR","Sul","de R$ 8.001/mês a R$ 12.000/mês","Analista de Dados/Data Analyst","Sênior","Modelo 100% remoto","0","0","1","0","0","0","0","1","1","1","0","0","0","0","0","0","0","0","0","0","0","0","0","0","0","0","0","0"
"nvo4nvhz6navu8k2zkrbcnvo4nvh9l97","40","40-44","Masculino","Rio de Janeiro (RJ)","RJ","Sudeste","","","","","","","","","","","","","","","","","","","","","","","","","","","","","","","",""
"dox4se7ky5uiv1rzpdox4s53wqegqqf0","33","30-34","Masculino","São Paulo (SP)","SP","Sudeste","de R$ 8.001/mês a R$ 12.000/mês","Cientista de Dados/Data Scientist","Pleno","Modelo 100% remoto","0","0","1","0","0","0","0","0","0","1","0","0","0","0","0","0","0","0","0","0","0","0","0","0","0","0","0","1"
"2jpyejgxum06dsthn2jpy6ijpgv2j5na","25","25-29","Masculino","Ceará (CE)","CE","Nordeste","","","","","","","","","","","","","","","","","","","","","","","","","","","","","","","",""
"np8kb5mbr43dnah2iq6o7np8y1z1l2fm","21","17-21","Masculino","São Paulo (SP)","SP","Sudeste","","","","","","","","","","","","","","","","","","","","","","","","","","","","","","","",""
"dl5riak26cvsjwsv9wk40dgdl5riak83","29","25-29","Masculino","São Paulo (SP)","SP","Sudeste","de R$ 4.001/mês a R$ 6.000/mês","Analista de Dados/Data Analyst","Júnior","Modelo híbrido com dias fixos de trabalho presencial","0","0","0","0","0","1","0","1","0","0","0","0","0","0","0","1","0","0","0","0","1","0","0","0","0","0","1","0"
"nlzdifqe9kct6h0u56vykgtnlzdifq1i","29","25-29","Masculino","Rio Grande do Norte (RN)","RN","Nordeste","","","","","","","","","","","","","","","","","","","","","","","","","","","","","","","",""
"dk5re95r17ohao8633midk5re9g1x0q6","36","35-39","Masculino","São Paulo (SP)","SP","Sudeste","de R$ 6.001/mês a R$ 8.000/mês","Outro","Sênior","Modelo híbrido com dias fixos de trabalho presencial","0","0","0","0","0","1","0","0","0","1","0","0","0","0","0","0","0","0","0","0","0","0","0","0","0","0","0","1"
"djfq3lpsgz6n7eu8lm5apzddjfq3lpl4","30","30-34","Masculino","Minas Gerais (MG)","MG","Sudeste","de R$ 8.001/mês a R$ 12.000/mês","Analista de Negócios/Business Analyst","Sênior","Modelo híbrido flexível (o funcionário tem liberdade para escolher quando estar no escritório presencialmente)","1","0","0","0","0","0","0","1","0","1","0","0","0","0","0","0","0","0","0","0","1","0","0","0","0","1","0","0"
"din2cwt7mogr02q46s005din2csituq3","27","25-29","Masculino","Paraná (PR)","PR","Sul","de R$ 4.001/mês a R$ 6.000/mês","Analista de Dados/Data Analyst","Pleno","Modelo 100% remoto","1","0","0","0","0","0","0","1","0","0","0","0","0","0","0","0","0","0","0","0","1","0","0","0","0","0","0","0"
"di7v7oxxp7pigjz7md4adi7v7onw92v7","27","25-29","Masculino","Rio de Janeiro (RJ)","RJ","Sudeste","de R$ 4.001/mês a R$ 6.000/mês","Analista de Negócios/Business Analyst","Pleno","Modelo híbrido flexível (o funcionário tem liberdade para escolher quando estar no escritório presencialmente)","0","0","0","0","0","1","0","0","0","0","0","0","0","0","0","0","0","0","0","0","1","0","0","0","0","0","0","0"
"dg3fz77str7kydg3fb6ox9ns2ya2dhn0","24","22-24","Masculino","São Paulo (SP)","SP","Sudeste","de R$ 4.001/mês a R$ 6.000/mês","Analista de Dados/Data Analyst","Júnior","Modelo 100% remoto","0","0","0","0","0","1","0","0","0","0","0","0","0","0","0","0","0","0","0","0","1","0","0","0","0","0","0","0"
"dfb0eovlqymj8qzef9ol0udfb0eoqi19","27","25-29","Masculino","Santa Catarina (SC)","SC","Sul","de R$ 6.001/mês a R$ 8.000/mês","Cientista de Dados/Data Scientist","Pleno","Modelo 100% remoto","1","0","0","0","0","0","0","1","0","1","0","0","0","0","0","0","0","0","0","0","0","0","0","0","0","0","0","0"
"deq36fzc8jyp2rf0udeq36kr1kki0qhs","29","25-29","Masculino","Distrito Federal (DF)","DF","Centro-oeste","de R$ 8.001/mês a R$ 12.000/mês","Engenheiro de Machine Learning/ML Engineer","Pleno","Modelo 100% remoto","0","0","0","0","0","1","0","1","0","1","0","0","1","0","0","0","0","0","0","1","0","0","0","1","0","0","0","0"
"deptbnmlg4p0iuonwodept7eeluh5ov4","26","25-29","Masculino","Goiás (GO)","GO","Centro-oeste","de R$ 4.001/mês a R$ 6.000/mês","Desenvolvedor ou Engenheiro de Software","Pleno","Modelo 100% remoto","1","0","0","0","0","0","0","1","0","0","0","0","1","0","0","0","0","0","0","1","0","0","0","0","0","0","1","0"
"deptbnmlg4p0iuonwodept7eeluh5ov4","26","25-29","Masculino","Goiás (GO)","GO","Centro-oeste","de R$ 4.001/mês a R$ 6.000/mês","Desenvolvedor ou Engenheiro de Software","Pleno","Modelo 100% remoto","1","0","0","0","0","0","0","1","0","0","0","0","1","0","0","0","0","0","0","1","0","0","0","0","0","0","1","0"
"nlnzdkqtaz6ypc25peanlnzdk8etgmfu","42","40-44","Masculino","Paraná (PR)","PR","Sul","","","","","","","","","","","","","","","","","","","","","","","","","","","","","","","",""
"de7sp0qdmb1egf6lbst2de7sp0zm1jyg","27","25-29","Masculino","Minas Gerais (MG)","MG","Sudeste","de R$ 6.001/mês a R$ 8.000/mês","Cientista de Dados/Data Scientist","Pleno","Modelo híbrido flexível (o funcionário tem liberdade para escolher quando estar no escritório presencialmente)","0","0","1","0","0","0","0","1","0","1","0","0","0","0","1","0","0","0","0","0","1","0","0","0","0","1","0","0"
"de3544sucy2x3bta64zude3544s0iehf","31","30-34","Masculino","Rio de Janeiro (RJ)","RJ","Sudeste","de R$ 6.001/mês a R$ 8.000/mês","Analista de BI/BI Analyst/Analytics Engineer","Pleno","Modelo híbrido flexível (o funcionário tem liberdade para escolher quando estar no escritório presencialmente)","0","0","1","0","0","0","0","1","0","0","0","0","0","0","0","0","0","0","0","0","1","0","0","0","0","0","0","0"
"mhx0uuo173jzfa9niaemhx0ujfcfj7xv","38","35-39","Masculino","Mato Grosso do Sul (MS)","MS","Centro-oeste","de R$ 12.001/mês a R$ 16.000/mês","Analista de Dados/Data Analyst","Sênior","Modelo 100% remoto","0","0","0","0","0","0","1","0","1","0","0","0","0","0","0","0","0","0","0","0","1","0","0","0","0","0","0","0"
"dctos112fmbor431ydctosxf5p9mf5je","28","25-29","Feminino","Rio Grande do Sul (RS)","RS","Sul","de R$ 4.001/mês a R$ 6.000/mês","Analista de Dados/Data Analyst","Júnior","Modelo 100% remoto","1","0","0","0","0","0","0","1","0","1","0","0","0","0","0","0","0","0","0","0","0","0","0","1","0","0","0","0"
"nggi8gpxkbv69bl9z9yppnggi8g5sjre","27","25-29","Feminino","São Paulo (SP)","SP","Sudeste","","","","","","","","","","","","","","","","","","","","","","","","","","","","","","","",""
"mu9zjekop8syhkibuvkxmu9zjztu0d6s","34","30-34","Masculino","Rio Grande do Sul (RS)","RS","Sul","","","","","","","","","","","","","","","","","","","","","","","","","","","","","","","",""
"dawqt20ueo8qhptqshda2r2moppicu49","32","30-34","Feminino","Minas Gerais (MG)","MG","Sudeste","de R$ 2.001/mês a R$ 3000/mês","Engenheiro de Dados/Data Engineer","Júnior","Modelo 100% remoto","0","1","0","0","0","0","0","1","0","1","0","0","0","0","0","0","0","0","0","0","0","0","0","0","0","0","0","0"
"dam6djbg4vgl7dam6dq7wxgbngmc13mb","34","30-34","Masculino","São Paulo (SP)","SP","Sudeste","de R$ 4.001/mês a R$ 6.000/mês","Desenvolvedor ou Engenheiro de Software","Júnior","Modelo 100% presencial","0","0","0","0","0","1","0","1","0","0","0","0","1","0","0","0","0","0","1","1","0","0","0","0","0","0","1","1"
"da6343b3o3dib4r1tttda61im79dkdfx","35","35-39","Masculino","Minas Gerais (MG)","MG","Sudeste","de R$ 8.001/mês a R$ 12.000/mês","Engenheiro de Dados/Data Engineer","Pleno","Modelo 100% remoto","0","1","0","0","0","0","0","1","0","1","0","0","0","0","0","0","0","0","0","0","0","0","1","0","0","1","1","0"
"d9ovvf9k77r2pmm9d9iiullix8u8cmji","24","22-24","Feminino","Minas Gerais (MG)","MG","Sudeste","de R$ 6.001/mês a R$ 8.000/mês","Cientista de Dados/Data Scientist","Pleno","Modelo híbrido flexível (o funcionário tem liberdade para escolher quando estar no escritório presencialmente)","1","0","0","0","0","0","0","1","0","1","0","0","1","0","0","0","0","0","0","1","1","0","0","0","0","0","0","0"
"d95suxcxgvw8zlwex7d95suxea8egdbu","22","22-24","Masculino","Minas Gerais (MG)","MG","Sudeste","de R$ 1.001/mês a R$ 2.000/mês","Analista de Dados/Data Analyst","Júnior","Modelo 100% remoto","1","0","0","0","0","0","0","1","0","1","0","0","0","0","0","0","0","0","0","0","1","0","0","0","0","0","0","0"
"d92122vr69o4jn65x9d9212nss778mt3","20","17-21","Masculino","Distrito Federal (DF)","DF","Centro-oeste","de R$ 1.001/mês a R$ 2.000/mês","Analista de Dados/Data Analyst","Júnior","Modelo 100% presencial","0","0","1","0","0","1","0","1","0","1","0","0","0","0","0","0","0","0","0","0","0","0","1","0","0","0","0","0"
"d7y2yhm8l0k0bkft22n795d7y2y1klij","29","25-29","Masculino","São Paulo (SP)","SP","Sudeste","de R$ 30.001/mês a R$ 40.000/mês","Cientista de Dados/Data Scientist","Pleno","Modelo 100% remoto","1","0","0","0","0","0","0","1","0","1","0","0","0","0","0","0","0","0","0","0","0","0","0","0","0","0","0","1"
"m1fbtu7wnn0dbf0ddwa8tm1fbtuc4fy3","26","25-29","Feminino","Bahia (BA)","BA","Nordeste","de R$ 4.001/mês a R$ 6.000/mês","Engenheiro de Dados/Data Engineer","Júnior","Modelo 100% remoto","1","0","0","0","0","0","0","1","0","1","0","0","0","0","0","0","0","0","0","0","0","0","0","0","0","0","0","1"
"d6o460smtwif0sdjjgje8ndd6o46dmwn","42","40-44","Feminino","São Paulo (SP)","SP","Sudeste","de R$ 6.001/mês a R$ 8.000/mês","Analista de BI/BI Analyst/Analytics Engineer","Sênior","Modelo híbrido flexível (o funcionário tem liberdade para escolher quando estar no escritório presencialmente)","0","0","0","0","0","1","0","1","0","1","0","0","0","0","0","0","0","0","0","0","0","0","0","0","0","0","0","1"
"mro3r7gk2mb88wer0mvumro3r74l9fm4","33","30-34","Masculino","Goiás (GO)","GO","Centro-oeste","","","","","","","","","","","","","","","","","","","","","","","","","","","","","","","",""
"d52hbacl665lt8r74oy0k0zd52hbaccb","24","22-24","Masculino","São Paulo (SP)","SP","Sudeste","de R$ 4.001/mês a R$ 6.000/mês","Cientista de Dados/Data Scientist","Pleno","Modelo híbrido flexível (o funcionário tem liberdade para escolher quando estar no escritório presencialmente)","0","0","1","0","0","0","1","1","0","1","0","0","0","0","0","0","0","0","0","0","0","0","0","0","0","0","0","1"
"d525n20pnkurn132jh9z5d525n2z60ck","23","22-24","Feminino","Rio de Janeiro (RJ)","RJ","Sudeste","de R$ 1.001/mês a R$ 2.000/mês","Cientista de Dados/Data Scientist","Júnior","Modelo híbrido flexível (o funcionário tem liberdade para escolher quando estar no escritório presencialmente)","0","0","0","0","1","0","0","1","0","1","0","0","0","0","0","0","0","0","0","0","0","0","1","0","0","0","0","0"
"d4kdr4zgvyam61y3czd4kdr4bl83w81n","38","35-39","Masculino","São Paulo (SP)","SP","Sudeste","de R$ 6.001/mês a R$ 8.000/mês","Outras Engenharias (não inclui dev)","Sênior","Modelo 100% presencial","0","0","0","0","0","1","1","1","0","1","0","0","1","0","0","0","0","0","0","1","1","0","0","1","0","0","1","0"
"d4anou4zecmpp7glutd4anou7c0v86ey","31","30-34","Masculino","Rio Grande do Sul (RS)","RS","Sul","de R$ 8.001/mês a R$ 12.000/mês","Arquiteto de Dados","Sênior","Modelo híbrido flexível (o funcionário tem liberdade para escolher quando estar no escritório presencialmente)","1","0","0","0","0","0","0","1","0","1","0","0","0","0","0","0","0","0","0","0","0","0","0","0","0","0","0","0"
"lkjsf8t6n1ni3ullkjcgp8xtwcgzpofy","28","25-29","Masculino","Bahia (BA)","BA","Nordeste","de R$ 3.001/mês a R$ 4.000/mês","Analista de Negócios/Business Analyst","Júnior","Modelo híbrido com dias fixos de trabalho presencial","0","0","0","0","0","1","0","1","0","1","0","0","0","0","0","1","0","0","0","0","1","0","1","0","0","0","1","0"
"d2urer6nromw2dfj8et5d2urer60b17o","24","22-24","Masculino","Rio de Janeiro (RJ)","RJ","Sudeste","de R$ 4.001/mês a R$ 6.000/mês","Analista de BI/BI Analyst/Analytics Engineer","Júnior","Modelo híbrido com dias fixos de trabalho presencial","1","1","0","0","1","0","0","1","0","1","0","0","0","0","0","0","0","0","0","0","1","0","0","0","0","1","0","0"
"d2pa4m3ewuokqgp3beopd2pa42f5ykal","35","35-39","Masculino","São Paulo (SP)","SP","Sudeste","de R$ 8.001/mês a R$ 12.000/mês","Cientista de Dados/Data Scientist","Júnior","Modelo 100% remoto","0","0","0","0","1","0","0","0","0","1","0","0","0","0","0","0","0","0","0","0","0","0","0","0","0","0","0","0"
"d28p0dhh3iawu035hod28p0dsuvlw5wr","30","30-34","Masculino","Minas Gerais (MG)","MG","Sudeste","de R$ 8.001/mês a R$ 12.000/mês","Cientista de Dados/Data Scientist","Pleno","Modelo 100% remoto","1","0","1","0","0","0","0","1","1","1","0","0","0","0","0","0","0","0","0","0","1","0","0","0","0","0","0","0"
"d264ifrig2xv6vumkyd264f634u0ba5m","26","25-29","Feminino","Distrito Federal (DF)","DF","Centro-oeste","de R$ 16.001/mês a R$ 20.000/mês","Cientista de Dados/Data Scientist","Sênior","Modelo 100% remoto","1","1","0","0","0","0","0","1","0","1","0","0","0","0","0","0","0","0","0","0","1","0","0","0","0","0","0","0"
"d242bu1nlci5s89m1d248mhhhgduipa4","30","30-34","Feminino","Pernambuco (PE)","PE","Nordeste","de R$ 4.001/mês a R$ 6.000/mês","Analista de BI/BI Analyst/Analytics Engineer","Pleno","Modelo 100% remoto","0","1","1","0","0","0","0","1","0","1","0","0","0","0","0","0","0","0","0","0","0","1","0","0","0","1","0","0"
"d1kqyapfe4xi10icneld1kqyagwnvtzk","26","25-29","Masculino","Minas Gerais (MG)","MG","Sudeste","de R$ 4.001/mês a R$ 6.000/mês","Engenheiro de Dados/Data Engineer","Júnior","Modelo 100% remoto","0","0","1","0","0","0","0","1","0","0","0","0","1","0","0","0","1","0","0","0","0","0","0","0","0","0","0","1"
"d0g5kq25g3jux5d7xofd0g5k1kzhpt87","28","25-29","Feminino","Rio Grande do Sul (RS)","RS","Sul","de R$ 8.001/mês a R$ 12.000/mês","Engenheiro de Machine Learning/ML Engineer","Pleno","Modelo 100% remoto","0","1","0","0","0","0","0","1","0","1","0","0","0","0","0","0","0","0","0","0","0","0","0","1","0","0","0","0"
"d07ug7ynxiy34xyfftd07ueveraovnuz","30","30-34","Masculino","Minas Gerais (MG)","MG","Sudeste","de R$ 1.001/mês a R$ 2.000/mês","Analista de BI/BI Analyst/Analytics Engineer","Júnior","Modelo 100% presencial","0","0","0","0","0","1","0","0","0","1","0","0","0","0","0","0","0","0","0","0","1","0","0","0","0","1","1","0"
"czzawp74tmin5zf2a65czzawpb90204a","24","22-24","Masculino","Distrito Federal (DF)","DF","Centro-oeste","de R$ 1.001/mês a R$ 2.000/mês","Analista de BI/BI Analyst/Analytics Engineer","Júnior","Modelo 100% remoto","1","0","0","1","0","0","0","0","0","1","0","0","0","0","0","0","0","0","0","0","1","0","0","0","0","1","0","0"
"mjc9k0dhi11ryjswi4vxmjc9k0dg0r6u","21","17-21","Masculino","","","Norte","","","","","","","","","","","","","","","","","","","","","","","","","","","","","","","",""
"cypuaui1wp9p0w9cypuutvsppyr1scnd","31","30-34","Masculino","São Paulo (SP)","SP","Sudeste","de R$ 16.001/mês a R$ 20.000/mês","Cientista de Dados/Data Scientist","Pleno","Modelo 100% remoto","0","0","1","0","0","0","0","1","1","0","0","0","0","0","0","0","0","0","0","0","0","0","0","0","0","0","0","0"
"cyod52u4axncomkh6cyod5rnmytc98yy","48","45-49","Masculino","","","Norte","de R$ 2.001/mês a R$ 3000/mês","Outro","Pleno","Modelo 100% presencial","0","1","0","0","0","0","0","1","0","0","0","0","0","0","0","0","0","0","0","0","1","0","1","0","0","0","0","0"
"mgp4pp3xr6esmu9mv6ybmgp4psjy973r","41","40-44","Masculino","São Paulo (SP)","SP","Sudeste","","","","","","","","","","","","","","","","","","","","","","","","","","","","","","","",""
"cwadd5oyrejwcwad33aoqaqw1mxm33ao","28","25-29","Feminino","Rio de Janeiro (RJ)","RJ","Sudeste","de R$ 8.001/mês a R$ 12.000/mês","Analista de BI/BI Analyst/Analytics Engineer","Pleno","Modelo 100% remoto","1","1","0","0","0","0","0","1","0","1","0","0","0","0","0","0","0","0","0","0","0","0","0","0","0","1","0","0"
"mf4oupwgnofcobz42camf4oupjtyra5u","30","30-34","Feminino","Fora do Brasil","Exterior","Exterior","","","","","","","","","","","","","","","","","","","","","","","","","","","","","","","",""
"cw2lyfl4g8cvy3x5eanhcw2lyfyq6avj","38","35-39","Feminino","São Paulo (SP)","SP","Sudeste","de R$ 8.001/mês a R$ 12.000/mês","Analista de Dados/Data Analyst","Sênior","Modelo 100% remoto","0","1","0","0","0","0","0","1","0","0","0","0","0","0","0","0","0","0","0","0","0","0","0","0","0","1","0","0"
"cvpes76fvr2mozn6xaj5af3cvpevu7p5","23","22-24","Masculino","Distrito Federal (DF)","DF","Centro-oeste","de R$ 2.001/mês a R$ 3000/mês","Cientista de Dados/Data Scientist","Júnior","Modelo 100% remoto","1","0","0","0","0","0","0","0","0","1","0","0","0","0","0","0","0","0","0","0","0","0","0","0","0","0","0","0"
"cvdqtmqcmkuvwuggg0ycvdqtm8fh5dn6","38","35-39","Masculino","São Paulo (SP)","SP","Sudeste","de R$ 8.001/mês a R$ 12.000/mês","Desenvolvedor ou Engenheiro de Software","Júnior","Modelo híbrido com dias fixos de trabalho presencial","0","0","1","0","0","0","0","0","0","1","0","1","1","0","0","0","0","0","0","1","0","0","0","0","0","0","1","0"
"cv8aazzakzx3zne67kcv8aazrvnnvsl5","28","25-29","Masculino","São Paulo (SP)","SP","Sudeste","de R$ 4.001/mês a R$ 6.000/mês","Analista de Dados/Data Analyst","Júnior","Modelo 100% remoto","0","0","0","0","0","0","0","1","0","1","0","0","0","0","1","0","0","0","0","0","1","0","0","0","0","0","0","0"
"culhzwxjt3v1wijculhwyfan95kicm5c","27","25-29","Masculino","Minas Gerais (MG)","MG","Sudeste","de R$ 3.001/mês a R$ 4.000/mês","Outro","Pleno","Modelo 100% remoto","","","","","","","","0","0","0","0","0","0","0","0","0","0","0","0","0","1","0","0","0","0","0","1","0"
"cttl4rqoy12gstxahmwctjcttl4rqgim","23","22-24","Masculino","Santa Catarina (SC)","SC","Sul","de R$ 4.001/mês a R$ 6.000/mês","Cientista de Dados/Data Scientist","Júnior","Modelo 100% remoto","1","0","0","0","0","0","0","1","0","1","0","0","0","0","0","0","0","0","0","0","0","0","0","0","0","0","0","0"
"m90gos59aa687shm90gyogwpvgxzv7jz","40","40-44","Masculino","Rio de Janeiro (RJ)","RJ","Sudeste","","","","","","","","","","","","","","","","","","","","","","","","","","","","","","","",""
"cth8lh7knfovolcncimcth8libkib6vw","27","25-29","Masculino","São Paulo (SP)","SP","Sudeste","de R$ 8.001/mês a R$ 12.000/mês","Engenheiro de Machine Learning/ML Engineer","Pleno","Modelo 100% remoto","0","0","1","0","0","0","0","1","0","1","0","0","0","0","0","0","0","0","0","0","1","0","0","1","0","0","0","0"
"lylvmrchi4cq05qtck7lylvmipwilghp","28","25-29","Feminino","Pernambuco (PE)","PE","Nordeste","","","","","","","","","","","","","","","","","","","","","","","","","","","","","","","",""
"liac8i8dnaa1fmbikuliac8iimqvy9xx","20","17-21","Masculino","Bahia (BA)","BA","Nordeste","de R$ 1.001/mês a R$ 2.000/mês","Outro","Júnior","Modelo 100% presencial","0","0","0","0","1","0","0","0","0","1","0","0","0","0","0","0","0","0","0","0","1","0","0","0","0","0","0","0"
"crtjl6m3hcm1zcrtjuh2gghuujw9qrh2","30","30-34","Masculino","São Paulo (SP)","SP","Sudeste","de R$ 12.001/mês a R$ 16.000/mês","Analista de Negócios/Business Analyst","Sênior","Modelo híbrido flexível (o funcionário tem liberdade para escolher quando estar no escritório presencialmente)","0","0","1","0","0","0","0","0","0","1","0","0","0","0","0","0","0","0","0","0","1","0","0","0","0","0","0","0"
"lursuv46txobspyolursetjgs7q94m7z","24","22-24","Masculino","","","Norte","","","","","","","","","","","","","","","","","","","","","","","","","","","","","","","",""
"lsyqohtr2lkexjlsyqohks0paq71l4ha","35","35-39","Feminino","São Paulo (SP)","SP","Sudeste","","","","","","","","","","","","","","","","","","","","","","","","","","","","","","","",""
"cr2fwvozgv4gggrlvucr2fwv4yu75poy","37","35-39","Masculino","São Paulo (SP)","SP","Sudeste","de R$ 3.001/mês a R$ 4.000/mês","","","Modelo híbrido com dias fixos de trabalho presencial","","","","","","","","","","","","","","","","","","","","","","","","","","","",""
"cqfi1viqx9l36cqfimgw6ljrci7u22wh","21","17-21","Feminino","Espírito Santo (ES)","ES","Sudeste","de R$ 1.001/mês a R$ 2.000/mês","Cientista de Dados/Data Scientist","Júnior","Modelo 100% remoto","0","0","0","0","0","1","0","1","0","1","0","0","0","0","1","0","0","0","0","0","0","0","0","0","0","0","0","0"
"cq8gi511pn4hodqucq8giv3xzuwqhhhw","33","30-34","Masculino","São Paulo (SP)","SP","Sudeste","de R$ 3.001/mês a R$ 4.000/mês","Analista de BI/BI Analyst/Analytics Engineer","Júnior","Modelo 100% remoto","0","0","0","0","1","0","0","1","0","1","0","0","0","0","0","0","0","0","0","0","0","1","1","0","0","0","0","0"
"cq0f6wru8ygavhinscq9fh05x79x5bnc","30","30-34","Masculino","Minas Gerais (MG)","MG","Sudeste","de R$ 4.001/mês a R$ 6.000/mês","Engenheiro de Dados/Data Engineer","Pleno","Modelo 100% remoto","0","0","0","0","0","0","1","1","0","1","0","0","1","0","0","0","0","0","0","1","1","0","0","0","0","0","0","0"
"cpx05s41znj72tiv01mkkcpx0lde6yaz","26","25-29","Feminino","São Paulo (SP)","SP","Sudeste","de R$ 6.001/mês a R$ 8.000/mês","Analista de Negócios/Business Analyst","Pleno","Modelo híbrido flexível (o funcionário tem liberdade para escolher quando estar no escritório presencialmente)","1","1","0","0","0","0","0","1","0","1","0","0","1","0","0","0","0","0","0","1","1","0","0","0","0","1","0","0"
"klt5f5yzgqhe1bnv0jyklt5f5ysrn483","40","40-44","Masculino","Bahia (BA)","BA","Nordeste","de R$ 4.001/mês a R$ 6.000/mês","Analista de BI/BI Analyst/Analytics Engineer","Pleno","Modelo 100% remoto","0","0","1","0","0","0","0","1","0","0","0","0","0","0","0","0","0","0","0","0","1","1","1","0","0","1","0","0"
"kb9znkv2h59lb67jkb9k0h78ligl7t4l","25","25-29","Masculino","Bahia (BA)","BA","Nordeste","de R$ 1.001/mês a R$ 2.000/mês","Analista de BI/BI Analyst/Analytics Engineer","Júnior","Modelo 100% presencial","0","0","0","0","0","1","0","1","0","0","0","0","0","0","0","1","0","0","0","0","1","0","0","0","0","0","0","0"
"ll9r2jv7uyrbuu3m9sicc8ll9r2jxi0u","21","17-21","Masculino","Minas Gerais (MG)","MG","Sudeste","","","","","","","","","","","","","","","","","","","","","","","","","","","","","","","",""
"cnp8hqlo2s320ognbcnp81i5mbl89kbk","38","35-39","Masculino","São Paulo (SP)","SP","Sudeste","de R$ 8.001/mês a R$ 12.000/mês","Desenvolvedor ou Engenheiro de Software","Sênior","Modelo 100% remoto","1","0","0","0","0","0","0","1","1","1","1","1","0","0","0","0","0","0","0","0","1","0","1","0","0","1","0","0"
"cnbv2dlgxurym9fdom0jcnbv2dc0eem4","36","35-39","Feminino","Minas Gerais (MG)","MG","Sudeste","de R$ 8.001/mês a R$ 12.000/mês","Analista de BI/BI Analyst/Analytics Engineer","Pleno","Modelo 100% remoto","0","0","1","0","0","0","0","1","0","0","0","0","0","0","0","0","0","0","0","0","1","0","0","0","0","0","0","0"
"cmlohmsqgudpeet8cmlue0ewzhv52f5f","26","25-29","Masculino","Paraná (PR)","PR","Sul","de R$ 6.001/mês a R$ 8.000/mês","Cientista de Dados/Data Scientist","Pleno","Modelo híbrido com dias fixos de trabalho presencial","1","0","0","0","0","0","0","1","0","1","0","0","0","0","1","0","0","0","0","0","0","0","0","0","0","0","0","1"
"cmkzzb836sny4lhel6cmky78ztw3rdjw","21","17-21","Masculino","Sergipe (SE)","SE","Nordeste","de R$ 1.001/mês a R$ 2.000/mês","Estatístico","Júnior","Modelo 100% presencial","0","0","0","0","0","0","0","0","1","1","0","0","0","0","0","0","0","0","0","0","1","0","0","0","0","0","0","0"
"0kcn95netpebor4b5nj0kcn95n5gk1i4","21","17-21","Masculino","Ceará (CE)","CE","Nordeste","","","","","","","","","","","","","","","","","","","","","","","","","","","","","","","",""
"cmffyslkgs1hgcmff412b2o87yniokg4","18","17-21","Feminino","São Paulo (SP)","SP","Sudeste","de R$ 2.001/mês a R$ 3000/mês","Analista de BI/BI Analyst/Analytics Engineer","Júnior","Modelo 100% remoto","0","0","1","0","1","0","0","1","1","1","0","0","0","0","1","0","0","0","0","0","1","0","1","0","0","0","0","0"
"lg9msudix95m2enb2svlrilg9mspxz8p","22","22-24","Masculino","Santa Catarina (SC)","SC","Sul","","","","","","","","","","","","","","","","","","","","","","","","","","","","","","","",""
"clt2pcufx2n85uhjj4aclt2po8e2jc85","29","25-29","Feminino","São Paulo (SP)","SP","Sudeste","de R$ 3.001/mês a R$ 4.000/mês","Desenvolvedor ou Engenheiro de Software","Júnior","Modelo 100% presencial","0","0","1","0","0","0","0","1","0","1","0","0","0","0","0","0","0","0","0","0","1","0","0","0","0","0","0","0"
"ckaf85qv65hdzckafrs8ut2hynnducr7","29","25-29","Feminino","São Paulo (SP)","SP","Sudeste","de R$ 8.001/mês a R$ 12.000/mês","Cientista de Dados/Data Scientist","Sênior","Modelo 100% remoto","1","0","0","0","0","0","0","1","0","1","0","0","0","0","0","0","0","0","0","0","0","0","1","0","0","0","0","0"
"l4yny3y3ir907duug1xoosll4yny3y3z","30","30-34","Masculino","Fora do Brasil","Exterior","Exterior","","","","","","","","","","","","","","","","","","","","","","","","","","","","","","","",""
"l0a8v270ffvivwr3gyl0a8v2c6g2pf6w","25","25-29","Masculino","Pernambuco (PE)","PE","Nordeste","","","","","","","","","","","","","","","","","","","","","","","","","","","","","","","",""
"cjougtlbw8tjf1zdhyglpcjoug3d3ar0","45","45-49","Masculino","","","Norte","de R$ 2.001/mês a R$ 3000/mês","Analista de Sistemas/Analista de TI","Sênior","Modelo 100% presencial","1","0","0","0","0","0","0","0","0","0","0","0","0","0","0","0","0","0","0","0","0","0","0","0","0","0","1","0"
"kzo9atzxcj4nc1t91i6kzo9ati29fwwd","26","25-29","Masculino","Rio Grande do Sul (RS)","RS","Sul","","","","","","","","","","","","","","","","","","","","","","","","","","","","","","","",""
"ci4fy1w0uyx2ydr1ci4fquva36nju4u0","25","25-29","Masculino","São Paulo (SP)","SP","Sudeste","de R$ 6.001/mês a R$ 8.000/mês","Cientista de Dados/Data Scientist","Pleno","Modelo híbrido flexível (o funcionário tem liberdade para escolher quando estar no escritório presencialmente)","0","1","1","0","0","0","1","1","1","1","0","0","0","0","1","0","0","0","0","0","1","0","0","0","0","1","0","0"
"ksnw38qkch5sibwnvxks3vq50ju7zoya","33","30-34","Masculino","Goiás (GO)","GO","Centro-oeste","","","","","","","","","","","","","","","","","","","","","","","","","","","","","","","",""
"choxt2xv9mc5v41g47sys0choxta8a8l","32","30-34","Masculino","São Paulo (SP)","SP","Sudeste","de R$ 8.001/mês a R$ 12.000/mês","Analista de Dados/Data Analyst","Sênior","Modelo híbrido flexível (o funcionário tem liberdade para escolher quando estar no escritório presencialmente)","0","0","1","0","0","0","0","1","0","1","0","0","0","0","0","0","0","0","0","0","1","0","0","0","0","1","0","0"
"chn1lsldqmqc39cb4chn1kg0lpqpaxss","25","25-29","Masculino","São Paulo (SP)","SP","Sudeste","de R$ 4.001/mês a R$ 6.000/mês","Engenheiro de Dados/Data Engineer","Júnior","Modelo 100% remoto","1","0","0","0","0","0","0","1","0","1","0","0","0","0","0","0","0","0","0","0","1","0","1","0","0","0","0","0"
"ch9oar3k2rgfpw1z9xa3ch9ou74b38vd","33","30-34","Feminino","Paraná (PR)","PR","Sul","de R$ 4.001/mês a R$ 6.000/mês","Analista de Negócios/Business Analyst","Sênior","Modelo 100% remoto","0","0","1","0","0","0","0","1","0","0","0","0","0","0","0","1","0","0","0","0","1","0","0","0","0","0","0","0"
"cgxw8ytyiwte7ffbbzrdzicgxw8yprb8","41","40-44","Masculino","Rio de Janeiro (RJ)","RJ","Sudeste","de R$ 16.001/mês a R$ 20.000/mês","Analista de Negócios/Business Analyst","Sênior","Modelo híbrido com dias fixos de trabalho presencial","0","0","0","0","0","1","0","0","0","1","0","0","0","0","0","0","0","0","0","0","1","0","0","0","0","0","1","0"
"cgxotnf40oydy67idsk2cgxotnvqnxv7","38","35-39","Feminino","São Paulo (SP)","SP","Sudeste","de R$ 3.001/mês a R$ 4.000/mês","Analista de Dados/Data Analyst","Sênior","Modelo 100% remoto","1","0","0","0","0","0","0","1","0","1","0","0","0","0","0","0","0","0","0","0","1","0","0","1","1","0","0","0"
"ks6mmlieg30dmtrm4dks6moxez1sl0tn","26","25-29","Masculino","São Paulo (SP)","SP","Sudeste","","","","","","","","","","","","","","","","","","","","","","","","","","","","","","","",""
"ceebfixyaqz0e4jwceebrvx6oyueqhia","31","30-34","Feminino","Rio Grande do Sul (RS)","RS","Sul","de R$ 8.001/mês a R$ 12.000/mês","Outro","Pleno","Modelo híbrido flexível (o funcionário tem liberdade para escolher quando estar no escritório presencialmente)","0","0","0","0","0","1","0","0","0","0","0","0","0","0","0","0","0","0","0","0","0","0","0","0","0","0","1","0"
"ce32r4qyf5d974psxzhlktce32r4qgpk","25","25-29","Masculino","São Paulo (SP)","SP","Sudeste","de R$ 12.001/mês a R$ 16.000/mês","Cientista de Dados/Data Scientist","Pleno","Modelo híbrido flexível (o funcionário tem liberdade para escolher quando estar no escritório presencialmente)","1","0","0","0","0","0","0","1","0","1","0","0","0","0","0","0","0","0","0","0","1","0","1","0","0","0","0","0"
"cdl1p79c8355djrnotscdl1px1wuoond","30","30-34","Feminino","Rio Grande do Sul (RS)","RS","Sul","de R$ 3.001/mês a R$ 4.000/mês","Analista de Negócios/Business Analyst","Júnior","Modelo 100% presencial","0","0","0","0","0","1","0","0","0","0","0","0","0","0","0","1","0","0","0","0","1","0","0","0","0","0","1","0"
"cd19odcm8svgee10o7cd19j6cu1uq69s","26","25-29","Masculino","São Paulo (SP)","SP","Sudeste","de R$ 6.001/mês a R$ 8.000/mês","Analista de BI/BI Analyst/Analytics Engineer","Júnior","Modelo 100% remoto","1","0","0","0","0","0","0","1","0","1","0","0","0","0","0","1","0","0","0","0","0","0","1","1","1","0","1","0"
"ccvki2qa36kz82fw1ccvkij3uil0wy1g","24","22-24","Feminino","Minas Gerais (MG)","MG","Sudeste","de R$ 3.001/mês a R$ 4.000/mês","Analista de Dados/Data Analyst","Júnior","Modelo 100% remoto","1","0","0","0","0","0","0","1","1","1","0","0","0","0","0","0","0","0","0","0","0","0","0","1","0","0","0","0"
"cckz5t6c3j7lpm4q8cckz53155dh51g2","","55+","Masculino","São Paulo (SP)","SP","Sudeste","Menos de R$ 1.000/mês","","","Modelo híbrido flexível (o funcionário tem liberdade para escolher quando estar no escritório presencialmente)","","","","","","","","","","","","","","","","","","","","","","","","","","","",""
"cc1com5ck8iw9vcg0tcc1comwzq0c4b3","33","30-34","Masculino","Rio de Janeiro (RJ)","RJ","Sudeste","de R$ 8.001/mês a R$ 12.000/mês","Engenheiro de Dados/Data Engineer","Pleno","Modelo 100% remoto","0","1","0","0","0","0","0","1","0","1","0","0","0","0","0","0","0","0","0","0","0","0","0","1","0","0","0","0"
"cbva13j7k7v8zsfzhcbvagtx6fhulsfe","28","25-29","Masculino","São Paulo (SP)","SP","Sudeste","de R$ 3.001/mês a R$ 4.000/mês","Cientista de Dados/Data Scientist","Júnior","Modelo 100% remoto","0","1","0","0","0","0","0","1","1","1","0","0","0","0","0","0","0","0","0","0","0","0","0","0","0","1","0","0"
"cbdeqj1zwbyb0mvv1ycbdemczxgjfc1y","25","25-29","Masculino","Paraíba (PB)","PB","Nordeste","de R$ 4.001/mês a R$ 6.000/mês","Engenheiro de Dados/Data Engineer","Júnior","Modelo 100% remoto","1","1","1","0","0","0","0","1","0","1","0","0","0","0","0","0","0","0","0","0","0","0","0","0","0","0","0","1"
"c8xemxlcvn0llrmwyc2cgvc8xe21sx4v","25","25-29","Masculino","Minas Gerais (MG)","MG","Sudeste","de R$ 2.001/mês a R$ 3000/mês","Estatístico","Júnior","Modelo 100% remoto","1","0","0","0","0","0","0","1","1","0","0","0","0","0","1","0","0","0","0","0","1","0","0","1","0","0","0","0"
"c8k3qu8ozrp960ma1tc8k3quxps2mciy","23","22-24","Masculino","Fora do Brasil","Exterior","Exterior","de R$ 1.001/mês a R$ 2.000/mês","Professor","Júnior","Modelo 100% remoto","1","1","0","0","0","0","0","0","0","1","1","0","0","0","0","0","0","0","0","0","0","0","0","0","0","0","0","1"
"j7c410dvwyvg0dj7c4e2fkk78hpp5nr1","29","25-29","Masculino","Bahia (BA)","BA","Nordeste","de R$ 8.001/mês a R$ 12.000/mês","Desenvolvedor ou Engenheiro de Software","Sênior","Modelo 100% remoto","0","1","0","0","0","0","0","1","0","1","0","0","1","0","0","0","0","0","0","1","1","0","1","0","0","0","0","0"
"c7qpxy58q5902upawc9nc7qpxy3lc0hj","26","25-29","Feminino","Minas Gerais (MG)","MG","Sudeste","de R$ 8.001/mês a R$ 12.000/mês","Engenheiro de Dados/Data Engineer","Pleno","Modelo 100% remoto","1","1","0","0","0","0","0","1","0","1","0","0","0","0","0","0","0","0","0","0","0","0","0","1","1","1","0","0"
"c75xsqzwp9cllipug9oyocc75xsqz8wt","26","25-29","Masculino","Fora do Brasil","Exterior","Exterior","de R$ 8.001/mês a R$ 12.000/mês","Desenvolvedor ou Engenheiro de Software","Pleno","Modelo 100% remoto","0","0","1","0","0","0","0","0","0","1","0","0","0","0","0","0","0","0","0","0","0","0","0","0","0","0","0","1"
"knkihxa1jpcyb3knkiakahtn6qzffd9s","20","17-21","Feminino","","","Norte","","","","","","","","","","","","","","","","","","","","","","","","","","","","","","","",""
"km2ajux9s7csd5s8of2w94km2ajuiiri","39","35-39","Masculino","São Paulo (SP)","SP","Sudeste","","","","","","","","","","","","","","","","","","","","","","","","","","","","","","","",""
"kky41aoddcuup8neynt54kky41a1nxwz","26","25-29","Masculino","São Paulo (SP)","SP","Sudeste","","","","","","","","","","","","","","","","","","","","","","","","","","","","","","","",""
"c3oxktto73qv9sik70ic3oxktzmhb8lc","36","35-39","Feminino","Rio de Janeiro (RJ)","RJ","Sudeste","de R$ 4.001/mês a R$ 6.000/mês","Outro","Pleno","Modelo 100% presencial","0","0","0","0","0","1","0","0","0","0","0","0","0","0","0","0","0","0","0","0","1","0","0","0","0","0","1","0"
"c3luxvx26yfcf91qc3luxvzj36cxuzfl","21","17-21","Masculino","Santa Catarina (SC)","SC","Sul","de R$ 2.001/mês a R$ 3000/mês","Analista de Dados/Data Analyst","Júnior","Modelo 100% presencial","1","0","0","0","0","0","0","0","0","0","0","0","0","0","0","1","0","0","0","0","0","0","0","0","0","0","1","0"
"c16106kcdop2z5vc161056jind60ndbn","24","22-24","Masculino","São Paulo (SP)","SP","Sudeste","de R$ 2.001/mês a R$ 3000/mês","Analista de BI/BI Analyst/Analytics Engineer","Júnior","Modelo 100% remoto","1","0","0","0","0","0","0","1","0","1","0","0","0","0","1","1","0","0","0","0","0","0","1","0","0","0","0","0"
"c0dlaqqwq5xc0dysoj43zym6qmi8e3ys","35","35-39","Masculino","São Paulo (SP)","SP","Sudeste","de R$ 4.001/mês a R$ 6.000/mês","Outro","Pleno","Modelo 100% presencial","0","0","0","0","0","1","0","0","0","0","0","0","0","0","0","0","0","0","0","0","0","0","0","0","0","0","0","0"
"k5bh6xtc3l5j0dwi2k5bhfwmt3z38qcr","28","25-29","Feminino","Pernambuco (PE)","PE","Nordeste","","","","","","","","","","","","","","","","","","","","","","","","","","","","","","","",""
"bylaaoc3o2h7c046wy7bylal6soqx4po","25","25-29","Feminino","São Paulo (SP)","SP","Sudeste","de R$ 8.001/mês a R$ 12.000/mês","Analista de Negócios/Business Analyst","Pleno","Modelo 100% remoto","0","0","1","0","0","0","0","1","0","1","0","0","0","0","0","0","0","0","0","0","1","0","0","0","0","1","0","0"
"by9cllytphekgfum5hblxby9cegn4x4o","26","25-29","Masculino","Minas Gerais (MG)","MG","Sudeste","de R$ 8.001/mês a R$ 12.000/mês","Analista de Dados/Data Analyst","Pleno","Modelo híbrido flexível (o funcionário tem liberdade para escolher quando estar no escritório presencialmente)","1","1","0","0","0","0","0","1","0","1","0","0","0","0","0","0","0","0","0","0","0","0","0","1","0","0","0","0"
"by08y87w6z7c5dnpyoby08y890ywi8xd","23","22-24","Masculino","São Paulo (SP)","SP","Sudeste","de R$ 6.001/mês a R$ 8.000/mês","Analista de Dados/Data Analyst","Pleno","Modelo híbrido com dias fixos de trabalho presencial","0","1","0","0","0","0","0","1","0","1","0","0","0","0","0","0","0","0","0","0","0","0","0","0","1","0","0","0"
"bxke4xbixwm5xvg32hcdfm7pbxke4xbi","26","25-29","Feminino","São Paulo (SP)","SP","Sudeste","de R$ 6.001/mês a R$ 8.000/mês","Engenheiro de Dados/Data Engineer","Pleno","Modelo híbrido flexível (o funcionário tem liberdade para escolher quando estar no escritório presencialmente)","1","0","0","0","0","0","0","1","0","1","0","0","0","0","0","0","0","0","0","0","0","0","0","1","0","1","0","0"
"k2t69vqaeyj8egb9xci5ck2t695zs0w7","27","25-29","Masculino","São Paulo (SP)","SP","Sudeste","","","","","","","","","","","","","","","","","","","","","","","","","","","","","","","",""
"bvkkqvkz81hgqfj0bvkkunx8qo5o2god","36","35-39","Masculino","Pernambuco (PE)","PE","Nordeste","de R$ 8.001/mês a R$ 12.000/mês","Cientista de Dados/Data Scientist","Pleno","Modelo 100% remoto","0","1","0","0","0","0","0","1","0","1","0","0","0","0","0","0","0","0","0","0","0","0","0","0","0","1","0","0"
"btf19hp1kyle8w6btf1afadei72x00l3","32","30-34","Masculino","São Paulo (SP)","SP","Sudeste","de R$ 16.001/mês a R$ 20.000/mês","Arquiteto de Dados","Sênior","Modelo 100% remoto","0","1","0","0","0","0","0","1","0","1","0","0","0","0","0","0","0","0","0","0","0","0","0","0","0","1","0","0"
"bs0xncuut11n50vrbs0xcd30evzl47d1","23","22-24","Feminino","São Paulo (SP)","SP","Sudeste","de R$ 4.001/mês a R$ 6.000/mês","Cientista de Dados/Data Scientist","Júnior","Modelo 100% remoto","0","1","0","0","0","0","0","1","1","1","0","0","0","0","0","0","0","0","0","0","0","0","0","0","0","0","1","0"
"br866a4ejadnn9mdwubr866aavw0r5ox","37","35-39","Masculino","São Paulo (SP)","SP","Sudeste","de R$ 12.001/mês a R$ 16.000/mês","Analista de BI/BI Analyst/Analytics Engineer","Sênior","Modelo 100% remoto","0","0","1","0","0","0","0","1","0","1","1","1","0","0","0","0","0","0","0","0","1","0","0","0","0","0","0","0"
"bqcx9qcjyqqn3xozs8tbqcx9qc4n07jx","38","35-39","Feminino","Santa Catarina (SC)","SC","Sul","de R$ 3.001/mês a R$ 4.000/mês","Outro","Pleno","Modelo 100% remoto","0","1","1","0","0","0","0","0","0","0","0","0","0","0","0","0","0","0","0","0","0","0","0","0","0","0","0","1"
"bpxl99xu8ms7okh06abpxx6goell5l9u","29","25-29","Feminino","São Paulo (SP)","SP","Sudeste","de R$ 6.001/mês a R$ 8.000/mês","Cientista de Dados/Data Scientist","Júnior","Modelo 100% remoto","1","0","0","0","0","0","0","1","1","1","0","0","0","1","1","1","1","1","0","0","0","0","1","0","0","0","0","0"
"bpwgyehrw2gy0bpwfs6ygdxtnzdtkbqz","27","25-29","Feminino","Paraná (PR)","PR","Sul","de R$ 6.001/mês a R$ 8.000/mês","Engenheiro de Dados/Data Engineer","Pleno","Modelo 100% remoto","1","0","0","0","0","0","0","1","0","1","0","0","0","0","0","0","0","0","0","0","0","0","0","0","0","0","0","1"
"bojx6pqok3kp6t5as5ja9gbojx6pq8pd","26","25-29","Masculino","Rio de Janeiro (RJ)","RJ","Sudeste","de R$ 2.001/mês a R$ 3000/mês","Analista de BI/BI Analyst/Analytics Engineer","Júnior","Modelo híbrido flexível (o funcionário tem liberdade para escolher quando estar no escritório presencialmente)","0","0","1","0","0","0","0","1","0","0","0","0","0","0","0","1","0","0","0","0","1","0","0","0","0","0","0","0"
"bo0d0ceups5yqptzfusol7ifrbo0d0ce","30","30-34","Masculino","São Paulo (SP)","SP","Sudeste","de R$ 6.001/mês a R$ 8.000/mês","Analista de BI/BI Analyst/Analytics Engineer","Pleno","Modelo 100% remoto","1","0","0","0","0","0","0","1","0","0","0","0","0","0","0","1","0","0","0","0","0","0","1","0","0","0","1","0"
"k19c94zmzmgnhrik19ibsyzp37o4gz6i","38","35-39","Masculino","São Paulo (SP)","SP","Sudeste","","","","","","","","","","","","","","","","","","","","","","","","","","","","","","","",""
"jya8raptnvrmvquejya84jngywjx51k9","18","17-21","Feminino","Minas Gerais (MG)","MG","Sudeste","","","","","","","","","","","","","","","","","","","","","","","","","","","","","","","",""
"bmiiq13ihl625mwao2bmia12ln2agnxg","29","25-29","Feminino","São Paulo (SP)","SP","Sudeste","de R$ 8.001/mês a R$ 12.000/mês","Engenheiro de Dados/Data Engineer","Pleno","Modelo 100% remoto","0","0","0","0","0","1","0","1","0","1","0","0","0","0","0","0","0","0","0","0","0","0","1","0","0","1","0","0"
"bmfowb31hk5jol61bmfocrcw7v7o1i6x","37","35-39","Masculino","São Paulo (SP)","SP","Sudeste","de R$ 6.001/mês a R$ 8.000/mês","Outras Engenharias (não inclui dev)","Pleno","Modelo 100% presencial","0","0","0","0","0","1","0","0","0","0","0","0","0","0","0","0","0","0","0","0","1","0","0","0","0","0","0","0"
"bmegw2xgigfvgc3abmeb7oyih8i6mm0y","22","22-24","Feminino","Minas Gerais (MG)","MG","Sudeste","de R$ 3.001/mês a R$ 4.000/mês","Cientista de Dados/Data Scientist","Júnior","Modelo híbrido flexível (o funcionário tem liberdade para escolher quando estar no escritório presencialmente)","1","0","0","0","0","0","0","1","1","1","0","0","0","0","0","0","0","0","0","0","1","0","0","0","0","0","0","0"
"bma5hyxvtkpruvf9nobma5h1inr7jfxn","29","25-29","Masculino","São Paulo (SP)","SP","Sudeste","de R$ 8.001/mês a R$ 12.000/mês","Analista de Dados/Data Analyst","Sênior","Modelo híbrido flexível (o funcionário tem liberdade para escolher quando estar no escritório presencialmente)","1","1","1","1","0","0","0","0","0","1","0","0","0","0","0","0","0","0","0","0","1","0","0","0","0","1","0","0"
"bm19doxjz9dxixekf2hq3xbm19doxj8g","24","22-24","Masculino","São Paulo (SP)","SP","Sudeste","de R$ 16.001/mês a R$ 20.000/mês","Cientista de Dados/Data Scientist","Sênior","Modelo 100% remoto","1","1","0","0","0","0","0","1","0","1","0","0","1","0","0","0","0","0","0","1","0","0","1","0","0","0","0","0"
"bm0fsbb8bqdchdbm0fsbk8lxaeo4vklx","34","30-34","Masculino","São Paulo (SP)","SP","Sudeste","de R$ 4.001/mês a R$ 6.000/mês","Analista de Dados/Data Analyst","Sênior","Modelo híbrido flexível (o funcionário tem liberdade para escolher quando estar no escritório presencialmente)","0","0","1","0","0","0","0","1","0","1","0","0","0","0","1","0","0","0","0","0","1","0","1","0","0","0","0","0"
"blutazqauusaoi262sblutayjy12gtz9","31","30-34","Masculino","Minas Gerais (MG)","MG","Sudeste","de R$ 6.001/mês a R$ 8.000/mês","Analista de Dados/Data Analyst","Pleno","Modelo 100% remoto","0","0","1","0","0","0","0","1","0","1","1","0","0","0","0","0","0","0","0","0","1","0","0","0","0","0","0","0"
"blps5yifzawdcblpogdmnfr1med7f3ir","34","30-34","Masculino","São Paulo (SP)","SP","Sudeste","de R$ 6.001/mês a R$ 8.000/mês","Analista de BI/BI Analyst/Analytics Engineer","Sênior","Modelo 100% remoto","1","0","0","0","0","0","0","1","0","0","0","0","0","0","0","0","0","0","0","0","1","0","0","0","0","0","0","0"
"bl4f8y18f7svdtvpufyqkbl4f8c26jz7","38","35-39","Masculino","Distrito Federal (DF)","DF","Centro-oeste","de R$ 12.001/mês a R$ 16.000/mês","Analista de Dados/Data Analyst","Sênior","Modelo 100% remoto","0","0","0","0","0","0","1","1","0","1","0","0","1","0","0","0","0","0","0","1","0","0","0","0","0","0","0","0"
"bkyy4nk8t149yfibn276zbkyy4tuv96p","32","30-34","Masculino","São Paulo (SP)","SP","Sudeste","de R$ 6.001/mês a R$ 8.000/mês","Analista de BI/BI Analyst/Analytics Engineer","Júnior","Modelo híbrido flexível (o funcionário tem liberdade para escolher quando estar no escritório presencialmente)","0","0","1","0","0","0","0","1","0","1","0","0","0","0","0","0","0","0","0","0","1","0","0","0","0","0","0","0"
"bkq6bgz10wdtzvgimjbkq6bgz6o2sj9g","23","22-24","Masculino","Paraná (PR)","PR","Sul","de R$ 3.001/mês a R$ 4.000/mês","Cientista de Dados/Data Scientist","Júnior","Modelo 100% remoto","0","0","1","0","0","0","0","1","1","1","0","0","0","0","0","0","0","0","0","0","0","0","1","0","0","0","0","0"
"bjqkexjzzpslgypmcnnjbjqkexfhlx5q","33","30-34","Masculino","São Paulo (SP)","SP","Sudeste","de R$ 4.001/mês a R$ 6.000/mês","Analista de Dados/Data Analyst","Sênior","Modelo 100% presencial","0","0","0","0","0","1","0","0","0","0","0","0","0","0","0","0","0","0","0","0","1","0","0","0","0","0","0","0"
"jwblhs0myayn2h4lr50nnjwblhdkxyy2","43","40-44","Feminino","Rio Grande do Sul (RS)","RS","Sul","","","","","","","","","","","","","","","","","","","","","","","","","","","","","","","",""
"bixyyh4p1wjxij4uctnbixyyqu9ujq8o","31","30-34","Masculino","São Paulo (SP)","SP","Sudeste","de R$ 3.001/mês a R$ 4.000/mês","Analista de Negócios/Business Analyst","Júnior","Modelo 100% presencial","0","0","1","0","0","0","0","0","0","0","0","0","0","0","0","0","0","0","0","0","1","0","0","0","0","0","1","0"
"bi55m6mjbco01rfaolubi55b6yxmgkkz","31","30-34","Masculino","Rio Grande do Sul (RS)","RS","Sul","de R$ 6.001/mês a R$ 8.000/mês","Cientista de Dados/Data Scientist","Pleno","Modelo 100% remoto","1","0","0","0","0","0","0","0","0","1","0","0","0","0","0","0","0","0","0","0","0","0","0","0","0","0","0","1"
"bi2wdnqxu9bcdmviv9ibi2wdnqwmkd9l","30","30-34","Masculino","Paraíba (PB)","PB","Nordeste","de R$ 3.001/mês a R$ 4.000/mês","Analista de BI/BI Analyst/Analytics Engineer","Sênior","Modelo híbrido flexível (o funcionário tem liberdade para escolher quando estar no escritório presencialmente)","0","1","0","0","0","0","0","1","0","1","0","0","0","0","0","1","0","0","0","0","1","0","0","0","0","0","0","0"
"bhf7avri9fi41sa3ibhf5mtcdsuckdfk","37","35-39","Feminino","São Paulo (SP)","SP","Sudeste","de R$ 4.001/mês a R$ 6.000/mês","Outro","Pleno","Modelo 100% presencial","0","1","0","0","0","0","0","0","0","0","0","0","0","0","0","0","0","0","0","0","0","0","0","0","1","1","0","0"
"bgy3ep6y480w1igbgy3xc2r8njlg47wh","25","25-29","Feminino","Minas Gerais (MG)","MG","Sudeste","de R$ 3.001/mês a R$ 4.000/mês","Estatístico","Pleno","Modelo 100% presencial","0","0","0","0","0","1","0","0","1","0","0","0","0","0","0","0","0","0","0","0","0","0","0","0","0","0","1","0"
"bejkjcvvalzxhlwqqcbejklw480z0qjt","24","22-24","Feminino","São Paulo (SP)","SP","Sudeste","de R$ 2.001/mês a R$ 3000/mês","Engenheiro de Dados/Data Engineer","Júnior","Modelo híbrido com dias fixos de trabalho presencial","0","0","1","0","0","1","0","0","0","0","0","0","0","0","0","1","0","0","0","0","1","0","0","0","0","0","1","0"
"bdupv25ew8tsmmzipzwbdupv25kajrub","42","40-44","Masculino","Minas Gerais (MG)","MG","Sudeste","de R$ 12.001/mês a R$ 16.000/mês","Outro","Sênior","Modelo 100% remoto","0","0","1","0","0","0","0","1","0","0","1","1","1","0","0","0","0","0","0","1","0","0","0","0","0","0","0","1"
"bcz3hnb09spmfp1evyw0bcz3hnba8r88","42","40-44","Masculino","São Paulo (SP)","SP","Sudeste","de R$ 8.001/mês a R$ 12.000/mês","Desenvolvedor ou Engenheiro de Software","Sênior","Modelo 100% remoto","1","0","0","0","0","1","0","1","0","1","1","1","1","0","1","1","0","0","0","1","0","0","1","0","0","0","1","0"
"bcrnobm190tq1jde4bcrnx64terus1fk","40","40-44","Masculino","Rio de Janeiro (RJ)","RJ","Sudeste","de R$ 20.001/mês a R$ 25.000/mês","Analista de Dados/Data Analyst","Pleno","Modelo híbrido com dias fixos de trabalho presencial","0","0","1","0","0","0","0","1","0","1","0","0","1","0","0","0","0","0","0","1","1","0","0","0","0","0","0","0"
"bashb94v96yl2lbashb7dlyaenmg9i4e","22","22-24","Feminino","Minas Gerais (MG)","MG","Sudeste","de R$ 1.001/mês a R$ 2.000/mês","Cientista de Dados/Data Scientist","Júnior","Modelo 100% remoto","0","0","0","0","0","1","0","0","1","0","0","0","0","0","0","0","0","0","0","0","0","0","0","0","0","0","0","0"
"bad89209v3ba1dajbad89ycwzqmtiwo3","38","35-39","Masculino","Rio de Janeiro (RJ)","RJ","Sudeste","de R$ 12.001/mês a R$ 16.000/mês","Analista de Inteligência de Mercado/Market Intelligence","Sênior","Modelo 100% remoto","0","0","1","1","0","0","0","1","1","0","0","0","0","0","0","0","0","0","0","0","0","0","1","0","0","0","0","0"
"jq9xq6t6cnut591m2k51fljq9xy94xf9","27","25-29","Masculino","Pernambuco (PE)","PE","Nordeste","","","","","","","","","","","","","","","","","","","","","","","","","","","","","","","",""
"b9n0on73cf3hxigc5hb9n0nlltw2powh","23","22-24","Masculino","Rio Grande do Sul (RS)","RS","Sul","de R$ 6.001/mês a R$ 8.000/mês","Analista de BI/BI Analyst/Analytics Engineer","Pleno","Modelo 100% remoto","0","0","1","0","0","0","0","1","0","0","0","0","0","0","0","0","1","0","0","0","1","0","0","0","0","0","0","0"
"b8yvnes4oieq3mb8yv7utrrh20jouj7u","22","22-24","Masculino","Rio Grande do Sul (RS)","RS","Sul","de R$ 6.001/mês a R$ 8.000/mês","Engenheiro de Dados/Data Engineer","Júnior","Modelo 100% remoto","1","1","0","0","0","0","0","1","0","1","0","0","0","0","0","0","0","0","0","0","0","0","0","1","1","0","0","0"
"b8p9yo6nolw5tz2hsb8p9ixcbm3x92fl","35","35-39","Masculino","Paraná (PR)","PR","Sul","de R$ 8.001/mês a R$ 12.000/mês","Engenheiro de Dados/Data Engineer","Sênior","Modelo 100% remoto","1","0","0","0","0","0","0","1","0","1","0","0","0","0","0","0","0","0","0","0","0","0","1","1","0","0","0","0"
"b81iliygmwcemlblfg7b81ilpp5px53h","36","35-39","Masculino","São Paulo (SP)","SP","Sudeste","de R$ 6.001/mês a R$ 8.000/mês","Cientista de Dados/Data Scientist","Pleno","Modelo 100% remoto","1","0","0","0","0","1","0","1","0","1","0","0","0","0","0","0","0","0","0","0","1","0","0","0","0","0","0","0"
"jn8rlnf211yp86gt29jn8rlnf2w0oztw","30","30-34","Masculino","Pernambuco (PE)","PE","Nordeste","","","","","","","","","","","","","","","","","","","","","","","","","","","","","","","",""
"b6viyojayvn68u5izrb6viyk4v6fsljo","27","25-29","Masculino","São Paulo (SP)","SP","Sudeste","de R$ 3.001/mês a R$ 4.000/mês","Desenvolvedor ou Engenheiro de Software","Júnior","Modelo 100% presencial","0","0","0","0","0","1","0","1","0","1","0","0","0","0","0","0","0","0","0","0","0","0","0","0","0","0","1","0"
"b5lbdpe8tb7c6j4sosm78b5lbdpykmqz","22","22-24","Masculino","São Paulo (SP)","SP","Sudeste","de R$ 1.001/mês a R$ 2.000/mês","Analista de BI/BI Analyst/Analytics Engineer","Júnior","Modelo híbrido com dias fixos de trabalho presencial","0","0","1","0","0","0","0","0","0","0","0","0","0","0","0","0","0","0","0","0","0","0","1","0","0","0","0","0"
"b4pjuiwla985og4pvlsi9tub4pjuiwla","26","25-29","Masculino","Goiás (GO)","GO","Centro-oeste","de R$ 16.001/mês a R$ 20.000/mês","Engenheiro de Dados/Data Engineer","Sênior","Modelo 100% remoto","1","0","1","0","0","0","0","1","0","1","0","0","0","0","0","0","0","0","0","0","1","0","0","0","0","0","0","0"
"b45ll22ol65dhuqjbxb45ll25rjjv8k0","34","30-34","Masculino","Paraná (PR)","PR","Sul","de R$ 8.001/mês a R$ 12.000/mês","Engenheiro de Machine Learning/ML Engineer","Sênior","Modelo 100% remoto","0","1","0","0","0","0","0","1","0","1","0","0","0","0","0","0","0","0","0","0","0","0","1","0","0","0","0","0"
"b33cqrg7grtkhbybmb33cqhyk1s2szws","32","30-34","Masculino","Santa Catarina (SC)","SC","Sul","de R$ 4.001/mês a R$ 6.000/mês","Engenheiro de Dados/Data Engineer","Júnior","Modelo 100% remoto","1","1","0","0","0","0","0","1","0","1","0","0","0","0","0","0","1","0","0","0","1","0","0","0","0","0","0","0"
"xxej0ifs4e3c6d68xxej06wpzoswjdms","31","30-34","Masculino","Bahia (BA)","BA","Nordeste","","","","","","","","","","","","","","","","","","","","","","","","","","","","","","","",""
"b2awzt5veu4bxnpavxtbb2awzt786a2n","32","30-34","Masculino","São Paulo (SP)","SP","Sudeste","de R$ 2.001/mês a R$ 3000/mês","Analista de Dados/Data Analyst","Júnior","Modelo 100% remoto","0","1","0","0","0","0","0","1","0","1","0","0","1","0","0","0","0","0","0","1","0","0","0","0","0","1","0","0"
"b1kek5swzqst692r117ftfb1kek5swu7","25","25-29","Feminino","São Paulo (SP)","SP","Sudeste","de R$ 8.001/mês a R$ 12.000/mês","Analista de BI/BI Analyst/Analytics Engineer","Pleno","Modelo 100% remoto","1","1","0","0","0","0","0","1","0","0","0","0","0","0","0","0","1","0","0","0","0","0","0","0","1","0","0","0"
"hmu7cau4hez4r39j2hmu7cylt7cp6dqg","27","25-29","Masculino","Mato Grosso do Sul (MS)","MS","Centro-oeste","de R$ 4.001/mês a R$ 6.000/mês","Analista de BI/BI Analyst/Analytics Engineer","Pleno","Modelo 100% presencial","1","0","0","0","0","0","0","1","0","1","0","0","1","0","0","0","0","0","0","1","1","0","0","0","0","1","0","0"
"xh4ul63aktg2jd7y1u36jxh4ulgi67d6","22","22-24","Masculino","Bahia (BA)","BA","Nordeste","","","","","","","","","","","","","","","","","","","","","","","","","","","","","","","",""
"jbh2s9ywanc4hhjbh2s9i0claerkf48d","19","17-21","Masculino","Paraíba (PB)","PB","Nordeste","","","","","","","","","","","","","","","","","","","","","","","","","","","","","","","",""
"azqec6k45m93xpszdglnganazqep486b","31","30-34","Masculino","Fora do Brasil","Exterior","Exterior","de R$ 3.001/mês a R$ 4.000/mês","Analista de Dados/Data Analyst","Júnior","Modelo híbrido com dias fixos de trabalho presencial","0","0","0","0","0","0","1","1","0","1","0","0","0","0","0","0","0","0","0","0","1","0","1","0","0","0","0","0"
"azbhlcixbvzj0357o0tvazbhlcizkz83","24","22-24","Feminino","Rio de Janeiro (RJ)","RJ","Sudeste","de R$ 3.001/mês a R$ 4.000/mês","Analista de Negócios/Business Analyst","Júnior","Modelo híbrido com dias fixos de trabalho presencial","0","0","1","0","0","0","0","1","0","0","0","0","0","0","0","0","0","0","0","0","0","0","0","0","0","0","1","0"
"axzivsnmd1m9yy6daxzid76tdlhau0i0","21","17-21","Masculino","Santa Catarina (SC)","SC","Sul","de R$ 1.001/mês a R$ 2.000/mês","Cientista de Dados/Data Scientist","Júnior","Modelo 100% remoto","0","1","0","0","0","0","0","1","0","1","0","0","1","0","0","0","0","0","0","1","1","0","0","1","0","1","0","0"
"iql561sw7d8yeiva3iql5wqfbfotgt06","48","45-49","Feminino","Bahia (BA)","BA","Nordeste","de R$ 8.001/mês a R$ 12.000/mês","Analista de Dados/Data Analyst","Pleno","Modelo 100% remoto","0","1","1","0","0","0","0","1","0","0","0","0","0","0","0","1","0","0","0","0","1","0","0","0","0","1","1","0"
"iyezi0gbd7aac71ac2mjmiyezibupqk6","28","25-29","Outro","São Paulo (SP)","SP","Sudeste","","","","","","","","","","","","","","","","","","","","","","","","","","","","","","","",""
"awcy4nt2ubb7awcy7qstecazcxzuiy3p","28","25-29","Masculino","São Paulo (SP)","SP","Sudeste","de R$ 6.001/mês a R$ 8.000/mês","Analista de Dados/Data Analyst","Júnior","Modelo 100% remoto","1","0","0","0","0","0","0","1","0","1","0","0","0","0","1","0","0","0","0","0","0","0","1","0","0","0","0","0"
"vg8j1jhmfc2x33d2z2qdvg8j1jdlm1j9","25","25-29","Masculino","Bahia (BA)","BA","Nordeste","","","","","","","","","","","","","","","","","","","","","","","","","","","","","","","",""
"iuwd72ri9mznx1f17xiuwd6zzj3789a1","21","17-21","Masculino","São Paulo (SP)","SP","Sudeste","","","","","","","","","","","","","","","","","","","","","","","","","","","","","","","",""
"au7zcjemk10rz02ag7au7zcjuvk29wvy","46","45-49","Masculino","São Paulo (SP)","SP","Sudeste","de R$ 12.001/mês a R$ 16.000/mês","Engenheiro de Dados/Data Engineer","Sênior","Modelo 100% remoto","0","0","1","0","0","0","0","1","0","1","1","1","1","0","0","1","0","0","1","1","1","0","1","0","0","0","0","0"
"7j4jxrxndb7x4bgx7j01f0fz17aezm0y","52","50-54","Masculino","Paraná (PR)","PR","Sul","","","","","","","","","","","","","","","","","","","","","","","","","","","","","","","",""
"ari1dyxyrefoshddwari1881blwp0zze","31","30-34","Masculino","São Paulo (SP)","SP","Sudeste","de R$ 16.001/mês a R$ 20.000/mês","Cientista de Dados/Data Scientist","Sênior","Modelo 100% remoto","1","0","0","0","0","0","0","1","1","1","0","0","0","0","0","0","1","0","0","0","0","0","0","0","1","0","0","0"
"ar2g8pwa9ynzbrmwiar2g4i7gy1gc3z6","27","25-29","Masculino","Santa Catarina (SC)","SC","Sul","de R$ 6.001/mês a R$ 8.000/mês","Cientista de Dados/Data Scientist","Pleno","Modelo 100% remoto","1","0","0","1","0","0","0","1","1","1","0","0","0","0","0","1","0","0","0","0","1","1","0","0","0","0","0","0"
"apz2h1dcl7cy7p31apz2h1fjhpkevbsb","36","35-39","Feminino","Fora do Brasil","Exterior","Exterior","de R$ 4.001/mês a R$ 6.000/mês","Analista de Dados/Data Analyst","Júnior","Modelo 100% remoto","1","1","1","0","0","0","0","1","0","1","0","0","0","0","0","0","0","0","0","0","0","0","0","1","0","0","1","0"
"apw7g01jcyvxpa11thjjkapw7gkduxmb","25","25-29","Masculino","Distrito Federal (DF)","DF","Centro-oeste","de R$ 4.001/mês a R$ 6.000/mês","Engenheiro de Dados/Data Engineer","Júnior","Modelo 100% remoto","0","0","0","0","0","1","0","1","0","1","0","0","0","0","0","0","0","0","0","0","0","0","0","0","0","1","0","0"
"apn1vheuiwpwcdonhczb2jnqapn1vhef","27","25-29","Feminino","Rio de Janeiro (RJ)","RJ","Sudeste","de R$ 8.001/mês a R$ 12.000/mês","Cientista de Dados/Data Scientist","Sênior","Modelo híbrido com dias fixos de trabalho presencial","1","0","1","0","0","0","0","1","0","1","0","0","0","0","0","0","0","0","0","0","1","1","1","0","0","0","0","0"
"ap9ym9qua8t6r6e2qsap9ymhrydjhh69","28","25-29","Masculino","São Paulo (SP)","SP","Sudeste","de R$ 4.001/mês a R$ 6.000/mês","Engenheiro de Dados/Data Engineer","Júnior","Modelo híbrido flexível (o funcionário tem liberdade para escolher quando estar no escritório presencialmente)","1","0","1","0","0","0","0","1","0","1","0","0","0","0","0","0","1","0","0","0","1","0","0","0","0","0","0","0"
"aomxkjdbmrodxoskb5jauqaomxkjdc3e","30","30-34","Masculino","Paraná (PR)","PR","Sul","de R$ 4.001/mês a R$ 6.000/mês","Técnico","Sênior","Modelo 100% presencial","0","0","0","0","0","0","1","1","0","0","0","0","0","0","0","0","0","0","0","0","1","0","0","0","0","0","0","0"
"anxuyc6scxhfopdf6tanxuyc1e7bkslt","27","25-29","Masculino","São Paulo (SP)","SP","Sudeste","de R$ 4.001/mês a R$ 6.000/mês","Cientista de Dados/Data Scientist","Júnior","Modelo 100% remoto","1","1","0","0","0","0","0","1","1","1","0","0","0","0","0","0","0","0","0","0","0","0","1","1","0","0","0","0"
"amt0uqwcrg75yllxiamt0uxac0hzje0f","28","25-29","Feminino","Espírito Santo (ES)","ES","Sudeste","de R$ 8.001/mês a R$ 12.000/mês","Outras Engenharias (não inclui dev)","Júnior","Modelo 100% remoto","0","0","1","0","0","0","0","1","0","0","0","0","0","0","0","1","0","0","0","0","1","0","0","0","0","0","0","0"
"amneufpoe4gw8naamic1mdvph6ahxy6y","27","25-29","Masculino","Minas Gerais (MG)","MG","Sudeste","de R$ 8.001/mês a R$ 12.000/mês","Engenheiro de Dados/Data Engineer","Sênior","Modelo híbrido flexível (o funcionário tem liberdade para escolher quando estar no escritório presencialmente)","1","0","0","0","0","0","0","1","1","1","0","0","0","0","0","0","1","0","0","0","0","0","0","0","0","0","0","1"
"ih1dlf7ir1oycqih10blqwyj5q1xosfs","34","30-34","Feminino","São Paulo (SP)","SP","Sudeste","","","","","","","","","","","","","","","","","","","","","","","","","","","","","","","",""
"alvxlxvq6o0kxi5ddm8jdzcalvxrqsk7","27","25-29","Masculino","Rio de Janeiro (RJ)","RJ","Sudeste","de R$ 6.001/mês a R$ 8.000/mês","Cientista de Dados/Data Scientist","Sênior","Modelo híbrido flexível (o funcionário tem liberdade para escolher quando estar no escritório presencialmente)","0","0","1","0","0","0","0","0","1","1","0","0","0","0","0","0","0","0","0","0","0","0","0","0","0","0","0","1"
"hqjotf7dwqogjh7ijcjqrehqjotf7zbd","23","22-24","Feminino","Bahia (BA)","BA","Nordeste","de R$ 1.001/mês a R$ 2.000/mês","Analista de Dados/Data Analyst","Júnior","Modelo 100% remoto","1","0","0","0","0","0","1","1","1","1","0","0","0","0","0","0","0","0","0","0","1","0","0","0","0","1","0","0"
"akwmplo1a1wd2lhq0brakwmpqvre3mm2","28","25-29","Masculino","São Paulo (SP)","SP","Sudeste","de R$ 6.001/mês a R$ 8.000/mês","Cientista de Dados/Data Scientist","Pleno","Modelo 100% remoto","0","0","1","0","0","0","0","1","1","0","0","0","0","0","0","0","0","0","0","0","1","0","0","0","0","0","1","0"
"akusafxadi7dhne2cpakusaf5fx5jwnl","26","25-29","Feminino","São Paulo (SP)","SP","Sudeste","de R$ 4.001/mês a R$ 6.000/mês","Analista de BI/BI Analyst/Analytics Engineer","Sênior","Modelo híbrido flexível (o funcionário tem liberdade para escolher quando estar no escritório presencialmente)","0","0","0","0","1","0","0","0","0","0","0","0","0","0","0","0","0","0","0","0","1","0","0","0","0","1","0","0"
"akitsx0z956ftckmrnakits00zk4jesl","27","25-29","Feminino","Santa Catarina (SC)","SC","Sul","de R$ 6.001/mês a R$ 8.000/mês","Engenheiro de Dados/Data Engineer","Pleno","Modelo híbrido flexível (o funcionário tem liberdade para escolher quando estar no escritório presencialmente)","1","0","0","0","0","0","0","1","0","1","0","0","0","0","0","0","0","0","0","0","1","1","1","0","0","0","0","0"
"idb0wfajssap95i3c8eidb0wczkk23da","19","17-21","Masculino","São Paulo (SP)","SP","Sudeste","","","","","","","","","","","","","","","","","","","","","","","","","","","","","","","",""
"gay88z1y2glm4u05wfeqp8gay88z1l6v","25","25-29","Masculino","Bahia (BA)","BA","Nordeste","de R$ 8.001/mês a R$ 12.000/mês","Engenheiro de Dados/Data Engineer","Pleno","Modelo híbrido flexível (o funcionário tem liberdade para escolher quando estar no escritório presencialmente)","1","0","0","0","0","0","0","1","0","1","0","0","1","0","0","0","0","0","0","1","1","0","0","0","0","0","0","0"
"aikcpdgh3cjl4aiq94v4xljqxj8me6ro","31","30-34","Masculino","Minas Gerais (MG)","MG","Sudeste","de R$ 30.001/mês a R$ 40.000/mês","Engenheiro de Dados/Data Engineer","Sênior","Modelo 100% remoto","1","0","0","0","0","0","0","1","0","1","0","0","0","0","0","0","0","0","0","0","0","0","1","0","0","0","0","0"
"ai18il6hyrigm0cb9xai18tfqrbl0mv9","29","25-29","Feminino","Distrito Federal (DF)","DF","Centro-oeste","de R$ 12.001/mês a R$ 16.000/mês","Cientista de Dados/Data Scientist","Sênior","Modelo 100% remoto","0","0","0","0","0","1","0","1","1","1","0","0","0","0","0","0","0","0","0","0","0","0","0","0","0","0","0","0"
"ahjifn2aipngjcl4m5p4ahjihwcdy9rl","46","45-49","Masculino","Rio de Janeiro (RJ)","RJ","Sudeste","de R$ 16.001/mês a R$ 20.000/mês","Analista de Negócios/Business Analyst","Sênior","Modelo híbrido com dias fixos de trabalho presencial","0","0","0","0","0","0","1","1","1","1","0","0","0","0","0","0","0","0","0","0","1","0","0","0","0","0","1","0"
"ibljexmw1pf1zgmibljps1rbfosl0p0n","25","25-29","Masculino","São Paulo (SP)","SP","Sudeste","","","","","","","","","","","","","","","","","","","","","","","","","","","","","","","",""
"ah5mz2mqr5bahvszrr8i9zegpb88ovsz","23","22-24","Masculino","Santa Catarina (SC)","SC","Sul","de R$ 3.001/mês a R$ 4.000/mês","Cientista de Dados/Data Scientist","Júnior","Modelo 100% remoto","0","0","1","0","0","0","0","1","0","1","0","0","0","0","0","0","0","0","0","0","0","0","0","0","0","0","0","0"
"agranqn7j1033eagoltgolmlynkydr3p","30","30-34","Masculino","São Paulo (SP)","SP","Sudeste","de R$ 8.001/mês a R$ 12.000/mês","Cientista de Dados/Data Scientist","Pleno","Modelo 100% remoto","1","1","0","0","0","0","0","1","1","1","0","0","0","0","0","0","0","0","0","0","0","0","0","0","0","0","0","0"
"afzau7j9dleefj9bjo7rafzau7j9goho","29","25-29","Masculino","Rio Grande do Sul (RS)","RS","Sul","de R$ 4.001/mês a R$ 6.000/mês","Cientista de Dados/Data Scientist","Júnior","Modelo 100% remoto","0","0","1","0","0","0","0","1","1","1","0","0","0","0","0","0","0","0","0","0","1","0","0","0","0","0","0","0"
"afmdaidrdm65yhpjg78rafmdn7u72nvv","33","30-34","Masculino","São Paulo (SP)","SP","Sudeste","de R$ 8.001/mês a R$ 12.000/mês","Analista de BI/BI Analyst/Analytics Engineer","Pleno","Modelo 100% remoto","0","0","1","0","0","0","0","1","0","1","0","0","0","0","0","0","0","0","0","0","1","0","1","0","0","0","0","0"
"aeyy33apwqwraik1gaeyy3li47jvtscv","26","25-29","Masculino","São Paulo (SP)","SP","Sudeste","de R$ 12.001/mês a R$ 16.000/mês","Engenheiro de Dados/Data Engineer","Sênior","Modelo 100% remoto","1","0","0","0","0","0","0","1","0","1","0","0","1","0","0","0","1","0","0","0","0","0","1","1","0","0","0","0"
"aeusbg473vx0k12srz7zqkaeusbg5xy7","30","30-34","Masculino","Rio Grande do Sul (RS)","RS","Sul","de R$ 8.001/mês a R$ 12.000/mês","Cientista de Dados/Data Scientist","Júnior","Modelo 100% remoto","0","0","0","0","0","1","0","1","0","1","0","0","1","0","0","0","0","0","0","0","1","0","1","0","0","0","0","0"
"ib93ya23yox1s40sbtib93ya2ot5y711","33","30-34","Masculino","Goiás (GO)","GO","Centro-oeste","","","","","","","","","","","","","","","","","","","","","","","","","","","","","","","",""
"ac2nhqoluhr1s0trmonkac2nhqobwkkc","26","25-29","Masculino","São Paulo (SP)","SP","Sudeste","de R$ 20.001/mês a R$ 25.000/mês","Cientista de Dados/Data Scientist","Sênior","Modelo híbrido flexível (o funcionário tem liberdade para escolher quando estar no escritório presencialmente)","1","0","0","0","0","0","0","1","0","1","0","0","0","0","0","0","0","0","0","0","0","0","0","0","1","0","0","0"
"aascfe6rk4rvs6b81ne80aascfe3i651","27","25-29","Feminino","Rio Grande do Norte (RN)","RN","Nordeste","de R$ 4.001/mês a R$ 6.000/mês","Engenheiro de Dados/Data Engineer","Pleno","Modelo híbrido com dias fixos de trabalho presencial","0","0","0","0","0","0","1","1","1","1","0","0","0","0","0","0","0","0","0","0","0","0","0","1","0","0","1","0"
"aa5tdxisdxz2h6botkaa5tlrj36cdspq","26","25-29","Feminino","São Paulo (SP)","SP","Sudeste","de R$ 4.001/mês a R$ 6.000/mês","Analista de Dados/Data Analyst","Júnior","Modelo 100% remoto","0","0","0","0","0","0","1","1","1","0","0","0","0","0","0","0","0","0","0","0","0","0","0","0","0","0","0","1"
"i7f6s26xhjzhyb59k0x91i7f6s19543l","46","45-49","Feminino","Rio Grande do Sul (RS)","RS","Sul","","","","","","","","","","","","","","","","","","","","","","","","","","","","","","","",""
"a594ij2j7yo4fu4m45aa59r74giu1bb2","33","30-34","Masculino","São Paulo (SP)","SP","Sudeste","de R$ 4.001/mês a R$ 6.000/mês","Analista de BI/BI Analyst/Analytics Engineer","Pleno","Modelo híbrido flexível (o funcionário tem liberdade para escolher quando estar no escritório presencialmente)","0","0","0","0","0","1","0","1","0","1","0","0","0","0","0","1","0","0","0","0","1","0","0","0","0","0","0","0"
"i6ciur4em7cpod4vpklji6ciur1v1lsm","24","22-24","Feminino","Sergipe (SE)","SE","Nordeste","","","","","","","","","","","","","","","","","","","","","","","","","","","","","","","",""
"em9u5ajjitr160d04bvem9uc9tcnajc2","32","30-34","Masculino","Bahia (BA)","BA","Nordeste","de R$ 2.001/mês a R$ 3000/mês","Analista Administrativo","Pleno","Modelo 100% presencial","0","0","0","0","0","1","0","1","0","1","0","0","0","0","0","0","0","0","0","0","1","0","0","0","0","0","0","0"
"fzg8bu61todiow9f6jzfzg8bmxp0h3pk","39","35-39","Masculino","Mato Grosso do Sul (MS)","MS","Centro-oeste","de R$ 8.001/mês a R$ 12.000/mês","DBA/Administrador de Banco de Dados","Sênior","Modelo híbrido com dias fixos de trabalho presencial","0","0","0","0","0","1","0","1","0","1","0","0","0","0","0","0","0","0","0","0","1","1","1","0","0","0","0","0"
"a1ljd50vvduworoa1lfezqynep0q7it4","26","25-29","Feminino","Rio de Janeiro (RJ)","RJ","Sudeste","de R$ 3.001/mês a R$ 4.000/mês","Cientista de Dados/Data Scientist","Júnior","Modelo 100% remoto","0","0","1","0","0","1","0","0","0","1","0","0","0","0","0","0","0","0","0","0","0","0","0","0","0","0","0","1"
"efpt13wxe3nq2vxgxmpvefpt13m4bscl","42","40-44","Masculino","Bahia (BA)","BA","Nordeste","de R$ 30.001/mês a R$ 40.000/mês","Cientista de Dados/Data Scientist","Sênior","Modelo 100% remoto","0","1","0","0","0","0","0","0","0","0","0","0","0","0","0","0","0","0","0","0","1","0","0","0","0","0","0","0"
"i4yntajf7sk438xi4yntwk03b50ly7te","38","35-39","Masculino","São Paulo (SP)","SP","Sudeste","","","","","","","","","","","","","","","","","","","","","","","","","","","","","","","",""
"9zzjcg1xcobjnes9zz1nihbg87xtp4om","35","35-39","Masculino","Santa Catarina (SC)","SC","Sul","de R$ 6.001/mês a R$ 8.000/mês","Cientista de Dados/Data Scientist","Júnior","Modelo 100% remoto","1","0","0","0","0","1","0","1","0","1","0","0","0","0","0","0","0","0","0","0","0","0","0","0","0","0","0","1"
"9yzs6cee6trslf3f9f9yzsx2tl5lbxbc","37","35-39","Masculino","São Paulo (SP)","SP","Sudeste","de R$ 8.001/mês a R$ 12.000/mês","Cientista de Dados/Data Scientist","Sênior","Modelo 100% remoto","0","0","1","0","0","0","0","1","0","1","0","0","0","0","0","0","0","0","0","0","1","0","0","1","0","0","0","0"
"9xbe9voeit10zxkge9xbe9h77y9r6wca","49","45-49","Feminino","Distrito Federal (DF)","DF","Centro-oeste","de R$ 30.001/mês a R$ 40.000/mês","Analista de Dados/Data Analyst","Júnior","Modelo 100% presencial","0","0","0","0","0","0","1","1","0","1","0","0","0","0","0","0","0","0","0","0","0","0","0","0","0","0","0","0"
"9wtr2csrzw66cwqqr8m80tc9wekmp36n","26","25-29","Masculino","Rio de Janeiro (RJ)","RJ","Sudeste","de R$ 6.001/mês a R$ 8.000/mês","Analista de BI/BI Analyst/Analytics Engineer","Pleno","Modelo 100% remoto","0","0","1","0","0","1","0","1","0","0","0","0","0","0","0","0","0","0","0","0","1","0","0","0","0","0","0","0"
"9wd7cer6s0z8wqjffi9wd7ce25tx48lb","30","30-34","Masculino","São Paulo (SP)","SP","Sudeste","de R$ 12.001/mês a R$ 16.000/mês","Analista de BI/BI Analyst/Analytics Engineer","Sênior","Modelo híbrido flexível (o funcionário tem liberdade para escolher quando estar no escritório presencialmente)","1","0","1","0","0","0","0","1","0","1","0","0","0","0","0","0","0","0","0","0","1","0","0","0","0","0","0","0"
"9vqyb4uwjarboihr9vqyb9bv6f175n0f","33","30-34","Masculino","Pernambuco (PE)","PE","Nordeste","de R$ 2.001/mês a R$ 3000/mês","Analista de BI/BI Analyst/Analytics Engineer","Júnior","Modelo 100% presencial","0","0","0","0","0","1","0","0","0","0","0","0","0","0","0","1","0","0","0","0","1","0","0","0","0","0","0","0"
"9v6wag7u07htpks0p979v6wam2r9ag3t","25","25-29","Masculino","São Paulo (SP)","SP","Sudeste","de R$ 8.001/mês a R$ 12.000/mês","Engenheiro de Dados/Data Engineer","Pleno","Modelo 100% remoto","1","0","1","0","0","0","0","1","0","1","0","0","0","0","0","0","1","0","0","0","1","1","0","0","0","0","0","0"
"9v3cv7begtjn0bq8py7b9v3cvgr4gsdz","21","17-21","Masculino","Rio Grande do Norte (RN)","RN","Nordeste","Menos de R$ 1.000/mês","Estatístico","Júnior","Modelo 100% presencial","0","0","0","0","0","1","0","0","1","1","0","0","0","0","0","0","0","0","0","0","0","0","0","0","0","0","0","1"
"9ujm6zi81ke19un5b8xz6lqq9s9ujm6z","24","22-24","Masculino","São Paulo (SP)","SP","Sudeste","de R$ 1.001/mês a R$ 2.000/mês","Engenheiro de Dados/Data Engineer","Júnior","Modelo 100% remoto","0","1","0","0","0","0","0","1","0","1","0","0","0","0","0","0","0","0","0","0","0","0","0","0","0","0","0","1"
"9uiouphvdbp8i59uiooazxqp4y8er9hk","29","25-29","Feminino","Minas Gerais (MG)","MG","Sudeste","de R$ 2.001/mês a R$ 3000/mês","Analista de Dados/Data Analyst","Júnior","Modelo híbrido flexível (o funcionário tem liberdade para escolher quando estar no escritório presencialmente)","0","0","1","0","0","1","0","1","0","1","0","0","0","0","0","0","0","0","0","0","1","0","0","0","0","0","0","0"
"9u0snnsjtfr6fdtwua9u0snqqykc88h4","23","22-24","Masculino","Rio Grande do Sul (RS)","RS","Sul","de R$ 1.001/mês a R$ 2.000/mês","Cientista de Dados/Data Scientist","Júnior","Modelo híbrido com dias fixos de trabalho presencial","0","0","0","0","0","1","0","1","1","0","0","0","0","0","0","1","0","0","0","0","1","0","0","0","0","0","0","0"
"9tav3fowvwzmqsnjnd69tav3f309f4tm","22","22-24","Masculino","São Paulo (SP)","SP","Sudeste","de R$ 2.001/mês a R$ 3000/mês","Analista de Negócios/Business Analyst","Júnior","Modelo híbrido com dias fixos de trabalho presencial","0","0","1","0","0","0","1","0","0","0","0","0","0","0","0","0","0","0","0","0","1","0","0","0","0","0","0","0"
"9sriv940iiqbbjw866j9sriyz49wtnnb","25","25-29","Feminino","Distrito Federal (DF)","DF","Centro-oeste","de R$ 8.001/mês a R$ 12.000/mês","Cientista de Dados/Data Scientist","Sênior","Modelo 100% remoto","0","0","1","0","0","0","0","1","0","1","0","0","0","0","0","0","0","0","0","0","1","0","0","0","0","0","0","0"
"9slh7d5mr2u7ka2d9s8eup4luvynia6r","20","17-21","Masculino","Minas Gerais (MG)","MG","Sudeste","de R$ 1.001/mês a R$ 2.000/mês","Outro","Júnior","Modelo híbrido flexível (o funcionário tem liberdade para escolher quando estar no escritório presencialmente)","0","0","0","0","0","1","0","0","0","1","0","0","0","0","0","0","0","0","0","0","1","0","0","0","0","0","0","0"
"9s1a0fz25coqfl4lgt9s1ax6y7ifra64","28","25-29","Masculino","Santa Catarina (SC)","SC","Sul","de R$ 8.001/mês a R$ 12.000/mês","Cientista de Dados/Data Scientist","Pleno","Modelo 100% remoto","0","1","0","0","0","0","0","0","0","1","0","0","0","0","0","0","0","0","0","0","0","0","0","0","0","0","0","1"
"9qyr3deu8b5wiaobm9qya6eo41c3bthi","19","17-21","Masculino","Santa Catarina (SC)","SC","Sul","de R$ 3.001/mês a R$ 4.000/mês","Engenheiro de Dados/Data Engineer","Júnior","Modelo híbrido flexível (o funcionário tem liberdade para escolher quando estar no escritório presencialmente)","1","0","0","0","0","0","0","1","0","1","0","0","0","0","0","0","0","0","0","0","1","0","0","0","0","0","0","0"
"9qlo6qzvkbvpu4mf5m9qlo0ylthxjrcf","28","25-29","Masculino","São Paulo (SP)","SP","Sudeste","de R$ 4.001/mês a R$ 6.000/mês","Engenheiro de Machine Learning/ML Engineer","Pleno","Modelo 100% remoto","1","0","0","0","0","0","0","0","0","1","0","0","0","0","0","0","0","0","0","0","0","0","0","0","0","0","0","1"
"9qkc088b04v8z199csf9qkc066iweuc4","32","30-34","Masculino","São Paulo (SP)","SP","Sudeste","de R$ 8.001/mês a R$ 12.000/mês","Analista de Negócios/Business Analyst","Sênior","Modelo 100% presencial","0","0","0","0","0","1","0","1","1","1","0","0","0","0","0","0","0","0","0","0","0","1","0","0","0","0","0","0"
"hpzfhz5zw4lpw7hpzfoka8afxq22pn4b","31","30-34","Masculino","São Paulo (SP)","SP","Sudeste","","","","","","","","","","","","","","","","","","","","","","","","","","","","","","","",""
"hn35is54iw6xe9g76hhhn35wve2a9ih9","24","22-24","Masculino","São Paulo (SP)","SP","Sudeste","","","","","","","","","","","","","","","","","","","","","","","","","","","","","","","",""
"9oxi24d4ok01hkdst59oxi24d4xriqtr","32","30-34","Masculino","São Paulo (SP)","SP","Sudeste","de R$ 2.001/mês a R$ 3000/mês","Outro","Pleno","Modelo 100% remoto","0","0","0","0","0","1","0","0","0","0","0","0","0","0","0","0","0","0","0","0","0","0","0","0","0","0","0","0"
"9o2zrxcf5ri4rvo089o2fty45vjenny9","31","30-34","Masculino","Minas Gerais (MG)","MG","Sudeste","de R$ 12.001/mês a R$ 16.000/mês","Engenheiro de Dados/Data Engineer","Sênior","Modelo 100% remoto","1","0","0","0","0","0","0","1","0","1","0","0","1","0","0","0","0","0","0","0","1","0","0","0","0","0","0","0"
"9nqppjppzd0s9nqppygy7y4ohdoeob2h","42","40-44","Masculino","Santa Catarina (SC)","SC","Sul","de R$ 8.001/mês a R$ 12.000/mês","Analista de BI/BI Analyst/Analytics Engineer","Sênior","Modelo 100% remoto","0","1","1","0","0","1","1","1","0","0","0","0","0","0","0","0","0","0","0","0","1","1","0","0","0","0","0","0"
"6dl3dzua8yg2cjcd6dlks3xaz95xj654","53","50-54","Masculino","São Paulo (SP)","SP","Sudeste","de R$ 6.001/mês a R$ 8.000/mês","Analista de BI/BI Analyst/Analytics Engineer","Pleno","Modelo 100% presencial","0","0","1","0","0","0","0","0","0","0","0","0","0","0","0","0","0","0","0","0","1","0","0","0","0","0","0","0"
"9nijaj5mmeh09xa5f9nijaihmdpfheru","35","35-39","Masculino","São Paulo (SP)","SP","Sudeste","de R$ 2.001/mês a R$ 3000/mês","Professor","Júnior","Modelo 100% presencial","0","1","0","0","0","0","0","0","0","0","0","0","0","0","0","0","0","0","0","0","0","0","0","0","0","0","1","0"
"9nb3080qw7p4g8ot9nbttkn9g3jvhfc4","30","30-34","Masculino","Goiás (GO)","GO","Centro-oeste","de R$ 4.001/mês a R$ 6.000/mês","Analista de BI/BI Analyst/Analytics Engineer","Pleno","Modelo híbrido flexível (o funcionário tem liberdade para escolher quando estar no escritório presencialmente)","0","0","0","0","0","1","0","1","0","1","0","0","0","0","0","1","0","0","0","0","1","0","0","0","0","0","1","0"
"9n55edt4bg4owokffs189n55edeua55c","32","30-34","Masculino","São Paulo (SP)","SP","Sudeste","de R$ 30.001/mês a R$ 40.000/mês","Engenheiro de Dados/Data Engineer","Sênior","Modelo 100% remoto","1","0","0","0","0","0","0","1","0","1","0","0","0","0","0","0","0","0","0","0","0","0","1","0","0","0","0","0"
"qcu9r2k516d4rljv5iteu3qcu9r8egxp","21","17-21","Masculino","Bahia (BA)","BA","Nordeste","","","","","","","","","","","","","","","","","","","","","","","","","","","","","","","",""
"9lgicmhwgrvhuqbo2d7p079lgicmhs0n","40","40-44","Masculino","Distrito Federal (DF)","DF","Centro-oeste","de R$ 16.001/mês a R$ 20.000/mês","Cientista de Dados/Data Scientist","Sênior","Modelo 100% remoto","1","0","0","0","0","0","0","1","0","1","0","0","1","0","0","0","0","0","0","0","0","0","0","1","0","0","0","0"
"9l7h20mqlw53geak9l7hmm0lobaz7jr4","33","30-34","Masculino","Santa Catarina (SC)","SC","Sul","de R$ 8.001/mês a R$ 12.000/mês","Cientista de Dados/Data Scientist","Pleno","Modelo 100% presencial","0","0","0","0","0","0","0","1","0","1","0","1","0","0","0","1","0","0","0","0","1","0","1","0","0","0","0","0"
"9kuwnze3u8cnbfdp09kuwnyyou1ksz9j","31","30-34","Masculino","São Paulo (SP)","SP","Sudeste","de R$ 1.001/mês a R$ 2.000/mês","Analista de BI/BI Analyst/Analytics Engineer","Júnior","Modelo 100% presencial","1","0","0","0","0","0","0","1","0","0","0","0","0","0","0","1","0","0","0","0","1","0","0","0","0","0","1","0"
"9kakeiak6o7ffm89kjohicvcw27ykirj","27","25-29","Masculino","Piauí (PI)","PI","Nordeste","de R$ 3.001/mês a R$ 4.000/mês","Analista de Negócios/Business Analyst","Sênior","Modelo 100% remoto","1","0","0","0","0","0","0","1","0","0","0","0","0","0","0","0","0","0","0","0","1","0","0","0","0","0","0","0"
"9k8rxat3v4h5v4zptae9k8rxat3djecm","31","30-34","Masculino","Minas Gerais (MG)","MG","Sudeste","de R$ 8.001/mês a R$ 12.000/mês","Analista de Dados/Data Analyst","Sênior","Modelo híbrido flexível (o funcionário tem liberdade para escolher quando estar no escritório presencialmente)","1","0","0","0","0","0","0","1","1","1","0","0","0","0","0","0","0","0","0","0","0","0","0","1","1","0","0","0"
"hcjhtpr6xmmqrqlwa0xt4vhcjhtpbd9r","25","25-29","Masculino","São Paulo (SP)","SP","Sudeste","","","","","","","","","","","","","","","","","","","","","","","","","","","","","","","",""
"9iqszkqclpz1tezmnquggn9iqszkqclo","26","25-29","Masculino","Rio de Janeiro (RJ)","RJ","Sudeste","de R$ 8.001/mês a R$ 12.000/mês","Cientista de Dados/Data Scientist","Sênior","Modelo 100% remoto","1","0","0","0","0","0","0","1","0","1","0","0","0","0","0","0","0","0","0","0","0","0","0","1","0","0","0","0"
"h2xkkdnlvgnib6h2xi7hxl8zi5c7p1hq","44","40-44","Masculino","Rio de Janeiro (RJ)","RJ","Sudeste","","","","","","","","","","","","","","","","","","","","","","","","","","","","","","","",""
"9h7q47wpbojfd0rnzl9h7q2jtup451qi","38","35-39","Masculino","São Paulo (SP)","SP","Sudeste","de R$ 6.001/mês a R$ 8.000/mês","Engenheiro de Dados/Data Engineer","Pleno","Modelo 100% remoto","1","0","0","0","0","0","0","1","0","1","0","0","0","0","0","0","0","0","0","0","0","0","0","0","0","0","0","1"
"9gnojjjqxnef50rh8z4u19gnojjjohyo","28","25-29","Feminino","São Paulo (SP)","SP","Sudeste","de R$ 3.001/mês a R$ 4.000/mês","Analista de BI/BI Analyst/Analytics Engineer","Júnior","Modelo híbrido flexível (o funcionário tem liberdade para escolher quando estar no escritório presencialmente)","1","0","0","0","0","0","0","1","0","1","0","0","0","0","0","0","0","0","0","0","0","0","0","1","0","0","0","0"
"9ggwzf3gojs1pwuu1h9ggwzf32kqjx1l","29","25-29","Masculino","São Paulo (SP)","SP","Sudeste","de R$ 4.001/mês a R$ 6.000/mês","Cientista de Dados/Data Scientist","Júnior","Modelo 100% remoto","1","0","0","0","0","0","0","1","0","1","0","0","0","0","0","0","0","0","0","0","1","0","0","1","0","0","0","0"
"9gefd0fvmubyfzylr9ge7nd4mou2h7fr","29","25-29","Masculino","Rio Grande do Sul (RS)","RS","Sul","de R$ 6.001/mês a R$ 8.000/mês","Cientista de Dados/Data Scientist","Pleno","Modelo 100% remoto","0","0","0","0","0","1","0","1","0","1","0","0","0","0","0","0","0","0","0","0","1","0","0","0","0","1","0","0"
"h0mzmjx9w63fhph0oe9mn4qrwr7nxfvy","21","17-21","Masculino","Piauí (PI)","PI","Nordeste","","","","","","","","","","","","","","","","","","","","","","","","","","","","","","","",""
"9ejbjlaffw1njrjpw0yq2i9ejbjla9op","24","22-24","Masculino","Rio de Janeiro (RJ)","RJ","Sudeste","de R$ 8.001/mês a R$ 12.000/mês","Engenheiro de Dados/Data Engineer","Sênior","Modelo híbrido com dias fixos de trabalho presencial","0","1","0","0","0","0","0","1","0","1","0","0","0","0","0","0","0","0","0","0","0","0","0","1","0","0","0","0"
"gw7bpzft7tpxalaxdb0gw7bpyj3qcog8","39","35-39","Masculino","Rio de Janeiro (RJ)","RJ","Sudeste","","","","","","","","","","","","","","","","","","","","","","","","","","","","","","","",""
"gu9hpubztura66bgu9hpuyft3l0c5klg","43","40-44","Masculino","Rio Grande do Norte (RN)","RN","Nordeste","","","","","","","","","","","","","","","","","","","","","","","","","","","","","","","",""
"0oqsqxf18vcpiaicr0oqsh87hbacag2u","26","25-29","Masculino","Mato Grosso (MT)","MT","Centro-oeste","","","","","","","","","","","","","","","","","","","","","","","","","","","","","","","",""
"gkrby6b7qtw2u9gkrbyynzm1ztmdnhxu","24","22-24","Feminino","Rio de Janeiro (RJ)","RJ","Sudeste","","","","","","","","","","","","","","","","","","","","","","","","","","","","","","","",""
"9b02r19zn9razk5c6g9b02ru8ozlmiog","27","25-29","Feminino","Paraná (PR)","PR","Sul","de R$ 1.001/mês a R$ 2.000/mês","Cientista de Dados/Data Scientist","Júnior","Modelo 100% remoto","1","0","0","0","0","0","1","0","1","1","0","0","0","0","0","0","0","0","0","0","0","0","0","0","0","0","0","0"
"9atkc9ryd8bf4qbzhnpyb9atkcs6giwd","47","45-49","Masculino","Rio de Janeiro (RJ)","RJ","Sudeste","de R$ 12.001/mês a R$ 16.000/mês","Cientista de Dados/Data Scientist","Pleno","Modelo 100% remoto","0","1","0","0","0","0","0","1","1","1","0","0","0","0","0","0","0","0","0","0","0","0","0","0","0","0","0","1"
"9a8lftz57axl1rha79a8lftsssf0ii8f","28","25-29","Masculino","São Paulo (SP)","SP","Sudeste","de R$ 4.001/mês a R$ 6.000/mês","Analista de Sistemas/Analista de TI","Pleno","Modelo 100% remoto","1","0","0","0","0","0","0","1","0","0","0","0","0","0","0","0","0","0","0","0","0","0","0","0","0","0","0","0"
"97lx9kqbx23lbi6boxc97lxfi56sw5z4","33","30-34","Feminino","Minas Gerais (MG)","MG","Sudeste","de R$ 4.001/mês a R$ 6.000/mês","Analista de Marketing","Pleno","Modelo 100% remoto","0","0","0","0","0","0","1","0","0","0","0","0","0","0","0","0","0","0","0","0","0","0","0","0","0","0","1","0"
"96kb491wf6z2ju1wro96kb49ej0k0ftd","32","30-34","Masculino","Rio Grande do Sul (RS)","RS","Sul","de R$ 6.001/mês a R$ 8.000/mês","Engenheiro de Dados/Data Engineer","Pleno","Modelo 100% remoto","0","0","1","0","0","0","0","1","0","1","0","0","0","0","0","0","0","0","0","0","1","0","0","0","0","0","0","0"
"96fdzdahb3izijlafoz896fdzdj30738","29","25-29","Masculino","São Paulo (SP)","SP","Sudeste","de R$ 4.001/mês a R$ 6.000/mês","Analista de BI/BI Analyst/Analytics Engineer","Pleno","Modelo híbrido flexível (o funcionário tem liberdade para escolher quando estar no escritório presencialmente)","1","0","0","0","0","0","0","1","0","1","0","0","0","0","0","1","0","0","0","0","1","0","0","0","0","1","0","0"
"96358tewumx6zlhmq6w96356irgtsai6","26","25-29","Masculino","São Paulo (SP)","SP","Sudeste","de R$ 8.001/mês a R$ 12.000/mês","Analista de Dados/Data Analyst","Pleno","Modelo híbrido com dias fixos de trabalho presencial","0","0","0","0","0","0","1","1","0","1","0","0","0","0","0","1","0","0","0","0","0","0","0","0","0","0","0","0"
"961n0nddrywn0961nntqr7g03zwmtbph","33","30-34","Masculino","São Paulo (SP)","SP","Sudeste","de R$ 6.001/mês a R$ 8.000/mês","Cientista de Dados/Data Scientist","Júnior","Modelo 100% remoto","0","1","0","0","0","0","0","1","0","1","0","0","0","0","0","0","0","0","0","0","0","0","0","0","0","0","0","0"
"0anh7gilr0wx4pj9fuau0anh76woxtns","53","50-54","Masculino","Distrito Federal (DF)","DF","Centro-oeste","de R$ 8.001/mês a R$ 12.000/mês","Desenvolvedor ou Engenheiro de Software","Sênior","Modelo 100% remoto","1","0","0","0","0","0","0","1","0","0","0","0","1","0","0","0","0","0","0","1","0","0","0","0","0","0","1","0"
"94y5y8hnd2shwl1q494y5y6yqox41x4h","31","30-34","Feminino","São Paulo (SP)","SP","Sudeste","de R$ 8.001/mês a R$ 12.000/mês","Analista de Dados/Data Analyst","Sênior","Modelo híbrido flexível (o funcionário tem liberdade para escolher quando estar no escritório presencialmente)","1","0","0","0","0","0","0","1","0","1","0","0","0","0","0","0","0","0","0","0","1","0","0","0","0","0","0","0"
"94vy9za29i0kiwaeso94vyjvgu7ojpke","23","22-24","Feminino","Minas Gerais (MG)","MG","Sudeste","de R$ 2.001/mês a R$ 3000/mês","Analista de Dados/Data Analyst","Júnior","Modelo 100% remoto","1","0","1","0","0","0","0","1","0","1","0","0","0","0","0","0","0","0","0","0","1","0","0","0","0","0","0","0"
"94ptglqao9db94ptgioig5cjc3kb5hsl","30","30-34","Masculino","São Paulo (SP)","SP","Sudeste","de R$ 4.001/mês a R$ 6.000/mês","Outro","Sênior","Modelo 100% presencial","0","0","0","0","0","0","1","0","0","0","0","0","0","0","0","0","0","0","0","0","0","0","0","0","0","0","1","0"
"944geqa0t85vk9swp0ocgqef944geqaj","31","30-34","Masculino","Paraíba (PB)","PB","Nordeste","de R$ 6.001/mês a R$ 8.000/mês","Engenheiro de Dados/Data Engineer","Sênior","Modelo 100% remoto","1","1","0","0","0","0","0","1","0","1","0","0","0","0","0","0","0","0","0","0","1","0","0","1","0","0","0","0"
"934yp0ccxt6ro0s0i6e934mvqjmcojje","32","30-34","Masculino","São Paulo (SP)","SP","Sudeste","de R$ 12.001/mês a R$ 16.000/mês","Engenheiro de Dados/Data Engineer","Sênior","Modelo 100% remoto","1","0","1","0","0","0","0","1","0","1","0","0","0","0","0","0","1","0","0","0","1","0","0","1","0","0","0","0"
"gh0noat2sivu0grxjxgh0noa6jq8jrmv","32","30-34","Masculino","São Paulo (SP)","SP","Sudeste","","","","","","","","","","","","","","","","","","","","","","","","","","","","","","","",""
"91gcc97elbodvtujg91gktjx08wyq4xc","26","25-29","Masculino","Minas Gerais (MG)","MG","Sudeste","de R$ 6.001/mês a R$ 8.000/mês","","","Modelo híbrido flexível (o funcionário tem liberdade para escolher quando estar no escritório presencialmente)","","","","","","","","","","","","","","","","","","","","","","","","","","","",""
"914gb0x2090dxos914bwx39ozh1z4ws6","42","40-44","Masculino","São Paulo (SP)","SP","Sudeste","de R$ 8.001/mês a R$ 12.000/mês","Cientista de Dados/Data Scientist","Sênior","Modelo 100% remoto","0","0","0","0","1","1","0","1","0","1","0","0","0","0","0","0","0","0","0","0","0","0","0","0","0","0","0","0"
"90va4hhlm4cybhgq590va4hi2538g4ye","34","30-34","Masculino","São Paulo (SP)","SP","Sudeste","de R$ 4.001/mês a R$ 6.000/mês","Analista de BI/BI Analyst/Analytics Engineer","Pleno","Modelo 100% presencial","0","0","1","0","0","0","0","1","1","1","0","0","0","0","0","1","0","0","0","0","1","0","0","0","0","0","0","0"
"903afxztab6xip2p3x903af17sgqlp74","21","17-21","Masculino","Paraná (PR)","PR","Sul","de R$ 4.001/mês a R$ 6.000/mês","Engenheiro de Dados/Data Engineer","Pleno","Modelo 100% remoto","1","0","0","0","0","0","0","1","0","1","0","0","0","0","0","0","0","0","0","0","0","0","1","0","0","0","0","0"
"9023l8uaq5z4hf2e89023ec2y0qg5hvh","20","17-21","Masculino","Distrito Federal (DF)","DF","Centro-oeste","de R$ 1.001/mês a R$ 2.000/mês","Cientista de Dados/Data Scientist","Júnior","Modelo 100% remoto","0","0","0","0","0","1","0","1","1","1","0","0","0","0","0","0","0","0","0","0","0","1","0","0","0","0","0","0"
"8z70pptz6qf4rer4zu8z70nz9elat5m4","27","25-29","Masculino","São Paulo (SP)","SP","Sudeste","de R$ 8.001/mês a R$ 12.000/mês","Analista de Negócios/Business Analyst","Sênior","Modelo híbrido flexível (o funcionário tem liberdade para escolher quando estar no escritório presencialmente)","1","1","0","0","0","0","0","1","0","0","0","0","0","0","0","0","0","0","0","0","0","0","1","0","0","0","0","0"
"8xn7z7wznpmga8358xn798423lykchpv","40","40-44","Masculino","Paraná (PR)","PR","Sul","de R$ 4.001/mês a R$ 6.000/mês","Analista de Dados/Data Analyst","Júnior","Modelo 100% remoto","0","1","0","0","0","0","0","1","0","1","0","0","0","0","0","0","0","0","0","0","0","0","0","1","0","0","0","0"
"8wyeihkqhc7dqn9x8wyey38yfk8d0vzr","21","17-21","Masculino","São Paulo (SP)","SP","Sudeste","de R$ 2.001/mês a R$ 3000/mês","Cientista de Dados/Data Scientist","Júnior","Modelo 100% remoto","1","0","0","0","0","0","0","1","1","1","1","0","1","0","0","0","0","0","0","1","0","0","1","0","0","0","0","0"
"8vldd0otnyjmtuxp1q58h8vlddyki0f7","25","25-29","Masculino","Espírito Santo (ES)","ES","Sudeste","de R$ 2.001/mês a R$ 3000/mês","Analista de Dados/Data Analyst","Júnior","Modelo 100% remoto","1","0","0","0","0","0","0","1","0","1","0","0","0","0","0","0","0","0","0","0","0","0","1","0","0","0","0","0"
"8v688g2clby9x5emu13h98v688g2g7an","41","40-44","Feminino","São Paulo (SP)","SP","Sudeste","de R$ 8.001/mês a R$ 12.000/mês","Analista de Dados/Data Analyst","Sênior","Modelo 100% remoto","0","1","0","0","0","0","0","1","0","1","0","0","0","0","0","0","0","0","0","0","0","0","0","0","0","1","0","0"
"8uvogr90zgzx9ws727e8uvogmf77s4d6","36","35-39","Masculino","Distrito Federal (DF)","DF","Centro-oeste","de R$ 4.001/mês a R$ 6.000/mês","Analista de BI/BI Analyst/Analytics Engineer","Júnior","Modelo 100% remoto","0","0","0","0","1","0","0","0","0","1","0","0","0","0","0","1","0","0","0","0","1","0","0","0","0","0","0","0"
"8usq1g7wz2b31i4nsg8usq1g7btstmdn","28","25-29","Feminino","São Paulo (SP)","SP","Sudeste","de R$ 8.001/mês a R$ 12.000/mês","Cientista de Dados/Data Scientist","Pleno","Modelo 100% remoto","1","0","0","0","0","0","0","1","1","1","0","0","0","0","0","1","0","0","0","0","0","0","0","0","0","0","0","1"
"o1632ayfmv43z64no1632eflg7ch3l33","39","35-39","Masculino","Bahia (BA)","BA","Nordeste","","","","","","","","","","","","","","","","","","","","","","","","","","","","","","","",""
"fhkx1nfe28iyo0mfhkxbnhkd4by2tytk","35","35-39","Masculino","São Paulo (SP)","SP","Sudeste","","","","","","","","","","","","","","","","","","","","","","","","","","","","","","","",""
"8t00061syagak1vzzxb8t000mz94hvgz","33","30-34","Feminino","São Paulo (SP)","SP","Sudeste","de R$ 2.001/mês a R$ 3000/mês","Analista de BI/BI Analyst/Analytics Engineer","Júnior","Modelo híbrido com dias fixos de trabalho presencial","0","0","0","0","0","0","1","1","0","0","0","0","0","0","0","0","0","0","0","0","1","0","0","0","0","0","0","0"
"8sof2gmfmt92qm618sof229ktckybpz7","20","17-21","Masculino","Minas Gerais (MG)","MG","Sudeste","Menos de R$ 1.000/mês","Cientista de Dados/Data Scientist","Júnior","Modelo 100% remoto","0","0","1","0","0","0","0","0","1","0","0","0","0","0","0","0","0","0","0","0","0","0","0","0","0","0","0","0"
"8sdzmf1v6gmh7gmfudmy88sdzmf18fdj","25","25-29","Masculino","São Paulo (SP)","SP","Sudeste","de R$ 6.001/mês a R$ 8.000/mês","Analista de BI/BI Analyst/Analytics Engineer","Sênior","Modelo híbrido com dias fixos de trabalho presencial","0","0","0","0","0","1","0","1","0","1","1","1","0","0","0","0","0","0","0","0","1","0","0","0","0","0","0","0"
"fdyv6lfp575ukzn7fdyv6zpc0a5ny36u","34","30-34","Masculino","São Paulo (SP)","SP","Sudeste","","","","","","","","","","","","","","","","","","","","","","","","","","","","","","","",""
"8rqis3gsh569rpqktexu8rqis3hypd95","23","22-24","Feminino","São Paulo (SP)","SP","Sudeste","de R$ 2.001/mês a R$ 3000/mês","Analista de Negócios/Business Analyst","Júnior","Modelo 100% remoto","0","0","0","0","0","1","0","0","0","0","0","0","0","0","0","1","0","0","0","0","1","0","1","0","0","0","1","0"
"8raz34001ez5xlf94yzneu8raz3e3qgs","25","25-29","Masculino","Minas Gerais (MG)","MG","Sudeste","de R$ 3.001/mês a R$ 4.000/mês","Engenheiro de Dados/Data Engineer","Pleno","Modelo 100% presencial","0","0","1","0","0","0","0","1","0","1","0","0","0","0","0","0","0","0","0","0","1","0","0","0","0","0","0","0"
"8r19lebhh22y7jj4q86f8r19lkiy4k06","23","22-24","Masculino","Paraná (PR)","PR","Sul","de R$ 4.001/mês a R$ 6.000/mês","Analista de Dados/Data Analyst","Júnior","Modelo 100% remoto","1","0","0","0","0","0","0","1","0","0","0","0","0","0","0","0","0","0","0","0","0","0","1","0","1","0","0","0"
"8r0vo23thd2set8y95n8r0vo2wh2v6wq","22","22-24","Masculino","Rio de Janeiro (RJ)","RJ","Sudeste","de R$ 3.001/mês a R$ 4.000/mês","Engenheiro de Dados/Data Engineer","Pleno","Modelo 100% remoto","1","1","0","0","0","0","0","1","0","1","0","0","1","0","0","0","0","0","0","1","1","0","0","0","0","0","0","0"
"f8x17osmgcw1l8leoodf8x17or044ca0","25","25-29","Masculino","","","Norte","","","","","","","","","","","","","","","","","","","","","","","","","","","","","","","",""
"f8wfe94pm0mih5uw1vf6f8wfw49iewe1","27","25-29","Masculino","São Paulo (SP)","SP","Sudeste","","","","","","","","","","","","","","","","","","","","","","","","","","","","","","","",""
"8nrco1plwf1c7870fh4jb8nrco1o86nr","43","40-44","Feminino","Rio de Janeiro (RJ)","RJ","Sudeste","de R$ 4.001/mês a R$ 6.000/mês","Analista de Negócios/Business Analyst","Pleno","Modelo 100% remoto","0","0","1","0","0","0","0","0","0","0","0","0","0","0","0","1","0","0","0","0","1","0","0","0","0","0","0","0"
"8nouw6zbz87dqgu98nouwx5r115uixxq","30","30-34","Masculino","São Paulo (SP)","SP","Sudeste","de R$ 8.001/mês a R$ 12.000/mês","Analista de Dados/Data Analyst","Sênior","Modelo 100% remoto","1","0","1","0","0","1","0","1","0","1","0","0","0","0","0","0","0","0","0","0","1","0","0","0","0","0","0","0"
"8no79nctbj9e2onhs8no79nj8zb2z4v7","23","22-24","Feminino","São Paulo (SP)","SP","Sudeste","de R$ 2.001/mês a R$ 3000/mês","Analista de Dados/Data Analyst","Júnior","Modelo 100% remoto","0","1","0","0","0","0","0","1","0","1","0","0","0","0","0","0","0","0","0","0","1","0","1","0","0","0","0","0"
"8ma3xbtu3adiahkyg6ax8ma3xbioc3ob","28","25-29","Feminino","Distrito Federal (DF)","DF","Centro-oeste","de R$ 6.001/mês a R$ 8.000/mês","Engenheiro de Dados/Data Engineer","Pleno","Modelo 100% remoto","0","1","0","0","0","0","0","1","0","1","0","0","0","0","0","0","0","0","0","0","1","1","1","0","0","1","0","0"
"f1it6ssy1fdlkf358qve71f1it6s1rhx","21","17-21","Masculino","Paraíba (PB)","PB","Nordeste","","","","","","","","","","","","","","","","","","","","","","","","","","","","","","","",""
"8lbljxgl7dx0i8ew07v8lblyejzcwosp","28","25-29","Masculino","São Paulo (SP)","SP","Sudeste","de R$ 16.001/mês a R$ 20.000/mês","Engenheiro de Machine Learning/ML Engineer","Sênior","Modelo 100% remoto","1","0","0","0","0","0","0","0","0","1","0","0","0","0","0","0","1","0","0","0","0","0","0","0","1","0","0","0"
"8kr3ojlelr37enu368kr33dzwuk43zn8","23","22-24","Feminino","Santa Catarina (SC)","SC","Sul","de R$ 8.001/mês a R$ 12.000/mês","Engenheiro de Dados/Data Engineer","Pleno","Modelo 100% remoto","1","1","1","0","0","0","0","1","0","1","0","0","1","0","0","0","1","0","0","1","0","0","0","0","0","1","0","0"
"8k3ybzny4228uwpbcf8k3ybr1ztmwjen","30","30-34","Outro","Fora do Brasil","Exterior","Exterior","de R$ 30.001/mês a R$ 40.000/mês","Engenheiro de Dados/Data Engineer","Pleno","Modelo híbrido flexível (o funcionário tem liberdade para escolher quando estar no escritório presencialmente)","1","0","0","0","0","0","0","1","0","1","0","0","0","0","0","0","0","0","0","0","1","0","1","0","0","1","1","0"
"ezm2l0e6afnnz0kgpjxezmdqpnt2x0wz","","55+","Masculino","Fora do Brasil","Exterior","Exterior","","","","","","","","","","","","","","","","","","","","","","","","","","","","","","","",""
"8jwxj7pq1yai6ceh8jwx6kav5ilziul9","32","30-34","Feminino","Minas Gerais (MG)","MG","Sudeste","Acima de R$ 40.001/mês","Desenvolvedor ou Engenheiro de Software","Pleno","Modelo 100% remoto","0","1","1","0","0","0","1","0","0","1","1","0","1","0","0","0","0","0","0","1","0","0","0","0","0","1","0","0"
"eu0sw538jetqblxnswheu0sw5lm7hfoi","23","22-24","Masculino","Rio de Janeiro (RJ)","RJ","Sudeste","","","","","","","","","","","","","","","","","","","","","","","","","","","","","","","",""
"8iysrsp9rjtzncl2gq18iysbox25j905","29","25-29","Feminino","São Paulo (SP)","SP","Sudeste","de R$ 12.001/mês a R$ 16.000/mês","Cientista de Dados/Data Scientist","Sênior","Modelo híbrido flexível (o funcionário tem liberdade para escolher quando estar no escritório presencialmente)","1","1","0","0","0","1","0","1","1","1","0","0","0","0","0","0","0","0","0","0","0","0","1","0","0","0","1","0"
"8hntd1fgeag4buq28hnt2csbxj4jjya2","23","22-24","Masculino","Santa Catarina (SC)","SC","Sul","de R$ 4.001/mês a R$ 6.000/mês","Cientista de Dados/Data Scientist","Júnior","Modelo 100% remoto","0","0","1","0","0","0","0","1","1","0","0","0","0","0","0","0","0","0","0","0","0","0","0","0","0","0","0","1"
"8hez9gnyayvfwf3mt8hez9gnp4olh6ke","36","35-39","Masculino","Rio Grande do Sul (RS)","RS","Sul","de R$ 6.001/mês a R$ 8.000/mês","Engenheiro de Dados/Data Engineer","Pleno","Modelo 100% remoto","0","0","1","0","0","0","0","1","0","1","0","0","0","0","0","0","0","0","0","0","1","0","0","0","0","0","0","0"
"8h3jnham9y9zajnvv88a8h3jhnfmodxw","26","25-29","Masculino","São Paulo (SP)","SP","Sudeste","de R$ 3.001/mês a R$ 4.000/mês","Analista de BI/BI Analyst/Analytics Engineer","Pleno","Modelo híbrido flexível (o funcionário tem liberdade para escolher quando estar no escritório presencialmente)","0","0","0","0","0","1","0","1","0","1","0","0","0","0","0","0","0","0","0","0","1","0","0","0","0","0","0","0"
"8fvqpb6fa5sysh4iavq8fvqpb6v7qojx","27","25-29","Masculino","","","Norte","de R$ 8.001/mês a R$ 12.000/mês","Analista de BI/BI Analyst/Analytics Engineer","Pleno","Modelo 100% presencial","0","0","0","0","0","1","0","1","0","1","0","0","0","0","0","0","0","0","0","0","0","0","0","1","0","0","0","0"
"8frksn2w96n9vz8frkcmg2iibrt2gmr4","35","35-39","Masculino","São Paulo (SP)","SP","Sudeste","de R$ 4.001/mês a R$ 6.000/mês","Analista Administrativo","Sênior","Modelo 100% presencial","0","0","0","0","0","1","0","0","0","1","0","0","0","0","0","0","0","0","0","0","1","0","0","0","0","0","0","0"
"8fowbgxy2g4h88fowh7ti7kwupswn3qu","23","22-24","Masculino","São Paulo (SP)","SP","Sudeste","de R$ 3.001/mês a R$ 4.000/mês","Analista de BI/BI Analyst/Analytics Engineer","Júnior","Modelo 100% remoto","1","0","0","0","0","0","0","1","0","1","0","0","0","0","0","0","0","0","0","0","0","0","1","1","0","0","0","0"
"8euowvd2skb0ogt08xrkv68euowvtqn3","30","30-34","Masculino","Minas Gerais (MG)","MG","Sudeste","de R$ 3.001/mês a R$ 4.000/mês","Engenheiro de Dados/Data Engineer","Pleno","Modelo 100% remoto","1","0","0","0","0","0","0","1","0","1","0","0","0","0","0","0","0","0","0","0","1","0","0","0","0","0","0","0"
"8e192s6d3j1yyi8c8e1922koqzx0gph9","","55+","Masculino","Distrito Federal (DF)","DF","Centro-oeste","de R$ 4.001/mês a R$ 6.000/mês","Desenvolvedor ou Engenheiro de Software","Pleno","Modelo 100% remoto","0","0","0","0","0","0","1","1","0","0","0","0","1","0","0","0","0","0","0","1","1","1","0","0","0","0","0","0"
"8db1h65mw3upljmvc8db1hhj7sck5co5","27","25-29","Masculino","São Paulo (SP)","SP","Sudeste","de R$ 4.001/mês a R$ 6.000/mês","Cientista de Dados/Data Scientist","Júnior","Modelo 100% remoto","1","1","0","0","0","0","0","1","0","1","0","0","0","0","0","0","0","0","0","0","0","0","0","0","0","0","0","1"
"8d406uo2e6coe8mkh8d400beeammdcqw","21","17-21","Feminino","São Paulo (SP)","SP","Sudeste","de R$ 2.001/mês a R$ 3000/mês","Desenvolvedor ou Engenheiro de Software","Júnior","Modelo híbrido flexível (o funcionário tem liberdade para escolher quando estar no escritório presencialmente)","0","1","0","0","0","0","0","1","0","1","0","0","0","0","0","0","0","0","0","0","0","0","0","0","0","0","0","0"
"8c16cbrl1jzwi1h8c165n70qtixi4n7c","33","30-34","Masculino","Minas Gerais (MG)","MG","Sudeste","de R$ 4.001/mês a R$ 6.000/mês","Analista de Dados/Data Analyst","Pleno","Modelo 100% remoto","1","0","0","0","0","0","0","1","0","0","0","0","0","0","0","0","0","0","0","0","1","0","1","0","0","0","0","0"
"8b58bbljwsh2kwrfu8b58bqiegkp64xh","21","17-21","Masculino","Goiás (GO)","GO","Centro-oeste","de R$ 2.001/mês a R$ 3000/mês","Cientista de Dados/Data Scientist","Júnior","Modelo 100% remoto","1","0","1","0","0","0","0","1","0","1","0","0","0","0","0","0","0","0","0","0","1","0","0","0","0","0","0","0"
"8as5xvmau0y9232aqt7k8as5xvbrld58","31","30-34","Masculino","Rio de Janeiro (RJ)","RJ","Sudeste","de R$ 8.001/mês a R$ 12.000/mês","Engenheiro de Dados/Data Engineer","Pleno","Modelo 100% remoto","0","1","0","0","0","0","0","1","0","1","0","0","0","0","0","0","0","0","0","0","1","0","0","0","0","1","0","0"
"8ahwz7w0jasa0dci8ahwz7an5jelsnuh","24","22-24","Masculino","São Paulo (SP)","SP","Sudeste","de R$ 4.001/mês a R$ 6.000/mês","Cientista de Dados/Data Scientist","Júnior","Modelo 100% remoto","0","1","0","0","0","0","0","1","0","1","0","0","0","0","0","0","0","0","0","0","1","0","0","0","0","0","0","0"
"8afbrzv0iu3euhwy7r8afbrzmtgr9p1u","37","35-39","Masculino","Minas Gerais (MG)","MG","Sudeste","de R$ 8.001/mês a R$ 12.000/mês","Analista de Dados/Data Analyst","Sênior","Modelo híbrido flexível (o funcionário tem liberdade para escolher quando estar no escritório presencialmente)","0","0","1","0","0","0","0","1","1","1","0","0","0","0","0","0","0","0","0","0","1","0","0","0","0","0","0","0"
"ep8me32f29w32njfnep8me329h40rx16","25","25-29","Feminino","Rio de Janeiro (RJ)","RJ","Sudeste","","","","","","","","","","","","","","","","","","","","","","","","","","","","","","","",""
"87th2mxncgw43n6pxw87th2go066tvrq","44","40-44","Masculino","Goiás (GO)","GO","Centro-oeste","de R$ 8.001/mês a R$ 12.000/mês","Desenvolvedor ou Engenheiro de Software","Sênior","Modelo 100% remoto","1","0","0","0","0","0","0","1","0","0","1","0","0","0","0","0","0","0","0","0","0","0","0","0","0","0","0","1"
"ep1j7mozt8v5qu2l622ep1j7mw40ykv1","23","22-24","Feminino","São Paulo (SP)","SP","Sudeste","","","","","","","","","","","","","","","","","","","","","","","","","","","","","","","",""
"86jin0ayboqiwx86jin081ufhsrnnhyo","22","22-24","Masculino","São Paulo (SP)","SP","Sudeste","de R$ 1.001/mês a R$ 2.000/mês","Analista de Dados/Data Analyst","Júnior","Modelo híbrido com dias fixos de trabalho presencial","1","0","0","0","0","0","0","1","0","1","0","0","1","0","0","0","0","0","0","1","0","1","0","1","0","0","0","0"
"mv7kzcbf7576qh67qlmbmv7kzcbcqb1b","23","22-24","Masculino","Bahia (BA)","BA","Nordeste","","","","","","","","","","","","","","","","","","","","","","","","","","","","","","","",""
"86ik5relsghny8kbq486iftx1nana2nz","28","25-29","Masculino","São Paulo (SP)","SP","Sudeste","de R$ 12.001/mês a R$ 16.000/mês","Cientista de Dados/Data Scientist","Sênior","Modelo 100% remoto","1","1","1","0","0","0","1","1","0","1","0","0","0","0","1","0","0","0","0","0","0","0","1","0","0","0","0","0"
"edmwwmavg0j6jsm5puredmww80uip062","33","30-34","Masculino","Minas Gerais (MG)","MG","Sudeste","","","","","","","","","","","","","","","","","","","","","","","","","","","","","","","",""
"84nozr05q904nhm84nozdkelpvi5oycc","47","45-49","Masculino","São Paulo (SP)","SP","Sudeste","de R$ 16.001/mês a R$ 20.000/mês","Analista de BI/BI Analyst/Analytics Engineer","Sênior","Modelo 100% remoto","1","0","0","0","0","0","0","1","0","1","0","0","0","0","0","0","0","0","0","0","0","0","0","0","1","0","0","0"
"eb6ul4llaps39reb6ulupgcm1igfyw09","33","30-34","Masculino","São Paulo (SP)","SP","Sudeste","","","","","","","","","","","","","","","","","","","","","","","","","","","","","","","",""
"83l5ptxxm6rcy2ejo83l5ptxgfsve0jq","26","25-29","Masculino","São Paulo (SP)","SP","Sudeste","de R$ 6.001/mês a R$ 8.000/mês","Cientista de Dados/Data Scientist","Pleno","Modelo 100% remoto","0","1","0","0","0","0","0","1","1","1","0","0","0","0","0","0","0","0","0","0","0","0","0","0","0","0","0","1"
"82wgjbw6c10ifvhj7p82wgjbeh2p6g3g","36","35-39","Masculino","Distrito Federal (DF)","DF","Centro-oeste","de R$ 3.001/mês a R$ 4.000/mês","Analista de Dados/Data Analyst","Júnior","Modelo 100% presencial","0","0","0","0","0","1","0","1","0","0","0","0","0","0","0","0","0","0","1","0","0","0","0","0","0","0","0","1"
"80ytr0cq8fx4y580k3xsww1oai3g15ok","40","40-44","Masculino","Minas Gerais (MG)","MG","Sudeste","de R$ 8.001/mês a R$ 12.000/mês","Analista de BI/BI Analyst/Analytics Engineer","Sênior","Modelo 100% remoto","0","1","0","0","0","0","0","1","0","1","0","0","1","0","0","0","0","0","0","1","1","0","1","0","0","1","0","0"
"7zp7oqihme4ksyem7zp7rexypkeq1xoc","30","30-34","Masculino","São Paulo (SP)","SP","Sudeste","de R$ 8.001/mês a R$ 12.000/mês","Analista de BI/BI Analyst/Analytics Engineer","Pleno","Modelo 100% remoto","1","0","0","0","0","0","0","1","0","1","0","0","0","0","0","0","0","0","0","0","1","0","1","0","0","0","0","0"
"eapokoaaeet0mqpceapokquz3457ybxe","30","30-34","Masculino","Minas Gerais (MG)","MG","Sudeste","","","","","","","","","","","","","","","","","","","","","","","","","","","","","","","",""
"7vywdfg2hf5sshl7vyw5l0w3n9q1hpg0","27","25-29","Masculino","Rio Grande do Sul (RS)","RS","Sul","de R$ 4.001/mês a R$ 6.000/mês","Engenheiro de Dados/Data Engineer","Júnior","Modelo híbrido flexível (o funcionário tem liberdade para escolher quando estar no escritório presencialmente)","1","0","0","0","0","0","1","1","0","1","0","0","0","0","0","0","0","0","1","0","1","0","0","0","0","0","0","0"
"ea4gtt3eefbb8fsjea4gtt3cb49stu2u","22","22-24","Masculino","Rio de Janeiro (RJ)","RJ","Sudeste","","","","","","","","","","","","","","","","","","","","","","","","","","","","","","","",""
"7s0t8xcahabvzqn4de7s0t8x370ssxsj","28","25-29","Feminino","Rio Grande do Sul (RS)","RS","Sul","de R$ 3.001/mês a R$ 4.000/mês","Analista de BI/BI Analyst/Analytics Engineer","Pleno","Modelo 100% remoto","0","0","0","0","0","1","0","0","0","0","0","0","1","0","0","0","0","0","0","1","1","0","0","0","0","1","0","0"
"7rvxt9wrq7hkihpqt827rvxt9nlp3bar","26","25-29","Masculino","Minas Gerais (MG)","MG","Sudeste","de R$ 6.001/mês a R$ 8.000/mês","Engenheiro de Dados/Data Engineer","Pleno","Modelo híbrido flexível (o funcionário tem liberdade para escolher quando estar no escritório presencialmente)","1","0","0","0","0","0","0","1","0","1","0","0","1","0","0","0","0","0","0","0","0","0","0","0","0","0","0","0"
"7rsvx820w8ltdej7rs8j61esya09xbwc","30","30-34","Masculino","São Paulo (SP)","SP","Sudeste","de R$ 12.001/mês a R$ 16.000/mês","Cientista de Dados/Data Scientist","Pleno","Modelo híbrido flexível (o funcionário tem liberdade para escolher quando estar no escritório presencialmente)","0","1","0","1","0","0","0","0","0","1","0","0","0","0","0","0","0","0","0","0","0","0","0","0","0","0","0","1"
"7ris9fwxbel1z4ra12kg7ris9gqxxzyb","28","25-29","Feminino","Minas Gerais (MG)","MG","Sudeste","de R$ 6.001/mês a R$ 8.000/mês","Cientista de Dados/Data Scientist","Pleno","Modelo híbrido flexível (o funcionário tem liberdade para escolher quando estar no escritório presencialmente)","1","0","0","0","1","0","0","1","1","1","0","0","0","0","0","0","0","0","0","0","0","0","1","0","0","0","0","0"
"7qzwo4jdk7tq4k5ns7qzwo4cfrrkbuad","26","25-29","Masculino","São Paulo (SP)","SP","Sudeste","de R$ 3.001/mês a R$ 4.000/mês","Analista de BI/BI Analyst/Analytics Engineer","Júnior","Modelo 100% presencial","1","0","0","0","0","0","0","1","0","1","0","0","0","0","0","0","0","0","0","0","1","0","0","0","0","0","0","0"
"e9ug9azg7ax4jrte6b7e9ug9v3d6edm4","29","25-29","Masculino","Fora do Brasil","Exterior","Exterior","","","","","","","","","","","","","","","","","","","","","","","","","","","","","","","",""
"7qcxie6dk4dwkzwhy7qcxin0uqcydqev","20","17-21","Feminino","Santa Catarina (SC)","SC","Sul","de R$ 4.001/mês a R$ 6.000/mês","Engenheiro de Machine Learning/ML Engineer","Júnior","Modelo 100% remoto","0","0","1","0","0","0","0","1","0","1","0","0","0","0","0","0","0","0","0","0","0","0","0","0","0","0","0","1"
"d74jw43e55jb26ulikk2vd74jw43ebqv","35","35-39","Masculino","Bahia (BA)","BA","Nordeste","de R$ 8.001/mês a R$ 12.000/mês","Cientista de Dados/Data Scientist","Pleno","Modelo 100% remoto","0","0","1","0","0","0","0","1","0","1","0","0","0","0","0","0","0","0","0","0","0","0","0","0","0","0","0","1"
"7p5daup4ajzs7p5oiddt23ka1i23oidi","39","35-39","Masculino","Rio de Janeiro (RJ)","RJ","Sudeste","de R$ 8.001/mês a R$ 12.000/mês","Analista de Negócios/Business Analyst","Sênior","Modelo híbrido flexível (o funcionário tem liberdade para escolher quando estar no escritório presencialmente)","0","0","0","0","0","1","0","0","0","1","0","0","0","0","0","0","0","0","0","0","1","0","1","0","0","0","0","0"
"7p2cgbdfs7t7p2t7zjqrah1rdtt69vgb","29","25-29","Feminino","São Paulo (SP)","SP","Sudeste","de R$ 8.001/mês a R$ 12.000/mês","Analista de Dados/Data Analyst","Sênior","Modelo 100% remoto","1","0","0","1","0","0","0","1","1","1","0","0","0","0","0","0","0","0","0","0","0","0","1","0","0","0","0","0"
"7p08brmns6ba5n2q7p08b3iboipl4949","26","25-29","Masculino","São Paulo (SP)","SP","Sudeste","de R$ 4.001/mês a R$ 6.000/mês","Analista de BI/BI Analyst/Analytics Engineer","Pleno","Modelo 100% remoto","1","0","0","0","0","0","0","0","0","0","0","0","0","0","0","0","0","0","0","0","1","0","0","0","0","0","0","0"
"7o86e3vweujdour2wuu757o86eg0uetg","27","25-29","Masculino","Distrito Federal (DF)","DF","Centro-oeste","de R$ 6.001/mês a R$ 8.000/mês","Outro","Pleno","Modelo 100% remoto","0","0","0","0","0","1","0","1","0","1","0","0","0","0","0","0","0","0","0","0","0","0","0","0","0","0","0","1"
"7m3vcxegno906cy7ihsvn7m3vcof6efq","30","30-34","Masculino","São Paulo (SP)","SP","Sudeste","de R$ 4.001/mês a R$ 6.000/mês","Cientista de Dados/Data Scientist","Júnior","Modelo 100% remoto","0","0","0","0","0","1","0","0","0","1","0","0","0","0","0","0","0","0","0","0","0","0","0","0","0","0","1","0"
"7m0ioem0ur3fyat9q77m0ium9pmrq3j4","35","35-39","Masculino","Minas Gerais (MG)","MG","Sudeste","de R$ 20.001/mês a R$ 25.000/mês","Cientista de Dados/Data Scientist","Sênior","Modelo híbrido flexível (o funcionário tem liberdade para escolher quando estar no escritório presencialmente)","0","1","0","0","0","0","0","1","0","1","0","0","0","0","0","0","0","0","0","0","0","0","0","0","0","0","0","1"
"e7l25vhey5mr0ppf0nxe7l25vnbzxocf","32","30-34","Masculino","Rio de Janeiro (RJ)","RJ","Sudeste","","","","","","","","","","","","","","","","","","","","","","","","","","","","","","","",""
"7lkav4o0fukny1644lc7lkav4o0c5wsb","26","25-29","Masculino","Minas Gerais (MG)","MG","Sudeste","de R$ 8.001/mês a R$ 12.000/mês","Cientista de Dados/Data Scientist","Sênior","Modelo 100% remoto","0","1","0","0","0","0","0","1","0","1","0","0","0","0","0","0","0","0","0","0","0","0","0","1","0","1","0","0"
"7lkav4o0fukny1644lc7lkav4o0c5wsb","26","25-29","Masculino","Minas Gerais (MG)","MG","Sudeste","de R$ 8.001/mês a R$ 12.000/mês","Cientista de Dados/Data Scientist","Sênior","Modelo 100% remoto","0","1","0","0","0","0","0","1","0","1","0","0","0","0","0","0","0","0","0","0","0","0","0","1","0","1","0","0"
"7li2x81t7q4rk7td5d0t7li25k95g6x8","40","40-44","Masculino","Rio Grande do Sul (RS)","RS","Sul","de R$ 4.001/mês a R$ 6.000/mês","Analista de BI/BI Analyst/Analytics Engineer","Sênior","Modelo 100% remoto","0","0","1","0","0","0","0","1","0","1","0","0","1","0","0","0","0","0","0","1","1","0","0","0","0","0","0","0"
"7lguokir9tgoy0j6g9b7lguok3t822ct","40","40-44","Masculino","São Paulo (SP)","SP","Sudeste","de R$ 30.001/mês a R$ 40.000/mês","Engenheiro de Dados/Data Engineer","Sênior","Modelo 100% remoto","0","0","1","0","0","0","0","0","0","1","0","0","0","0","0","0","1","0","0","0","1","0","1","0","0","0","0","0"
"e290uyfhy1eeo6otzz3we290uyroyddj","20","17-21","Masculino","Paraíba (PB)","PB","Nordeste","","","","","","","","","","","","","","","","","","","","","","","","","","","","","","","",""
"e0yl7ds1h44db1ocse0yl3v54bm35s46","20","17-21","Masculino","Minas Gerais (MG)","MG","Sudeste","","","","","","","","","","","","","","","","","","","","","","","","","","","","","","","",""
"7kochvh9gfsqcs7kfmbrpyroggdjsnhn","31","30-34","Masculino","Goiás (GO)","GO","Centro-oeste","de R$ 8.001/mês a R$ 12.000/mês","Engenheiro de Dados/Data Engineer","Sênior","Modelo 100% remoto","1","0","0","0","0","0","0","1","0","1","0","0","0","0","0","0","1","0","0","0","1","0","0","0","0","0","0","0"
"e0rama9stdhosgcmtve0rat1xr8gizpy","34","30-34","Feminino","Minas Gerais (MG)","MG","Sudeste","","","","","","","","","","","","","","","","","","","","","","","","","","","","","","","",""
"qr1ylw73xk964ngfy4qr1ksab3p6bd2x","54","50-54","Masculino","Rio de Janeiro (RJ)","RJ","Sudeste","de R$ 8.001/mês a R$ 12.000/mês","Analista de Negócios/Business Analyst","Pleno","Modelo 100% remoto","0","0","1","0","0","0","0","1","0","0","1","1","0","0","0","0","0","0","0","0","1","0","0","0","0","0","0","0"
"7imrnb4lajl15e7imaljvc61y7vagtd4","30","30-34","Masculino","São Paulo (SP)","SP","Sudeste","de R$ 8.001/mês a R$ 12.000/mês","Cientista de Dados/Data Scientist","Pleno","Modelo 100% remoto","1","1","0","0","0","0","0","1","0","1","0","0","0","0","0","0","1","0","0","0","1","0","1","0","0","0","0","0"
"7flkli8cztyzjzt7flkli7ay3uku2088","45","45-49","Masculino","São Paulo (SP)","SP","Sudeste","de R$ 8.001/mês a R$ 12.000/mês","Analista de Marketing","Júnior","Modelo 100% presencial","0","0","0","0","0","1","0","1","0","0","0","0","0","0","0","1","0","0","0","0","0","0","0","0","0","0","1","0"
"7fja2oz0w3xas1aweoyvoc7fjaiuv9gf","","55+","Masculino","Rio de Janeiro (RJ)","RJ","Sudeste","de R$ 25.001/mês a R$ 30.000/mês","Engenheiro de Dados/Data Engineer","Sênior","Modelo híbrido com dias fixos de trabalho presencial","1","0","1","0","0","0","0","0","0","1","0","0","0","0","0","0","0","0","0","0","1","0","1","0","0","0","0","0"
"7etufr7w2cheeqfy2omi5f7etufr7t4i","46","45-49","Masculino","Rio Grande do Sul (RS)","RS","Sul","de R$ 12.001/mês a R$ 16.000/mês","Outro","Sênior","Modelo 100% remoto","0","0","1","0","0","0","1","1","0","1","0","0","1","0","0","0","0","0","0","1","1","0","1","0","0","0","0","0"
"cs5ml8iiukh6dwq7c9cs5mlkobp9z91z","23","22-24","Feminino","Bahia (BA)","BA","Nordeste","de R$ 1.001/mês a R$ 2.000/mês","Analista de Dados/Data Analyst","Júnior","Modelo híbrido flexível (o funcionário tem liberdade para escolher quando estar no escritório presencialmente)","0","1","0","0","0","0","0","1","0","0","0","0","0","0","0","0","0","0","0","0","0","0","0","0","0","1","0","0"
"7dopsy30o8qibunipsc7dopsym112x2s","33","30-34","Masculino","São Paulo (SP)","SP","Sudeste","de R$ 16.001/mês a R$ 20.000/mês","Engenheiro de Dados/Data Engineer","Sênior","Modelo 100% remoto","1","1","0","1","0","0","0","1","0","1","0","0","0","0","0","0","0","0","0","0","0","0","0","1","0","1","1","0"
"7dmkf2s2qne4erzt9r7dmqtj3kyjihni","25","25-29","Masculino","São Paulo (SP)","SP","Sudeste","de R$ 3.001/mês a R$ 4.000/mês","Outro","Júnior","Modelo 100% presencial","0","0","0","0","0","1","0","1","0","0","0","0","0","0","0","1","0","0","0","0","0","0","0","0","0","0","1","0"
"7dey0zffju9dto6wj67deytegnh7y1ge","33","30-34","Masculino","São Paulo (SP)","SP","Sudeste","de R$ 8.001/mês a R$ 12.000/mês","Cientista de Dados/Data Scientist","Pleno","Modelo híbrido flexível (o funcionário tem liberdade para escolher quando estar no escritório presencialmente)","1","0","0","0","0","0","0","1","0","1","0","0","0","0","0","0","0","0","0","0","0","0","0","0","0","0","1","0"
"7cqaax66u1miv7ptx7cqak8k514mxob8","26","25-29","Masculino","Minas Gerais (MG)","MG","Sudeste","de R$ 1.001/mês a R$ 2.000/mês","Analista de Sistemas/Analista de TI","Júnior","Modelo 100% presencial","0","0","0","0","0","0","1","1","0","1","0","0","0","0","0","0","0","0","1","0","1","0","0","0","0","0","0","0"
"n09tifqasg4u13ea6sj7n09tilq8ra5e","54","50-54","Masculino","Rio Grande do Sul (RS)","RS","Sul","de R$ 6.001/mês a R$ 8.000/mês","Analista de Negócios/Business Analyst","Pleno","Modelo híbrido com dias fixos de trabalho presencial","0","0","1","0","0","0","0","0","0","0","0","0","0","0","0","0","0","0","0","0","1","0","0","0","0","1","0","0"
"7c7ppigwkkkam25o7c7pprluaa4wpbpc","32","30-34","Feminino","Minas Gerais (MG)","MG","Sudeste","de R$ 6.001/mês a R$ 8.000/mês","Analista de Dados/Data Analyst","Pleno","Modelo 100% remoto","1","0","0","0","0","0","0","1","0","1","0","0","0","0","0","0","0","0","0","0","1","0","1","0","0","0","0","0"
"7c1upidhnvepu6iosy49ra7c1upi8gom","22","22-24","Feminino","São Paulo (SP)","SP","Sudeste","de R$ 4.001/mês a R$ 6.000/mês","Analista de BI/BI Analyst/Analytics Engineer","Pleno","Modelo 100% remoto","0","0","1","0","0","0","0","1","0","1","0","0","0","0","0","1","0","0","0","0","1","0","0","0","0","0","0","0"
"7bvkq7548b2inb7bvkqe738u25pqkibs","27","25-29","Masculino","Rio de Janeiro (RJ)","RJ","Sudeste","de R$ 1.001/mês a R$ 2.000/mês","Analista de BI/BI Analyst/Analytics Engineer","Júnior","Modelo 100% remoto","0","1","0","0","0","0","0","1","0","1","0","0","0","0","0","0","0","0","0","0","0","0","0","1","0","1","0","0"
"dt5u4yxkcywjd0qntzdt5u4yo7riaaro","28","25-29","Masculino","São Paulo (SP)","SP","Sudeste","","","","","","","","","","","","","","","","","","","","","","","","","","","","","","","",""
"7bovyk591fabzx4qla7bovyk596tauhi","25","25-29","Masculino","São Paulo (SP)","SP","Sudeste","de R$ 1.001/mês a R$ 2.000/mês","Analista de Dados/Data Analyst","Júnior","Modelo 100% presencial","0","0","0","0","0","1","0","0","0","0","0","0","0","0","0","0","0","0","0","0","0","0","0","0","0","0","1","0"
"co3k6zkp3vch52376pco3k6z1elwzmsb","33","30-34","Masculino","Bahia (BA)","BA","Nordeste","de R$ 2.001/mês a R$ 3000/mês","Analista de BI/BI Analyst/Analytics Engineer","Pleno","Modelo híbrido com dias fixos de trabalho presencial","0","0","1","0","0","0","0","1","0","1","0","0","1","0","0","0","0","0","0","1","1","0","0","0","0","0","0","0"
"7b9ac9dnmsq8yb7b9a5i0qqcuibg00qd","21","17-21","Masculino","Pernambuco (PE)","PE","Nordeste","de R$ 1.001/mês a R$ 2.000/mês","Analista de Negócios/Business Analyst","Pleno","Modelo híbrido flexível (o funcionário tem liberdade para escolher quando estar no escritório presencialmente)","0","1","0","0","0","0","0","0","0","0","0","0","0","0","0","0","0","0","0","0","1","0","0","0","0","0","0","0"
"79nbph2loj7k2a79nbpf506ez2fetrte","26","25-29","Masculino","São Paulo (SP)","SP","Sudeste","de R$ 4.001/mês a R$ 6.000/mês","Outro","Júnior","Modelo híbrido flexível (o funcionário tem liberdade para escolher quando estar no escritório presencialmente)","0","0","0","0","0","1","0","0","0","0","0","0","0","0","0","0","0","0","0","0","0","0","0","0","0","0","0","1"
"79akn9u6dgxzu6yw79aknozfova9xv6j","27","25-29","Masculino","São Paulo (SP)","SP","Sudeste","de R$ 12.001/mês a R$ 16.000/mês","Cientista de Dados/Data Scientist","Sênior","Modelo híbrido flexível (o funcionário tem liberdade para escolher quando estar no escritório presencialmente)","1","0","1","0","0","0","0","1","1","1","0","0","0","0","0","0","0","0","0","0","1","0","1","0","0","0","0","0"
"78v4857hqfswtksl28rsv78v48el2dmf","22","22-24","Masculino","Minas Gerais (MG)","MG","Sudeste","de R$ 6.001/mês a R$ 8.000/mês","Engenheiro de Machine Learning/ML Engineer","Pleno","Modelo 100% remoto","1","1","0","0","0","0","0","1","0","1","0","0","1","0","0","0","0","0","0","1","0","0","0","0","0","0","0","0"
"dsner4bgj777dnh5qewzdsner4bg22m4","33","30-34","Masculino","Rio Grande do Sul (RS)","RS","Sul","","","","","","","","","","","","","","","","","","","","","","","","","","","","","","","",""
"77lt8yr5o7yrnaqt5777abq0sfhbbjyj","34","30-34","Masculino","Santa Catarina (SC)","SC","Sul","de R$ 4.001/mês a R$ 6.000/mês","Analista de Dados/Data Analyst","Júnior","Modelo 100% remoto","1","1","1","1","0","0","0","1","1","1","0","0","0","0","0","0","0","0","0","0","1","1","1","0","0","1","0","0"
"773hwfwg2ij6a504773hwfzuaeug862n","33","30-34","Masculino","São Paulo (SP)","SP","Sudeste","de R$ 6.001/mês a R$ 8.000/mês","Analista de Dados/Data Analyst","Pleno","Modelo 100% presencial","0","0","0","0","0","1","0","1","0","0","0","0","0","0","0","0","0","0","1","0","1","0","0","0","0","0","0","0"
"76jmf0udl22a0b076j7yysgs4i7e9cti","31","30-34","Masculino","Goiás (GO)","GO","Centro-oeste","de R$ 2.001/mês a R$ 3000/mês","","","Modelo 100% presencial","","","","","","","","","","","","","","","","","","","","","","","","","","","",""
"769vkhjs6tnve4b92769vkhpr6p6qiog","23","22-24","Masculino","Paraná (PR)","PR","Sul","de R$ 2.001/mês a R$ 3000/mês","Analista de BI/BI Analyst/Analytics Engineer","Júnior","Modelo 100% remoto","1","0","0","1","0","0","0","1","0","1","0","0","0","0","0","0","0","0","0","0","1","0","0","0","0","1","0","0"
"769ltg4qk106bclendxu769ltg4pvyn5","27","25-29","Masculino","São Paulo (SP)","SP","Sudeste","de R$ 4.001/mês a R$ 6.000/mês","Analista de BI/BI Analyst/Analytics Engineer","Pleno","Modelo 100% remoto","0","1","1","0","0","0","0","1","0","0","0","0","0","0","0","0","0","0","0","0","1","0","0","0","0","0","0","0"
"axsp8x0fee9hxeo707qlaxsp8x4drwcb","28","25-29","Masculino","Bahia (BA)","BA","Nordeste","de R$ 2.001/mês a R$ 3000/mês","Analista de Dados/Data Analyst","Júnior","Modelo 100% remoto","0","0","0","0","0","1","0","0","0","1","0","0","0","0","0","0","0","0","0","0","0","0","0","0","0","0","0","1"
"75gnnul5hx3uaj675gxouo6aqbsybnzx","33","30-34","Feminino","Rio de Janeiro (RJ)","RJ","Sudeste","de R$ 6.001/mês a R$ 8.000/mês","Analista de Inteligência de Mercado/Market Intelligence","Sênior","Modelo híbrido com dias fixos de trabalho presencial","1","0","0","0","0","0","0","1","0","1","0","0","0","0","0","0","0","0","0","0","1","0","0","0","0","1","1","0"
"751i2qdhvptm6wjf763i751i2qd2mpye","22","22-24","Masculino","Rio de Janeiro (RJ)","RJ","Sudeste","de R$ 4.001/mês a R$ 6.000/mês","Engenheiro de Dados/Data Engineer","Júnior","Modelo híbrido flexível (o funcionário tem liberdade para escolher quando estar no escritório presencialmente)","1","0","0","0","0","0","0","1","1","1","0","0","0","0","0","0","0","0","0","0","0","0","0","0","0","0","0","0"
"74bkt6ju6nrmcl774bki9feelqtwupiu","29","25-29","Masculino","São Paulo (SP)","SP","Sudeste","de R$ 4.001/mês a R$ 6.000/mês","Analista de BI/BI Analyst/Analytics Engineer","Pleno","Modelo 100% remoto","1","0","1","0","0","0","0","1","0","1","0","0","0","0","0","0","0","0","0","0","1","0","0","0","0","0","0","0"
"73t6mmyvd394pzsalg73t6vg0nc0kyfj","28","25-29","Masculino","São Paulo (SP)","SP","Sudeste","de R$ 3.001/mês a R$ 4.000/mês","Analista de Dados/Data Analyst","Júnior","Modelo 100% remoto","0","0","0","1","0","0","0","1","0","1","0","0","0","0","0","0","0","0","0","0","1","0","0","0","0","0","0","0"
"73ovioj3g0whlqte73ovnmwwyv079zkp","23","22-24","Masculino","Pernambuco (PE)","PE","Nordeste","de R$ 1.001/mês a R$ 2.000/mês","Outro","Júnior","Modelo híbrido com dias fixos de trabalho presencial","0","0","0","0","0","1","0","0","0","1","0","0","0","0","0","0","0","0","0","0","1","0","0","0","0","0","0","0"
"al577nuog44a7kn4u32yal5774sg92qc","29","25-29","Masculino","Bahia (BA)","BA","Nordeste","de R$ 8.001/mês a R$ 12.000/mês","Cientista de Dados/Data Scientist","Pleno","Modelo 100% remoto","1","1","1","0","0","0","0","1","0","1","0","0","0","0","0","0","0","0","0","0","1","0","0","0","0","0","0","0"
"73b0qkhwf0hng0hi7u5973b0qtrp3gz3","29","25-29","Feminino","Santa Catarina (SC)","SC","Sul","de R$ 8.001/mês a R$ 12.000/mês","Analista de Dados/Data Analyst","Sênior","Modelo 100% remoto","0","1","0","0","0","0","0","1","0","1","0","0","1","0","0","0","0","0","0","1","1","0","0","0","0","1","1","0"
"72kvked2hb172kvzlmxxbjofcnghixzl","33","30-34","Masculino","São Paulo (SP)","SP","Sudeste","de R$ 12.001/mês a R$ 16.000/mês","Cientista de Dados/Data Scientist","Sênior","Modelo 100% remoto","1","1","0","0","0","0","0","0","0","1","1","0","0","0","0","0","1","0","0","0","0","0","0","0","0","0","0","0"
"dr2r685fab1yjknr3u9rfkdr2r685szn","27","25-29","Masculino","Rio de Janeiro (RJ)","RJ","Sudeste","","","","","","","","","","","","","","","","","","","","","","","","","","","","","","","",""
"donrsh5cuorgvtjda7cdonrb6e0ok9k6","39","35-39","Masculino","São Paulo (SP)","SP","Sudeste","","","","","","","","","","","","","","","","","","","","","","","","","","","","","","","",""
"dlh68z233x3khcts7gtldlh41gwrcdav","46","45-49","Masculino","Rio de Janeiro (RJ)","RJ","Sudeste","","","","","","","","","","","","","","","","","","","","","","","","","","","","","","","",""
"71fh6qe8c9p8876yyoiw71fh63rddq7v","24","22-24","Feminino","Rio Grande do Sul (RS)","RS","Sul","de R$ 3.001/mês a R$ 4.000/mês","Analista de BI/BI Analyst/Analytics Engineer","Pleno","Modelo 100% remoto","0","0","1","0","0","0","0","1","0","1","0","0","0","0","0","0","0","0","0","0","1","0","0","0","0","0","0","0"
"7097vzp36ujhsqqjnpa1g7097vdnawco","33","30-34","Masculino","São Paulo (SP)","SP","Sudeste","de R$ 12.001/mês a R$ 16.000/mês","Engenheiro de Dados/Data Engineer","Sênior","Modelo híbrido flexível (o funcionário tem liberdade para escolher quando estar no escritório presencialmente)","1","1","0","0","0","0","0","1","0","1","0","0","0","0","0","0","0","0","0","0","0","0","0","0","1","1","0","0"
"704uxbmr13zd98couc9ajm704uxz7n6h","25","25-29","Masculino","Minas Gerais (MG)","MG","Sudeste","de R$ 6.001/mês a R$ 8.000/mês","Analista de Dados/Data Analyst","Pleno","Modelo híbrido flexível (o funcionário tem liberdade para escolher quando estar no escritório presencialmente)","1","0","0","0","0","0","0","1","1","1","0","0","0","0","0","0","0","0","0","0","0","0","1","0","0","0","0","0"
"6zhovmqbi1gapjq06zhfxn8dqxtdevgm","26","25-29","Masculino","Santa Catarina (SC)","SC","Sul","de R$ 12.001/mês a R$ 16.000/mês","Engenheiro de Dados/Data Engineer","Sênior","Modelo 100% remoto","0","1","1","0","0","0","0","1","0","1","0","0","0","0","0","0","0","0","0","0","0","0","1","0","0","0","0","0"
"dkekqc8vxdxq2hqfyw4xdkekqc8sm53r","32","30-34","Masculino","Rio de Janeiro (RJ)","RJ","Sudeste","","","","","","","","","","","","","","","","","","","","","","","","","","","","","","","",""
"6yg2t5vw470pblqo67t6yg2t5f165w0v","24","22-24","Masculino","São Paulo (SP)","SP","Sudeste","de R$ 8.001/mês a R$ 12.000/mês","Cientista de Dados/Data Scientist","Pleno","Modelo 100% remoto","1","1","0","0","0","0","0","1","0","1","0","0","0","0","0","0","0","0","0","0","1","0","1","0","0","0","0","0"
"6y2s9pi8mweuz21f6y2sm9fsmu094v7d","46","45-49","Feminino","São Paulo (SP)","SP","Sudeste","de R$ 8.001/mês a R$ 12.000/mês","Outro","Sênior","Modelo 100% remoto","0","0","1","0","0","0","0","0","0","0","0","0","0","0","0","0","0","0","0","0","1","0","0","0","0","0","0","0"
"6w8tvwl4ot9nnfqx3o6w8tk2dujeygqw","39","35-39","Masculino","São Paulo (SP)","SP","Sudeste","de R$ 8.001/mês a R$ 12.000/mês","Engenheiro de Machine Learning/ML Engineer","Pleno","Modelo 100% remoto","1","1","0","0","0","0","0","1","0","1","0","0","1","0","0","0","0","0","0","1","0","0","1","0","0","0","0","0"
"6vuekqfddatsnggj6vuekq0jtqzyodyz","28","25-29","Masculino","São Paulo (SP)","SP","Sudeste","de R$ 4.001/mês a R$ 6.000/mês","Analista de BI/BI Analyst/Analytics Engineer","Pleno","Modelo 100% presencial","0","0","0","0","0","1","0","1","0","1","0","0","0","0","0","1","0","0","0","0","1","0","0","1","0","0","0","0"
"dbzazkfac3ocfg9jlaldbzazkzsy2bep","33","30-34","Masculino","São Paulo (SP)","SP","Sudeste","","","","","","","","","","","","","","","","","","","","","","","","","","","","","","","",""
"6vawcq7gp1in48bt6vawx65z1osdlilq","32","30-34","Masculino","São Paulo (SP)","SP","Sudeste","de R$ 3.001/mês a R$ 4.000/mês","Analista de BI/BI Analyst/Analytics Engineer","Júnior","Modelo 100% remoto","0","0","1","0","0","0","0","0","0","0","0","0","0","0","0","1","0","0","0","0","1","0","0","0","0","0","0","0"
"6tqsnk17frvrys82f6n0y16tqsnl0bqq","25","25-29","Masculino","Pernambuco (PE)","PE","Nordeste","de R$ 6.001/mês a R$ 8.000/mês","Analista de BI/BI Analyst/Analytics Engineer","Sênior","Modelo híbrido flexível (o funcionário tem liberdade para escolher quando estar no escritório presencialmente)","1","0","0","0","0","0","0","1","0","1","0","0","0","0","0","0","0","0","0","0","0","0","0","1","0","0","0","0"
"dbr382b1vfgd6qqhuy9dbr3sq26ow3v4","30","30-34","Feminino","São Paulo (SP)","SP","Sudeste","","","","","","","","","","","","","","","","","","","","","","","","","","","","","","","",""
"6tjztybzl80nm5kjg6tj5km5ab3i18lh","29","25-29","Masculino","Minas Gerais (MG)","MG","Sudeste","de R$ 6.001/mês a R$ 8.000/mês","Analista de Dados/Data Analyst","Sênior","Modelo 100% remoto","0","1","0","0","0","0","0","1","0","1","0","0","0","0","0","0","0","0","0","0","0","0","0","0","0","1","0","0"
"6tjrttgism8iksh75ukd0b6tjrttgw93","31","30-34","Feminino","Minas Gerais (MG)","MG","Sudeste","de R$ 4.001/mês a R$ 6.000/mês","Cientista de Dados/Data Scientist","Júnior","Modelo 100% presencial","1","0","0","0","0","0","0","1","0","1","0","0","0","0","0","0","0","0","0","0","1","0","0","0","0","1","0","0"
"d5mnj4a73wox31y1d5mnj4lz855jfp3a","21","17-21","Outro","Paraná (PR)","PR","Sul","","","","","","","","","","","","","","","","","","","","","","","","","","","","","","","",""
"czwm90y1bivs08bmwmoczwm9n275xcby","21","17-21","Masculino","Rio de Janeiro (RJ)","RJ","Sudeste","","","","","","","","","","","","","","","","","","","","","","","","","","","","","","","",""
"6r60q9scqaf5r6r6v2pl09fh1uvkwv2p","38","35-39","Masculino","São Paulo (SP)","SP","Sudeste","de R$ 6.001/mês a R$ 8.000/mês","Analista de Negócios/Business Analyst","Pleno","Modelo híbrido flexível (o funcionário tem liberdade para escolher quando estar no escritório presencialmente)","0","0","0","0","0","0","1","1","0","0","0","0","0","0","0","0","0","0","0","0","0","0","0","0","0","0","0","1"
"bk4ejf1swr7nrfyzvvbk4ejkebsqxr6t","33","30-34","Masculino","Mato Grosso do Sul (MS)","MS","Centro-oeste","de R$ 4.001/mês a R$ 6.000/mês","Analista de BI/BI Analyst/Analytics Engineer","Júnior","Modelo 100% presencial","0","0","1","0","0","0","0","0","1","1","0","0","0","0","0","1","0","0","0","0","1","0","0","0","0","0","1","0"
"6q1i3c9qd1s87zo4pkms6q1i3c9qhi3s","31","30-34","Masculino","Rio Grande do Sul (RS)","RS","Sul","de R$ 3.001/mês a R$ 4.000/mês","Cientista de Dados/Data Scientist","Júnior","Modelo 100% remoto","1","0","0","0","0","0","0","1","1","0","0","0","1","0","0","0","0","0","0","1","0","0","1","1","0","0","0","0"
"6plyrp7gga50e2qco0zozea6plyrp7ag","24","22-24","Feminino","São Paulo (SP)","SP","Sudeste","de R$ 6.001/mês a R$ 8.000/mês","Engenheiro de Dados/Data Engineer","Pleno","Modelo 100% remoto","0","0","0","0","0","1","1","1","0","0","0","0","0","0","0","0","0","0","0","0","0","0","0","0","0","0","0","1"
"6ovejjdz8x5bfhsac6ovejjdv7v54ssn","29","25-29","Masculino","São Paulo (SP)","SP","Sudeste","de R$ 6.001/mês a R$ 8.000/mês","Analista de Dados/Data Analyst","Sênior","Modelo 100% remoto","0","0","0","0","0","1","0","0","0","0","0","0","0","0","0","0","0","0","0","0","1","0","1","0","0","0","0","0"
"6oezedsrkg8uohus6oezo2luxjijtuu3","26","25-29","Masculino","Goiás (GO)","GO","Centro-oeste","de R$ 25.001/mês a R$ 30.000/mês","Engenheiro de Dados/Data Engineer","Pleno","Modelo 100% remoto","1","1","0","0","0","1","1","1","0","1","0","0","0","0","0","0","0","0","0","0","0","0","0","1","0","0","0","0"
"cxo7aqeiq7k5bccxo7a6hbnetngiemk3","21","17-21","Masculino","São Paulo (SP)","SP","Sudeste","","","","","","","","","","","","","","","","","","","","","","","","","","","","","","","",""
"6o7pycj67o53kn3lbnk6o7pycjddheu3","39","35-39","Feminino","Distrito Federal (DF)","DF","Centro-oeste","de R$ 12.001/mês a R$ 16.000/mês","Estatístico","Sênior","Modelo 100% remoto","0","0","0","0","0","0","1","1","1","0","0","0","0","0","0","0","0","0","0","0","1","0","1","0","0","0","0","0"
"6mxdy66tcg91yt536mxdrtqf6uc0dkk5","44","40-44","Masculino","São Paulo (SP)","SP","Sudeste","de R$ 4.001/mês a R$ 6.000/mês","Desenvolvedor ou Engenheiro de Software","Sênior","Modelo híbrido com dias fixos de trabalho presencial","0","0","1","0","0","1","1","1","0","0","0","0","1","0","0","1","0","0","0","1","0","0","0","0","0","0","0","0"
"ctoku0e0stlctokzifcu9rklewdogzgl","25","25-29","Masculino","São Paulo (SP)","SP","Sudeste","","","","","","","","","","","","","","","","","","","","","","","","","","","","","","","",""
"6mo14cm05cj8xtz61hl6mo14cmiij9mi","27","25-29","Masculino","Minas Gerais (MG)","MG","Sudeste","de R$ 4.001/mês a R$ 6.000/mês","Analista de Dados/Data Analyst","Pleno","Modelo híbrido flexível (o funcionário tem liberdade para escolher quando estar no escritório presencialmente)","0","0","1","0","0","0","0","1","0","1","0","0","0","0","0","0","0","0","0","0","1","0","0","1","0","0","0","0"
"6mk8a071l8wjrnxxonrjnsp6mk8a0zys","24","22-24","Masculino","Paraná (PR)","PR","Sul","de R$ 4.001/mês a R$ 6.000/mês","Analista de BI/BI Analyst/Analytics Engineer","Pleno","Modelo híbrido flexível (o funcionário tem liberdade para escolher quando estar no escritório presencialmente)","1","0","0","0","0","0","0","1","0","1","0","0","0","0","0","0","0","0","0","0","1","0","0","0","0","0","0","0"
"cs9dk1cyyul5l0gy4u8ucs9dk1qr5rlu","31","30-34","Feminino","Minas Gerais (MG)","MG","Sudeste","","","","","","","","","","","","","","","","","","","","","","","","","","","","","","","",""
"6m2h0jsn2j3jslj3n6m2hnvtnisuvtsu","33","30-34","Masculino","São Paulo (SP)","SP","Sudeste","de R$ 8.001/mês a R$ 12.000/mês","Analista de Negócios/Business Analyst","Sênior","Modelo 100% remoto","0","0","1","0","0","0","0","1","0","1","0","0","0","0","0","1","0","0","0","0","1","0","0","0","0","1","0","0"
"cr2stwehp5fnt9d16cr2stug1lvf4upl","","55+","Masculino","Rio de Janeiro (RJ)","RJ","Sudeste","","","","","","","","","","","","","","","","","","","","","","","","","","","","","","","",""
"ajtqpj0oxm3ajtqmq9ehopiwrqc8kxjm","36","35-39","Masculino","Bahia (BA)","BA","Nordeste","de R$ 12.001/mês a R$ 16.000/mês","Analista de BI/BI Analyst/Analytics Engineer","Sênior","Modelo 100% remoto","1","0","1","0","0","0","0","1","0","0","0","0","0","0","0","0","0","0","0","0","1","0","1","0","0","0","0","0"
"6kr9lieu8eb5kkpl0u6kr9wutyd45nan","23","22-24","Feminino","Rio Grande do Sul (RS)","RS","Sul","de R$ 4.001/mês a R$ 6.000/mês","Analista de Dados/Data Analyst","Pleno","Modelo híbrido flexível (o funcionário tem liberdade para escolher quando estar no escritório presencialmente)","1","0","1","0","0","0","0","1","0","0","0","0","0","0","0","0","0","0","0","0","1","0","1","1","1","1","0","0"
"6jcmqv58oershp8pc6jcmqvh7cj00m1m","40","40-44","Masculino","São Paulo (SP)","SP","Sudeste","de R$ 8.001/mês a R$ 12.000/mês","Analista de BI/BI Analyst/Analytics Engineer","Sênior","Modelo 100% remoto","0","0","1","0","0","0","0","1","0","0","0","0","0","0","0","0","0","0","0","0","1","0","0","0","0","0","0","0"
"6hyw6oxqdodd6dp0ubxyr6hyw6o1ppss","34","30-34","Feminino","Distrito Federal (DF)","DF","Centro-oeste","de R$ 8.001/mês a R$ 12.000/mês","Analista de Dados/Data Analyst","Sênior","Modelo 100% presencial","0","0","0","0","0","1","0","1","0","0","0","0","0","0","0","0","0","0","0","0","1","1","0","0","0","0","0","0"
"6hdseztshndsqgxuutzhx6hdsezamr02","35","35-39","Masculino","São Paulo (SP)","SP","Sudeste","de R$ 8.001/mês a R$ 12.000/mês","Analista de BI/BI Analyst/Analytics Engineer","Sênior","Modelo híbrido flexível (o funcionário tem liberdade para escolher quando estar no escritório presencialmente)","0","1","0","0","0","0","0","1","1","1","0","0","0","0","0","0","0","0","0","0","1","0","0","0","0","0","0","0"
"6h02b106n2b7q7omft6h02jjm7ts649w","39","35-39","Masculino","Rio de Janeiro (RJ)","RJ","Sudeste","de R$ 4.001/mês a R$ 6.000/mês","Suporte Técnico","Pleno","Modelo híbrido com dias fixos de trabalho presencial","0","0","1","0","0","0","0","1","0","0","0","0","0","0","0","0","0","0","0","0","1","0","0","0","0","0","0","0"
"6fni69d2qow0rhu34ft6fnip6k2ltbcx","33","30-34","Masculino","Goiás (GO)","GO","Centro-oeste","de R$ 12.001/mês a R$ 16.000/mês","Engenheiro de Dados/Data Engineer","Sênior","Modelo 100% remoto","1","0","0","0","0","0","0","1","0","1","0","0","0","0","0","0","0","0","0","0","1","0","0","0","0","0","0","0"
"jmququgfi5chz8fjgjmququoh1ijieie","25","25-29","Masculino","Bahia (BA)","BA","Nordeste","","","","","","","","","","","","","","","","","","","","","","","","","","","","","","","",""
"ck9nwccbw6mn91ck90iaup0h4c3egv90","27","25-29","Feminino","São Paulo (SP)","SP","Sudeste","","","","","","","","","","","","","","","","","","","","","","","","","","","","","","","",""
"cixzzh82dbro8fncixzql6o35ce8dibq","29","25-29","Masculino","Rio de Janeiro (RJ)","RJ","Sudeste","","","","","","","","","","","","","","","","","","","","","","","","","","","","","","","",""
"ci0v0ri055hpthxyci0violeiw83h76g","38","35-39","Feminino","Distrito Federal (DF)","DF","Centro-oeste","","","","","","","","","","","","","","","","","","","","","","","","","","","","","","","",""
"6bzwdwrc6cdef5jj6bzwdww5qys5ah02","24","22-24","Feminino","São Paulo (SP)","SP","Sudeste","de R$ 3.001/mês a R$ 4.000/mês","Engenheiro de Dados/Data Engineer","Júnior","Modelo 100% remoto","0","1","0","0","0","0","0","1","0","1","0","0","0","0","0","0","0","0","0","0","0","0","0","1","0","1","0","0"
"c6glc25o9y9gv68m4lkdcc6glc20wmv5","29","25-29","Masculino","Rio Grande do Norte (RN)","RN","Nordeste","","","","","","","","","","","","","","","","","","","","","","","","","","","","","","","",""
"698m340mlhr8om698k7cogdwww85x4am","27","25-29","Masculino","São Paulo (SP)","SP","Sudeste","de R$ 8.001/mês a R$ 12.000/mês","Cientista de Dados/Data Scientist","Pleno","Modelo 100% remoto","0","0","1","0","0","0","0","1","0","1","0","0","0","0","0","0","0","0","0","0","0","0","0","0","0","0","0","1"
"68yscwv3a3ht0b9iien68ysz17x3lao5","24","22-24","Masculino","São Paulo (SP)","SP","Sudeste","de R$ 6.001/mês a R$ 8.000/mês","Engenheiro de Dados/Data Engineer","Pleno","Modelo 100% remoto","1","0","0","0","0","0","0","1","0","1","0","0","0","0","0","0","0","0","0","0","1","0","0","0","0","0","0","0"
"c5s10qj610eqy6pdml59nc5s10qoapjr","36","35-39","Masculino","Pernambuco (PE)","PE","Nordeste","","","","","","","","","","","","","","","","","","","","","","","","","","","","","","","",""
"c4e3dtq9obg17whe5bh8c4e3dtiw2dpa","34","30-34","Feminino","Fora do Brasil","Exterior","Exterior","","","","","","","","","","","","","","","","","","","","","","","","","","","","","","","",""
"c0te59cvu4roxuiuof1c0tez1wjy09ol","28","25-29","Feminino","Minas Gerais (MG)","MG","Sudeste","","","","","","","","","","","","","","","","","","","","","","","","","","","","","","","",""
"67wzkzyamo67uz5wwhev67wzk76jdjs5","26","25-29","Masculino","São Paulo (SP)","SP","Sudeste","de R$ 6.001/mês a R$ 8.000/mês","Analista de Negócios/Business Analyst","Pleno","Modelo híbrido flexível (o funcionário tem liberdade para escolher quando estar no escritório presencialmente)","0","1","0","1","0","0","0","1","0","0","0","0","0","0","0","0","0","0","0","0","1","0","0","0","0","1","0","0"
"bwnpsjmt505d3o4bbwnpidtv47ox5u6k","","55+","Masculino","São Paulo (SP)","SP","Sudeste","","","","","","","","","","","","","","","","","","","","","","","","","","","","","","","",""
"bmpuvkqemf0986bmpuvfz3ax6jglbp3m","26","25-29","Masculino","Rio de Janeiro (RJ)","RJ","Sudeste","","","","","","","","","","","","","","","","","","","","","","","","","","","","","","","",""
"658i3h3avnoqapt8d658i4548iq5knfy","23","22-24","Feminino","São Paulo (SP)","SP","Sudeste","de R$ 2.001/mês a R$ 3000/mês","Outro","Júnior","Modelo híbrido flexível (o funcionário tem liberdade para escolher quando estar no escritório presencialmente)","0","0","0","0","0","1","0","0","0","0","0","0","0","0","0","0","0","0","0","0","1","0","0","0","0","0","1","0"
"bmp1ywjhaw5b24dxvewbmp1yw6kglnvv","28","25-29","Feminino","Paraná (PR)","PR","Sul","","","","","","","","","","","","","","","","","","","","","","","","","","","","","","","",""
"63js2h15rgjiijyqr63js2hmljgincl7","27","25-29","Feminino","Rio de Janeiro (RJ)","RJ","Sudeste","de R$ 4.001/mês a R$ 6.000/mês","Analista de BI/BI Analyst/Analytics Engineer","Sênior","Modelo híbrido flexível (o funcionário tem liberdade para escolher quando estar no escritório presencialmente)","0","0","0","0","0","1","0","1","0","0","0","0","0","0","0","0","0","0","0","0","1","0","0","0","0","0","1","0"
"b044fae82rrbhcuf108b044fa608mfok","32","30-34","Masculino","Fora do Brasil","Exterior","Exterior","","","","","","","","","","","","","","","","","","","","","","","","","","","","","","","",""
"61jairt0zvjgpp61j9e0as15jmfhmijv","24","22-24","Masculino","Minas Gerais (MG)","MG","Sudeste","de R$ 2.001/mês a R$ 3000/mês","Analista de Dados/Data Analyst","Júnior","Modelo híbrido flexível (o funcionário tem liberdade para escolher quando estar no escritório presencialmente)","0","1","0","0","0","0","0","1","0","1","0","0","0","0","0","0","0","0","0","0","0","0","0","1","1","1","0","0"
"auzmic2pyu0fveab0gus7hauzmic2pyv","35","35-39","Masculino","São Paulo (SP)","SP","Sudeste","","","","","","","","","","","","","","","","","","","","","","","","","","","","","","","",""
"6196no22m0krny5610dk7u2q22ym4xyc","24","22-24","Masculino","São Paulo (SP)","SP","Sudeste","de R$ 2.001/mês a R$ 3000/mês","Engenheiro de Dados/Data Engineer","Júnior","Modelo híbrido com dias fixos de trabalho presencial","0","0","1","0","0","0","0","1","0","1","0","0","0","0","0","0","0","0","0","0","1","0","0","0","0","0","0","0"
"614qnvnc5ezwu6146wqkuvbzimtojg6w","40","40-44","Masculino","Paraná (PR)","PR","Sul","de R$ 12.001/mês a R$ 16.000/mês","","","Modelo 100% presencial","","","","","","","","","","","","","","","","","","","","","","","","","","","",""
"alwr3ldezwkr8xxhv1qalwr3beeopauc","19","17-21","Feminino","Paraíba (PB)","PB","Nordeste","","","","","","","","","","","","","","","","","","","","","","","","","","","","","","","",""
"60kvt60xpbpqwhp60kvtbi8anyohrcp9","40","40-44","Masculino","Minas Gerais (MG)","MG","Sudeste","de R$ 6.001/mês a R$ 8.000/mês","Analista de Negócios/Business Analyst","Pleno","Modelo 100% presencial","0","0","0","0","0","1","0","1","0","1","0","0","0","0","0","0","0","0","0","0","1","0","0","0","0","0","0","0"
"60gssvsgk1hn1k1q2pknt60gssvstq0p","37","35-39","Masculino","São Paulo (SP)","SP","Sudeste","de R$ 8.001/mês a R$ 12.000/mês","Product Manager","Pleno","Modelo 100% remoto","1","1","0","0","0","0","0","0","0","0","0","0","0","0","0","0","0","0","0","0","1","0","0","1","0","0","0","0"
"5zvzbdlgvo03yb1v5zv5301cn6epdxgr","27","25-29","Masculino","São Paulo (SP)","SP","Sudeste","de R$ 3.001/mês a R$ 4.000/mês","Analista de Dados/Data Analyst","Júnior","Modelo híbrido flexível (o funcionário tem liberdade para escolher quando estar no escritório presencialmente)","1","0","0","0","0","0","0","1","0","1","0","0","0","0","0","0","0","0","0","0","1","0","0","1","0","0","0","0"
"5z8y7adqpo9dav3ew5z8y7ebta11oxft","22","22-24","Masculino","São Paulo (SP)","SP","Sudeste","de R$ 2.001/mês a R$ 3000/mês","Analista de BI/BI Analyst/Analytics Engineer","Júnior","Modelo híbrido flexível (o funcionário tem liberdade para escolher quando estar no escritório presencialmente)","0","0","1","0","0","0","0","1","0","1","0","0","0","0","0","0","0","0","0","0","1","0","0","0","0","0","0","0"
"5z1ci87bkgmagxw2r5z1ci87lim0l57u","25","25-29","Feminino","Santa Catarina (SC)","SC","Sul","de R$ 6.001/mês a R$ 8.000/mês","","","Modelo 100% remoto","","","","","","","","","","","","","","","","","","","","","","","","","","","",""
"5yxucli06iryrbp05yxuclatia4g6h40","25","25-29","Masculino","São Paulo (SP)","SP","Sudeste","de R$ 6.001/mês a R$ 8.000/mês","Analista de BI/BI Analyst/Analytics Engineer","Sênior","Modelo 100% remoto","0","0","0","0","0","1","0","1","1","1","0","0","0","0","1","1","0","0","0","0","0","0","1","0","0","0","0","0"
"5wp9zgfr5xo75c6r5wp9zzatdhqznfbo","34","30-34","Masculino","São Paulo (SP)","SP","Sudeste","de R$ 6.001/mês a R$ 8.000/mês","Técnico","Pleno","Modelo híbrido com dias fixos de trabalho presencial","0","0","1","0","0","0","0","0","0","0","0","0","0","0","0","0","0","0","0","0","1","0","0","0","0","0","0","0"
"gnumspzw92gig916b7nf2bpgnumspzcl","21","17-21","Feminino","Bahia (BA)","BA","Nordeste","","","","","","","","","","","","","","","","","","","","","","","","","","","","","","","",""
"adwblyumajugbmzw7adwblyu0m7fac96","40","40-44","Masculino","Pernambuco (PE)","PE","Nordeste","","","","","","","","","","","","","","","","","","","","","","","","","","","","","","","",""
"5vbo9w6czhc1vly0mm5vbo0ki17ogmhw","27","25-29","Masculino","Distrito Federal (DF)","DF","Centro-oeste","de R$ 12.001/mês a R$ 16.000/mês","Cientista de Dados/Data Scientist","Pleno","Modelo 100% remoto","0","0","0","0","0","1","1","1","1","1","0","0","0","0","1","0","0","0","0","0","0","0","0","0","0","0","0","1"
"5utmf2ka55odbvtotlj75utmfht6x25m","22","22-24","Masculino","Rio Grande do Sul (RS)","RS","Sul","Menos de R$ 1.000/mês","Analista de Dados/Data Analyst","Júnior","Modelo 100% remoto","0","0","0","0","0","0","0","0","0","1","0","0","0","0","0","0","0","0","0","0","1","0","0","0","0","1","1","0"
"a88zivqobjksl7wkvw98ufwa88zivyy5","20","17-21","Masculino","Rio Grande do Sul (RS)","RS","Sul","","","","","","","","","","","","","","","","","","","","","","","","","","","","","","","",""
"5tcf8rjtupc7i5tcf88mtum6tpdplsjd","24","22-24","Masculino","Rio Grande do Sul (RS)","RS","Sul","de R$ 4.001/mês a R$ 6.000/mês","Engenheiro de Dados/Data Engineer","Pleno","Modelo 100% remoto","0","1","0","0","0","0","0","1","0","1","0","0","0","0","0","0","0","0","0","0","0","1","0","0","0","1","0","0"
"9q6xm7mqkq7vugs8ussn9q6xm7m6hcm6","39","35-39","Masculino","Pernambuco (PE)","PE","Nordeste","","","","","","","","","","","","","","","","","","","","","","","","","","","","","","","",""
"9jy569uyphflcpt5ug9jy56ydp6o0dr5","43","40-44","Masculino","Santa Catarina (SC)","SC","Sul","","","","","","","","","","","","","","","","","","","","","","","","","","","","","","","",""
"5srvz8ksmw1xaex5srvz85kirmpn3apt","41","40-44","Masculino","São Paulo (SP)","SP","Sudeste","de R$ 25.001/mês a R$ 30.000/mês","Cientista de Dados/Data Scientist","Sênior","Modelo 100% presencial","1","0","0","0","0","0","0","1","0","1","0","0","0","0","0","0","0","0","0","0","0","0","0","0","0","0","0","1"
"5spmld4jkln8ylv5spvdcmf4pv0phhad","28","25-29","Masculino","São Paulo (SP)","SP","Sudeste","de R$ 12.001/mês a R$ 16.000/mês","Cientista de Dados/Data Scientist","Pleno","Modelo híbrido com dias fixos de trabalho presencial","1","0","0","0","0","0","0","1","1","1","0","0","0","0","0","0","0","0","0","0","0","0","0","0","1","0","0","0"
"5ry7z9nehxbcrthe3v5ry7dqnsy13zsv","28","25-29","Masculino","Paraná (PR)","PR","Sul","de R$ 2.001/mês a R$ 3000/mês","Analista de BI/BI Analyst/Analytics Engineer","Pleno","Modelo 100% remoto","0","0","0","0","0","1","0","1","0","1","0","0","0","0","0","0","0","0","0","0","0","1","0","0","0","0","0","0"
"92vftotzpxm17njhjl92vftoxcynii48","21","17-21","Masculino","Rio de Janeiro (RJ)","RJ","Sudeste","","","","","","","","","","","","","","","","","","","","","","","","","","","","","","","",""
"5rpad5mafko5rpayoy17ulfjbtq0z0o0","28","25-29","Masculino","São Paulo (SP)","SP","Sudeste","de R$ 4.001/mês a R$ 6.000/mês","Engenheiro de Dados/Data Engineer","Júnior","Modelo 100% remoto","0","1","0","0","0","1","0","1","0","1","0","0","0","0","0","0","0","0","0","0","1","1","1","0","0","1","0","0"
"5rbwxed6dykaj9iolza5rbwxbocdb9rs","41","40-44","Masculino","São Paulo (SP)","SP","Sudeste","de R$ 8.001/mês a R$ 12.000/mês","Engenheiro de Dados/Data Engineer","Sênior","Modelo 100% remoto","1","0","0","0","0","0","0","1","0","1","0","0","1","0","0","0","1","0","0","1","0","0","1","1","1","0","0","0"
"5pu3as4yav9fiygds55punp0pxxv3bi4","27","25-29","Masculino","São Paulo (SP)","SP","Sudeste","de R$ 6.001/mês a R$ 8.000/mês","Desenvolvedor ou Engenheiro de Software","Sênior","Modelo 100% remoto","1","0","0","0","0","0","0","1","0","1","0","0","1","0","0","0","0","0","0","1","0","0","0","0","0","0","0","0"
"5p6v642xr4dcmj5p6vw6hx623ghfw2u7","32","30-34","Feminino","São Paulo (SP)","SP","Sudeste","de R$ 2.001/mês a R$ 3000/mês","Suporte Técnico","Pleno","Modelo 100% presencial","1","1","1","0","0","0","0","0","0","0","0","0","0","0","0","0","0","0","0","0","1","0","0","0","0","0","0","0"
"5p3ah9i27frqlv2tdf3dkv95p3ah9mi7","49","45-49","Masculino","Paraná (PR)","PR","Sul","de R$ 8.001/mês a R$ 12.000/mês","Cientista de Dados/Data Scientist","Sênior","Modelo híbrido flexível (o funcionário tem liberdade para escolher quando estar no escritório presencialmente)","1","0","0","0","0","0","0","1","0","1","0","0","0","0","0","0","0","0","0","0","0","0","0","0","1","0","0","0"
"8umsmndpaifg1x9em8umdsv5gb7v5e2q","48","45-49","Masculino","São Paulo (SP)","SP","Sudeste","","","","","","","","","","","","","","","","","","","","","","","","","","","","","","","",""
"8q6ngfbfmj063ms60t8q6npnrvxt6umb","23","22-24","Feminino","São Paulo (SP)","SP","Sudeste","","","","","","","","","","","","","","","","","","","","","","","","","","","","","","","",""
"5lgrw03hswb2v5lgreerku5xzj6x07c5","38","35-39","Masculino","São Paulo (SP)","SP","Sudeste","de R$ 4.001/mês a R$ 6.000/mês","Outro","Sênior","Modelo híbrido com dias fixos de trabalho presencial","0","0","1","0","0","0","0","0","0","0","0","0","0","0","0","0","0","0","0","0","1","0","0","0","0","0","1","0"
"5keaa2i2hqkvgo7mdvw5keard0136oox","38","35-39","Masculino","Minas Gerais (MG)","MG","Sudeste","de R$ 2.001/mês a R$ 3000/mês","Analista de BI/BI Analyst/Analytics Engineer","Júnior","Modelo 100% presencial","0","0","0","0","0","1","0","1","0","0","0","0","0","0","0","1","0","0","0","0","1","0","0","0","0","0","0","0"
"5jm8pce4urwxhk32km5i5jm8piug2371","45","45-49","Masculino","Minas Gerais (MG)","MG","Sudeste","de R$ 6.001/mês a R$ 8.000/mês","Analista de BI/BI Analyst/Analytics Engineer","Sênior","Modelo 100% remoto","1","0","0","0","0","0","0","1","0","1","0","0","0","0","0","0","0","0","0","0","1","0","0","0","0","0","0","0"
"5iqw0mj61l7xfeg03tbdv5iqw0mjyeti","30","30-34","Masculino","São Paulo (SP)","SP","Sudeste","de R$ 12.001/mês a R$ 16.000/mês","Engenheiro de Dados/Data Engineer","Sênior","Modelo 100% remoto","1","0","1","0","0","0","0","1","0","1","0","0","0","0","0","0","1","0","0","0","1","0","0","0","0","0","0","0"
"5ifnjmnngy57d65nss155ifnj8f8hui6","30","30-34","Feminino","Pernambuco (PE)","PE","Nordeste","de R$ 6.001/mês a R$ 8.000/mês","Analista de BI/BI Analyst/Analytics Engineer","Sênior","Modelo 100% remoto","0","0","1","0","0","0","0","1","0","0","0","0","0","0","0","0","0","0","0","0","1","0","0","0","0","0","0","0"
"5hzmshfmmhf3x2np6ejgdj5hzmsh0u8j","25","25-29","Masculino","","","Norte","de R$ 3.001/mês a R$ 4.000/mês","Analista de BI/BI Analyst/Analytics Engineer","Júnior","Modelo híbrido flexível (o funcionário tem liberdade para escolher quando estar no escritório presencialmente)","0","0","1","0","0","0","0","0","0","0","0","0","0","0","0","0","0","0","0","0","1","0","0","0","0","1","0","0"
"8jm9l4mbwka6nhxqp248jm9y657e8syf","42","40-44","Masculino","Paraíba (PB)","PB","Nordeste","","","","","","","","","","","","","","","","","","","","","","","","","","","","","","","",""
"5hdfyae7l6iry256y5hdfyae7lcx39b4","38","35-39","Masculino","Minas Gerais (MG)","MG","Sudeste","de R$ 4.001/mês a R$ 6.000/mês","Outras Engenharias (não inclui dev)","Pleno","Modelo híbrido flexível (o funcionário tem liberdade para escolher quando estar no escritório presencialmente)","0","0","0","0","0","1","0","0","0","0","0","0","0","0","0","0","0","0","0","0","0","0","0","0","0","0","1","1"
"86j0bdago4k3sixe886j05zfiodv7mab","26","25-29","Masculino","São Paulo (SP)","SP","Sudeste","de R$ 16.001/mês a R$ 20.000/mês","Engenheiro de Dados/Data Engineer","Pleno","Modelo híbrido flexível (o funcionário tem liberdade para escolher quando estar no escritório presencialmente)","1","0","0","0","0","0","0","1","0","1","0","0","1","0","0","0","0","0","0","1","1","0","0","1","0","1","0","0"
"5gkcf02anzz6ccda5gkcf1ztqnkdue5l","26","25-29","Masculino","Minas Gerais (MG)","MG","Sudeste","de R$ 4.001/mês a R$ 6.000/mês","Engenheiro de Dados/Data Engineer","Júnior","Modelo 100% remoto","1","0","0","0","0","0","0","1","0","0","0","0","0","0","0","0","0","0","0","0","1","0","0","0","0","0","0","0"
"5gejj3j487c7y0xrrdsgnaj55gejj3j4","28","25-29","Masculino","São Paulo (SP)","SP","Sudeste","de R$ 3.001/mês a R$ 4.000/mês","Analista de BI/BI Analyst/Analytics Engineer","Júnior","Modelo híbrido flexível (o funcionário tem liberdade para escolher quando estar no escritório presencialmente)","0","0","1","0","0","0","0","0","0","0","0","0","0","0","0","0","0","0","0","0","1","1","0","0","0","0","0","0"
"5g59e0um2qvs3tg45g59e0xk9k3jd45i","28","25-29","Masculino","Rio de Janeiro (RJ)","RJ","Sudeste","de R$ 8.001/mês a R$ 12.000/mês","Analista de Sistemas/Analista de TI","Sênior","Modelo 100% presencial","1","1","1","0","0","0","0","0","0","1","0","0","1","0","0","0","0","0","0","1","1","0","1","1","0","1","0","0"
"5f618fbdu0pmthc7nl5f61vu5b2i7s7g","26","25-29","Masculino","Rio Grande do Sul (RS)","RS","Sul","de R$ 2.001/mês a R$ 3000/mês","Analista de BI/BI Analyst/Analytics Engineer","Júnior","Modelo híbrido com dias fixos de trabalho presencial","1","0","1","0","0","0","0","1","0","1","0","0","1","0","0","1","0","1","0","1","1","0","0","0","0","0","1","0"
"862858n2u6ljt9xz86285mzy6k9u7hmz","33","30-34","Feminino","São Paulo (SP)","SP","Sudeste","","","","","","","","","","","","","","","","","","","","","","","","","","","","","","","",""
"5dsj3eyr45ss37t4m5dsj35tzbs8tdvw","28","25-29","Masculino","São Paulo (SP)","SP","Sudeste","de R$ 4.001/mês a R$ 6.000/mês","Analista de Negócios/Business Analyst","Júnior","Modelo 100% remoto","0","0","1","0","0","0","0","1","0","1","0","0","0","0","0","0","0","0","0","0","1","0","0","0","0","0","0","0"
"83ub5m1zaofp8yt584083uxzu9kf4ku6","28","25-29","Feminino","Minas Gerais (MG)","MG","Sudeste","","","","","","","","","","","","","","","","","","","","","","","","","","","","","","","",""
"5d13livnwu1qv45d131dfkjpqu0rc5h5","34","30-34","Masculino","Rio de Janeiro (RJ)","RJ","Sudeste","de R$ 6.001/mês a R$ 8.000/mês","Outro","Sênior","Modelo híbrido com dias fixos de trabalho presencial","0","0","1","0","0","0","0","1","0","1","0","0","0","0","0","1","0","0","0","0","1","0","0","0","0","0","1","0"
"5cyjgro18l74iz9z5cyncwm6z70cvcf7","30","30-34","Masculino","São Paulo (SP)","SP","Sudeste","Acima de R$ 40.001/mês","Engenheiro de Dados/Data Engineer","Sênior","Modelo 100% remoto","1","0","0","0","0","0","0","1","0","1","0","0","0","0","0","0","0","0","0","0","0","0","0","0","0","0","0","1"
"b0m2p2i2y16tz7lcbrbx2b0m7mcyc6l0","39","35-39","Masculino","Mato Grosso do Sul (MS)","MS","Centro-oeste","de R$ 8.001/mês a R$ 12.000/mês","Engenheiro de Dados/Data Engineer","Sênior","Modelo 100% remoto","1","0","0","0","0","0","0","1","0","1","0","0","0","0","0","0","0","0","0","0","1","0","1","0","0","0","0","0"
"5av27cxk2n8dyo5p5av2n29rivubke39","25","25-29","Masculino","São Paulo (SP)","SP","Sudeste","de R$ 6.001/mês a R$ 8.000/mês","Analista de Dados/Data Analyst","Sênior","Modelo 100% remoto","1","0","0","0","0","0","0","1","0","0","0","0","0","0","0","0","0","0","0","0","1","0","0","1","0","0","0","0"
"5av0kpv3nbgcp4oblhd5zx5av0kpyykv","25","25-29","Masculino","São Paulo (SP)","SP","Sudeste","de R$ 16.001/mês a R$ 20.000/mês","Analista de Negócios/Business Analyst","Sênior","Modelo híbrido com dias fixos de trabalho presencial","0","0","1","0","0","0","0","1","0","0","0","0","0","0","0","0","0","0","0","0","1","0","1","0","0","0","0","0"
"59azh7jkytct1kibd8fzr59az0ng449x","32","30-34","Masculino","Bahia (BA)","BA","Nordeste","de R$ 6.001/mês a R$ 8.000/mês","Analista de Dados/Data Analyst","Sênior","Modelo 100% remoto","1","0","0","0","0","0","0","1","0","1","0","0","0","0","0","0","0","0","0","0","0","0","0","1","0","1","0","0"
"7tur3p9qzrdxgslpvfo07tur3p9qlnfx","18","17-21","Masculino","Minas Gerais (MG)","MG","Sudeste","","","","","","","","","","","","","","","","","","","","","","","","","","","","","","","",""
"598fa1dqcjt28lh598fthrjzg89oj0p3","23","22-24","Feminino","São Paulo (SP)","SP","Sudeste","de R$ 6.001/mês a R$ 8.000/mês","Analista de BI/BI Analyst/Analytics Engineer","Júnior","Modelo 100% remoto","1","0","0","0","0","1","0","1","0","1","0","0","0","0","0","0","0","0","0","0","1","0","0","0","0","0","0","0"
"584utjyzwxwbtxxqf6584utj4ni10a58","34","30-34","Masculino","São Paulo (SP)","SP","Sudeste","de R$ 3.001/mês a R$ 4.000/mês","Analista de Negócios/Business Analyst","Júnior","Modelo 100% presencial","0","0","0","0","0","0","0","0","0","0","0","0","0","0","0","1","0","0","0","0","1","1","0","0","0","0","1","0"
"dzwoyfe9wxvthwdzwca62trsik74rshp","54","50-54","Feminino","Rio de Janeiro (RJ)","RJ","Sudeste","de R$ 6.001/mês a R$ 8.000/mês","Analista de Dados/Data Analyst","Sênior","Modelo 100% remoto","0","0","0","0","0","1","0","1","0","0","0","0","0","0","1","0","0","0","0","0","0","0","0","0","0","0","1","0"
"56naz9hk2ziwat6f7vrm56naz8p6zwpe","32","30-34","Masculino","Paraíba (PB)","PB","Nordeste","de R$ 2.001/mês a R$ 3000/mês","Analista de BI/BI Analyst/Analytics Engineer","Júnior","Modelo híbrido flexível (o funcionário tem liberdade para escolher quando estar no escritório presencialmente)","0","0","0","0","0","1","0","1","0","0","0","0","0","0","0","0","0","0","0","0","1","0","0","0","0","0","0","0"
"548isz6v3mgq0bnti1o5474w1mdxc772","29","25-29","Masculino","Rio de Janeiro (RJ)","RJ","Sudeste","de R$ 6.001/mês a R$ 8.000/mês","Analista de BI/BI Analyst/Analytics Engineer","Pleno","Modelo 100% remoto","1","0","1","0","0","0","0","1","0","1","0","0","0","0","0","0","0","0","0","0","0","0","1","0","0","0","0","0"
"546wujztepi8yj546wu9195034a8nenh","23","22-24","Masculino","São Paulo (SP)","SP","Sudeste","de R$ 4.001/mês a R$ 6.000/mês","Analista de Dados/Data Analyst","Júnior","Modelo 100% remoto","0","0","0","0","0","0","1","1","0","0","0","0","0","0","1","0","0","0","0","0","0","0","0","0","0","0","0","0"
"53bcfha0tk6y5esl7tadv153bcfha40o","27","25-29","Masculino","São Paulo (SP)","SP","Sudeste","de R$ 4.001/mês a R$ 6.000/mês","Analista de Marketing","Júnior","Modelo 100% remoto","0","0","0","0","0","1","0","0","0","0","0","0","0","0","0","0","0","0","0","0","1","0","0","0","0","0","0","0"
"5252uzsluoqr3x5q415252uz4zils8aa","28","25-29","Masculino","Rio Grande do Sul (RS)","RS","Sul","de R$ 12.001/mês a R$ 16.000/mês","Cientista de Dados/Data Scientist","Sênior","Modelo híbrido com dias fixos de trabalho presencial","1","0","0","0","0","0","0","1","1","1","0","0","0","0","0","0","0","0","0","0","0","0","0","0","0","0","0","1"
"51xpbqptaqnm408qks6z51xpbqpz48y9","32","30-34","Masculino","São Paulo (SP)","SP","Sudeste","de R$ 8.001/mês a R$ 12.000/mês","Analista de Negócios/Business Analyst","Sênior","Modelo 100% presencial","0","0","0","0","0","1","0","1","0","0","0","0","0","0","0","0","0","0","0","0","1","0","0","0","0","0","1","0"
"51eoxic6yl0dcltpd1hw451eoxwqxpms","25","25-29","Masculino","São Paulo (SP)","SP","Sudeste","de R$ 4.001/mês a R$ 6.000/mês","Analista de BI/BI Analyst/Analytics Engineer","Júnior","Modelo 100% remoto","1","1","0","0","0","0","0","1","1","1","0","0","1","0","0","0","0","0","0","1","0","0","0","0","1","1","0","0"
"5199i91ifnml8hytmcx1x51990ser8ub","31","30-34","Masculino","Espírito Santo (ES)","ES","Sudeste","de R$ 1.001/mês a R$ 2.000/mês","Analista de Marketing","Júnior","Modelo 100% remoto","0","1","0","0","0","0","0","0","0","1","0","0","0","0","0","0","0","0","0","0","1","0","1","0","0","1","0","0"
"511by374xgytjm2c4rrb511by37io6yw","26","25-29","Feminino","São Paulo (SP)","SP","Sudeste","de R$ 8.001/mês a R$ 12.000/mês","Analista de Dados/Data Analyst","Pleno","Modelo híbrido flexível (o funcionário tem liberdade para escolher quando estar no escritório presencialmente)","0","1","0","0","0","0","0","1","0","1","0","0","0","0","0","0","0","0","0","0","0","1","1","0","1","0","0","0"
"7qiytq5d9p5khntra7qiymobtxa5pgnv","26","25-29","Feminino","Pernambuco (PE)","PE","Nordeste","","","","","","","","","","","","","","","","","","","","","","","","","","","","","","","",""
"4yjo88ds20y8a9vpqxwk1rm4yjo8889v","34","30-34","Masculino","Santa Catarina (SC)","SC","Sul","de R$ 8.001/mês a R$ 12.000/mês","Analista de BI/BI Analyst/Analytics Engineer","Sênior","Modelo híbrido flexível (o funcionário tem liberdade para escolher quando estar no escritório presencialmente)","1","0","0","0","0","0","0","1","0","0","0","0","0","0","0","0","0","0","0","0","1","1","0","0","0","0","0","0"
"4y9a27uw2ewo9wi6lrrr4y9a2wkbm74u","25","25-29","Masculino","Rio de Janeiro (RJ)","RJ","Sudeste","de R$ 8.001/mês a R$ 12.000/mês","Engenheiro de Machine Learning/ML Engineer","Pleno","Modelo 100% remoto","0","0","0","0","0","1","0","0","0","1","1","0","0","0","0","0","0","0","0","0","0","0","0","0","0","0","0","0"
"7lmov0k2zdqunds7lmovnlvv6xei60l6","29","25-29","Masculino","Paraíba (PB)","PB","Nordeste","","","","","","","","","","","","","","","","","","","","","","","","","","","","","","","",""
"7laot16xpcwvu67lpouqs07xgf7wuuvs","32","30-34","Masculino","Pernambuco (PE)","PE","Nordeste","","","","","","","","","","","","","","","","","","","","","","","","","","","","","","","",""
"4wqbfz0k3eajzryrhuw4wqbfz030i09h","37","35-39","Masculino","Distrito Federal (DF)","DF","Centro-oeste","de R$ 25.001/mês a R$ 30.000/mês","Cientista de Dados/Data Scientist","Pleno","Modelo híbrido flexível (o funcionário tem liberdade para escolher quando estar no escritório presencialmente)","0","0","0","0","0","1","0","1","0","1","0","0","0","0","0","0","0","0","0","0","1","0","0","0","0","0","0","0"
"4uhom07f8h55rbw4uhob6k9i42qzlq9x","35","35-39","Masculino","Paraná (PR)","PR","Sul","de R$ 6.001/mês a R$ 8.000/mês","Analista de BI/BI Analyst/Analytics Engineer","Pleno","Modelo híbrido com dias fixos de trabalho presencial","0","0","1","0","0","0","0","1","1","1","0","0","0","0","0","0","0","0","0","0","1","0","0","0","0","0","0","0"
"4trdnqpmpv1m4506g9hu704trdnqpmuh","21","17-21","Masculino","São Paulo (SP)","SP","Sudeste","de R$ 2.001/mês a R$ 3000/mês","Engenheiro de Dados/Data Engineer","Júnior","Modelo 100% remoto","1","0","0","0","0","0","0","1","0","1","0","0","0","0","0","0","1","0","0","0","1","0","0","0","0","0","0","0"
"4spiceyr16jx94sptcg6scwj97sh1jln","24","22-24","Masculino","São Paulo (SP)","SP","Sudeste","de R$ 4.001/mês a R$ 6.000/mês","Engenheiro de Dados/Data Engineer","Sênior","Modelo 100% remoto","0","0","0","0","0","1","0","1","0","1","0","0","0","0","0","0","0","0","0","0","0","1","1","0","0","1","1","0"
"7kza65pgq69o2y7r97kzapv0o5lsndm6","43","40-44","Feminino","São Paulo (SP)","SP","Sudeste","","","","","","","","","","","","","","","","","","","","","","","","","","","","","","","",""
"4rhqn6bledqrlzx0iity4rhqn6bl08ic","29","25-29","Masculino","Rio de Janeiro (RJ)","RJ","Sudeste","de R$ 4.001/mês a R$ 6.000/mês","Engenheiro de Machine Learning/ML Engineer","Pleno","Modelo 100% remoto","1","1","1","0","0","0","0","1","1","1","0","0","0","0","0","0","0","0","0","0","0","0","1","0","1","1","0","0"
"4rhfi745eqchq4l4rhi60ej2nnnyarx1","27","25-29","Masculino","São Paulo (SP)","SP","Sudeste","de R$ 12.001/mês a R$ 16.000/mês","Analista de BI/BI Analyst/Analytics Engineer","Sênior","Modelo 100% remoto","0","0","1","0","0","0","0","1","0","0","0","0","0","0","0","0","0","0","0","0","1","0","0","0","0","0","0","0"
"4re436rzlm4z29z4re4muzhfwhjgxyny","30","30-34","Masculino","Paraná (PR)","PR","Sul","de R$ 6.001/mês a R$ 8.000/mês","Analista de Negócios/Business Analyst","Sênior","Modelo 100% presencial","0","0","0","0","0","1","0","1","0","0","0","0","0","0","0","1","0","0","0","0","1","0","0","0","0","0","0","0"
"4r2gwkwlfmfgb4r2ree1rkndqza1mwhq","33","30-34","Feminino","Minas Gerais (MG)","MG","Sudeste","de R$ 3.001/mês a R$ 4.000/mês","Cientista de Dados/Data Scientist","Júnior","Modelo 100% remoto","0","0","0","0","1","0","0","0","0","1","0","0","1","0","0","0","0","0","0","1","0","0","0","0","0","0","0","1"
"4qpwdkxndmm31oz6n94qp3r5rbq7ky4m","28","25-29","Masculino","Minas Gerais (MG)","MG","Sudeste","de R$ 8.001/mês a R$ 12.000/mês","Desenvolvedor ou Engenheiro de Software","Sênior","Modelo 100% remoto","1","1","0","0","0","0","0","1","0","1","0","0","0","0","0","0","0","0","0","0","0","0","1","1","0","0","0","0"
"4qkkc1uhu8j2m67r97gef4qkkceuz2pv","42","40-44","Masculino","São Paulo (SP)","SP","Sudeste","de R$ 12.001/mês a R$ 16.000/mês","Analista de BI/BI Analyst/Analytics Engineer","Sênior","Modelo 100% remoto","1","1","0","0","0","1","1","1","0","1","0","0","0","0","0","0","0","0","0","0","0","0","1","0","0","0","0","0"
"1brp7m5kfmhda6321brp7fsqrlgm1nfn","25","25-29","Masculino","Bahia (BA)","BA","Nordeste","de R$ 1.001/mês a R$ 2.000/mês","Outras Engenharias (não inclui dev)","Júnior","Modelo 100% presencial","0","0","0","0","0","1","0","0","0","0","0","0","0","0","0","0","0","0","0","0","0","0","0","0","0","0","1","0"
"4q6cwixd39ulas27d4q6cfsvxt3glylf","41","40-44","Feminino","Rio Grande do Sul (RS)","RS","Sul","de R$ 6.001/mês a R$ 8.000/mês","Engenheiro de Dados/Data Engineer","Pleno","Modelo híbrido com dias fixos de trabalho presencial","0","1","1","0","0","1","1","1","1","1","0","0","1","0","0","0","0","0","0","0","1","1","0","0","0","1","0","0"
"4pkmbs6q8fplzmxtdbkyzy4pkmbs6qfc","38","35-39","Masculino","Rio Grande do Sul (RS)","RS","Sul","de R$ 12.001/mês a R$ 16.000/mês","Engenheiro de Machine Learning/ML Engineer","Sênior","Modelo 100% remoto","0","1","0","0","0","0","1","1","0","1","0","0","0","0","0","0","1","0","0","0","0","0","0","0","0","1","0","0"
"0iyvkyiz6zmkwd0in6t1yqvxhnmtq1h7","24","22-24","Masculino","Bahia (BA)","BA","Nordeste","de R$ 4.001/mês a R$ 6.000/mês","Cientista de Dados/Data Scientist","Júnior","Modelo 100% remoto","0","1","0","0","0","0","0","1","0","1","0","0","0","0","0","0","0","0","0","0","0","1","0","0","0","0","0","0"
"4ovsp6y07e1rhrneqn0rp9h4ovsp6y08","23","22-24","Masculino","São Paulo (SP)","SP","Sudeste","de R$ 2.001/mês a R$ 3000/mês","Analista de BI/BI Analyst/Analytics Engineer","Júnior","Modelo híbrido flexível (o funcionário tem liberdade para escolher quando estar no escritório presencialmente)","1","0","0","0","0","0","0","1","0","1","0","0","0","0","0","0","0","0","0","0","1","0","0","0","0","0","0","0"
"4o7rpsoj9u23a3ks4o7rppdrn59i481h","27","25-29","Masculino","São Paulo (SP)","SP","Sudeste","de R$ 8.001/mês a R$ 12.000/mês","Analista de Dados/Data Analyst","Sênior","Modelo 100% remoto","0","1","0","0","0","0","0","1","0","1","0","0","0","0","0","0","0","0","0","0","0","1","0","0","1","0","0","0"
"4o629or3ia3459vz60kdr4o629o0ysuj","35","35-39","Feminino","São Paulo (SP)","SP","Sudeste","de R$ 8.001/mês a R$ 12.000/mês","Analista de Negócios/Business Analyst","Sênior","Modelo híbrido flexível (o funcionário tem liberdade para escolher quando estar no escritório presencialmente)","0","0","1","0","0","0","0","1","0","0","0","0","0","0","0","1","0","0","0","0","1","0","1","0","0","0","0","0"
"4o4s4amwiraoclgdpsbeb4o4s4anisnf","30","30-34","Feminino","Rio de Janeiro (RJ)","RJ","Sudeste","de R$ 6.001/mês a R$ 8.000/mês","Engenheiro de Machine Learning/ML Engineer","Júnior","Modelo híbrido flexível (o funcionário tem liberdade para escolher quando estar no escritório presencialmente)","0","1","0","0","0","0","0","1","0","1","0","0","0","0","0","0","0","0","0","0","0","0","0","1","0","1","0","0"
"4nxm3gfxggero65oyhef74nxm3g8a4gd","28","25-29","Masculino","São Paulo (SP)","SP","Sudeste","de R$ 6.001/mês a R$ 8.000/mês","Engenheiro de Machine Learning/ML Engineer","Pleno","Modelo 100% remoto","1","1","0","0","0","1","0","0","0","1","0","0","1","0","0","0","0","0","0","1","0","0","0","0","0","0","0","1"
"7jjg2ojjamq92pdvf7jjg2ra98t3mhbs","21","17-21","Masculino","São Paulo (SP)","SP","Sudeste","","","","","","","","","","","","","","","","","","","","","","","","","","","","","","","",""
"4n8eu80d4ghv1mk4n8e5ftlb61y9rar2","40","40-44","Masculino","São Paulo (SP)","SP","Sudeste","de R$ 8.001/mês a R$ 12.000/mês","Analista de Negócios/Business Analyst","Sênior","Modelo 100% remoto","0","0","1","0","0","0","1","1","0","1","0","1","0","0","0","0","0","0","0","0","1","0","0","0","0","0","0","0"
"0i528bukenr8lq769sy0k00i528nbb9c","38","35-39","Masculino","Bahia (BA)","BA","Nordeste","de R$ 8.001/mês a R$ 12.000/mês","Analista de Dados/Data Analyst","Sênior","Modelo 100% remoto","0","0","1","0","0","0","0","1","0","0","0","0","0","0","0","0","0","0","0","0","1","0","0","0","0","0","0","0"
"4l8j0kcg5puiwclhp5ybj84l8j0ylqvh","35","35-39","Masculino","Minas Gerais (MG)","MG","Sudeste","de R$ 6.001/mês a R$ 8.000/mês","Engenheiro de Dados/Data Engineer","Pleno","Modelo 100% remoto","0","1","1","0","0","0","0","1","0","1","0","0","0","0","0","0","0","0","0","0","1","0","0","1","0","0","0","0"
"4l1dfh0r8a7zdcxy2rrxy9s3tw4l1dfh","40","40-44","Masculino","São Paulo (SP)","SP","Sudeste","de R$ 6.001/mês a R$ 8.000/mês","Desenvolvedor ou Engenheiro de Software","Sênior","Modelo híbrido flexível (o funcionário tem liberdade para escolher quando estar no escritório presencialmente)","0","0","1","0","0","0","0","1","0","0","0","0","0","0","0","0","0","0","0","0","1","0","0","0","0","0","0","0"
"4kruzvknd92q4d7tr44kruzvd9l0272k","36","35-39","Masculino","São Paulo (SP)","SP","Sudeste","de R$ 4.001/mês a R$ 6.000/mês","Analista de Marketing","Sênior","Modelo 100% remoto","0","0","0","0","0","1","0","0","0","0","0","0","0","0","0","0","0","0","0","0","0","0","0","0","0","0","1","0"
"4jit4q32lxlq0qv4htr0l04jit4q3b3t","28","25-29","Masculino","Paraná (PR)","PR","Sul","de R$ 6.001/mês a R$ 8.000/mês","Analista de BI/BI Analyst/Analytics Engineer","Pleno","Modelo 100% remoto","0","1","0","0","0","0","0","1","0","0","0","0","0","0","0","0","0","0","0","0","1","0","0","0","0","0","0","0"
"4ipecsa7iafj0g884ipehytd5l8jdzvw","26","25-29","Masculino","Goiás (GO)","GO","Centro-oeste","de R$ 12.001/mês a R$ 16.000/mês","Engenheiro de Dados/Data Engineer","Sênior","Modelo 100% remoto","1","0","0","0","0","0","0","1","0","1","0","0","1","0","0","0","0","0","0","1","1","0","0","0","1","0","0","0"
"4ifezl8cesiguj4unh4ifezstmnhodjr","28","25-29","Feminino","Santa Catarina (SC)","SC","Sul","de R$ 1.001/mês a R$ 2.000/mês","Engenheiro de Dados/Data Engineer","Júnior","Modelo 100% remoto","1","1","0","0","0","0","0","1","0","1","0","0","0","0","0","0","0","0","0","0","1","1","0","1","1","1","0","0"
"4hgwgnk2yh9rx5sok94hgwgnzdjc1md5","24","22-24","Masculino","Paraná (PR)","PR","Sul","de R$ 4.001/mês a R$ 6.000/mês","Analista de Dados/Data Analyst","Pleno","Modelo 100% remoto","1","0","0","0","0","0","0","1","0","1","0","0","0","0","0","0","0","0","0","0","0","0","1","0","0","0","0","0"
"4h6dpv2d5jk6jlyc1a5t4h6efmagooid","35","35-39","Masculino","Rio Grande do Sul (RS)","RS","Sul","de R$ 3.001/mês a R$ 4.000/mês","Cientista de Dados/Data Scientist","Pleno","Modelo híbrido com dias fixos de trabalho presencial","1","0","0","0","0","0","0","1","0","1","0","0","1","0","0","0","0","0","0","0","0","0","1","0","0","0","0","0"
"4gprmzcpgm3bylzg4gprmzv74bi3fzyi","38","35-39","Masculino","Rio de Janeiro (RJ)","RJ","Sudeste","de R$ 2.001/mês a R$ 3000/mês","Analista de BI/BI Analyst/Analytics Engineer","Pleno","Modelo 100% remoto","1","0","0","0","0","0","0","1","0","1","0","0","0","0","0","0","0","0","0","0","0","0","0","0","0","0","0","1"
"4etfabo4qdxxu0puw2zd4etfabempbl1","25","25-29","Feminino","Pernambuco (PE)","PE","Nordeste","de R$ 12.001/mês a R$ 16.000/mês","Product Manager","Pleno","Modelo 100% remoto","1","1","0","0","0","0","0","1","0","1","0","0","0","0","0","0","0","0","0","0","1","0","0","1","0","1","0","0"
"52ndly7j7oj089052nx3p4013smzj2gw","54","50-54","Masculino","Distrito Federal (DF)","DF","Centro-oeste","de R$ 16.001/mês a R$ 20.000/mês","Analista de BI/BI Analyst/Analytics Engineer","Sênior","Modelo 100% presencial","0","0","0","0","0","1","0","1","0","1","0","0","0","0","0","0","0","0","0","0","1","0","0","0","0","0","0","0"
"z8zkt91e0zd0pbhgcj0hcgz8zkt99hi8","34","30-34","Masculino","Alagoas (AL)","AL","Nordeste","de R$ 6.001/mês a R$ 8.000/mês","Engenheiro de Dados/Data Engineer","Pleno","Modelo híbrido flexível (o funcionário tem liberdade para escolher quando estar no escritório presencialmente)","0","0","0","0","0","1","0","1","0","1","0","0","0","0","0","0","0","0","0","0","1","1","0","0","0","0","0","0"
"4dadski72h1ozwmfr2l4dadskiuufjbs","34","30-34","Masculino","Minas Gerais (MG)","MG","Sudeste","de R$ 4.001/mês a R$ 6.000/mês","Desenvolvedor ou Engenheiro de Software","Sênior","Modelo 100% remoto","0","0","0","0","0","0","1","1","0","0","1","1","1","0","0","0","0","0","0","1","0","0","0","0","0","0","0","1"
"4d98ikn0l3up7thbk4d98ik212zfbeow","27","25-29","Masculino","São Paulo (SP)","SP","Sudeste","de R$ 8.001/mês a R$ 12.000/mês","Cientista de Dados/Data Scientist","Júnior","Modelo híbrido flexível (o funcionário tem liberdade para escolher quando estar no escritório presencialmente)","0","1","0","0","0","0","0","1","0","1","0","0","0","0","0","0","1","0","0","0","0","0","1","0","0","1","0","0"
"4bo9fey1qrx9c1b4bo9fedkegenmiah8","32","30-34","Masculino","Paraná (PR)","PR","Sul","de R$ 2.001/mês a R$ 3000/mês","Analista de BI/BI Analyst/Analytics Engineer","Júnior","Modelo 100% presencial","0","0","0","1","0","0","0","1","0","0","0","0","0","0","0","0","0","0","0","0","1","0","0","0","0","0","1","0"
"4b5223qsxmb941c4b52273ote3l975c0","33","30-34","Masculino","São Paulo (SP)","SP","Sudeste","de R$ 4.001/mês a R$ 6.000/mês","Cientista de Dados/Data Scientist","Júnior","Modelo 100% remoto","1","0","0","0","0","0","0","1","0","1","0","0","0","0","0","0","0","0","0","0","0","0","0","0","0","0","0","1"
"4aj136k3sy47e50v8vky7kkixir3c5o5","54","50-54","Feminino","São Paulo (SP)","SP","Sudeste","de R$ 8.001/mês a R$ 12.000/mês","Engenheiro de Dados/Data Engineer","Sênior","Modelo 100% remoto","0","0","1","0","0","0","0","1","1","1","0","0","1","0","0","0","0","0","0","1","1","0","1","0","0","0","0","0"
"48eoa6d0czg2xshyy48eo86ixrtr7a4e","26","25-29","Masculino","Rio de Janeiro (RJ)","RJ","Sudeste","de R$ 6.001/mês a R$ 8.000/mês","Cientista de Dados/Data Scientist","Pleno","Modelo 100% remoto","0","1","0","0","0","0","0","1","0","1","0","0","0","0","0","0","0","0","0","0","1","0","0","0","0","0","0","0"
"48ds221xup4lvfryhc8wckq48ds221y5","23","22-24","Masculino","São Paulo (SP)","SP","Sudeste","de R$ 4.001/mês a R$ 6.000/mês","Engenheiro de Dados/Data Engineer","Júnior","Modelo 100% remoto","0","1","1","0","0","0","0","1","0","1","0","0","0","0","0","0","0","0","0","0","0","0","0","0","0","0","0","1"
"478d6u1frvy7pwry478deka1ocntbwfg","31","30-34","Masculino","Minas Gerais (MG)","MG","Sudeste","de R$ 8.001/mês a R$ 12.000/mês","Analista de Dados/Data Analyst","Sênior","Modelo 100% remoto","0","0","0","0","0","1","0","1","0","0","0","0","0","0","0","0","0","0","0","0","0","0","1","0","0","0","0","0"
"477p1vc6rwy9ubuoyqlo477p1uhi9830","","55+","Masculino","Santa Catarina (SC)","SC","Sul","de R$ 4.001/mês a R$ 6.000/mês","Outro","Sênior","Modelo híbrido flexível (o funcionário tem liberdade para escolher quando estar no escritório presencialmente)","0","0","0","0","0","1","0","1","0","0","0","1","0","0","0","0","0","0","0","0","1","0","0","0","0","0","0","0"
"459q4g5fmbev2stu459q4g5s1mkrr8vd","26","25-29","Masculino","São Paulo (SP)","SP","Sudeste","de R$ 12.001/mês a R$ 16.000/mês","Desenvolvedor ou Engenheiro de Software","Sênior","Modelo 100% remoto","1","0","0","0","0","0","0","1","0","0","0","0","1","0","0","0","0","0","0","1","0","0","0","0","0","0","0","1"
"442e6k4sqbxeqkhaqg6gc442e6k4pi9e","33","30-34","Masculino","São Paulo (SP)","SP","Sudeste","de R$ 8.001/mês a R$ 12.000/mês","Engenheiro de Dados/Data Engineer","Pleno","Modelo 100% remoto","0","0","1","0","0","0","0","1","0","1","0","0","0","0","0","0","0","0","0","0","1","0","0","0","0","0","0","0"
"43x4ixqoff943x9qrp7cvf64e8htyn9q","24","22-24","Masculino","Pernambuco (PE)","PE","Nordeste","Menos de R$ 1.000/mês","Analista de Dados/Data Analyst","Júnior","Modelo 100% remoto","0","0","0","0","0","1","0","1","0","1","0","0","0","0","0","0","0","0","0","0","1","0","0","0","0","0","0","0"
"43t8b2b1e1npyonoelae1zhq43t8b2un","25","25-29","Masculino","Minas Gerais (MG)","MG","Sudeste","de R$ 1.001/mês a R$ 2.000/mês","Cientista de Dados/Data Scientist","Júnior","Modelo 100% remoto","0","0","0","0","0","1","0","0","1","0","0","0","0","0","0","0","0","0","0","0","0","0","0","0","0","0","0","0"
"42x70fy557yab0242x70o4y67l87onmv","25","25-29","Feminino","São Paulo (SP)","SP","Sudeste","de R$ 4.001/mês a R$ 6.000/mês","Desenvolvedor ou Engenheiro de Software","Júnior","Modelo 100% remoto","1","0","0","0","0","0","0","0","0","0","0","0","1","0","0","0","0","0","0","0","","","","","","","",""
"41njfeqrtvqr8lwh4146mv7bkcdph44s","35","35-39","Masculino","Paraná (PR)","PR","Sul","de R$ 6.001/mês a R$ 8.000/mês","Analista de BI/BI Analyst/Analytics Engineer","Sênior","Modelo híbrido flexível (o funcionário tem liberdade para escolher quando estar no escritório presencialmente)","0","0","0","0","0","1","0","1","0","0","0","0","0","0","0","0","0","0","0","0","0","1","0","0","0","0","0","0"
"4166zwoxpaa35tes416665yk12bd85z7","24","22-24","Masculino","Distrito Federal (DF)","DF","Centro-oeste","de R$ 6.001/mês a R$ 8.000/mês","Cientista de Dados/Data Scientist","Sênior","Modelo híbrido flexível (o funcionário tem liberdade para escolher quando estar no escritório presencialmente)","1","0","0","0","0","0","0","1","0","1","0","0","0","0","0","0","0","0","0","0","0","0","1","1","0","0","0","0"
"414yuvav8v6r2xwbqefbkb414yuvx7nu","21","17-21","Masculino","São Paulo (SP)","SP","Sudeste","de R$ 4.001/mês a R$ 6.000/mês","Engenheiro de Machine Learning/ML Engineer","Júnior","Modelo híbrido flexível (o funcionário tem liberdade para escolher quando estar no escritório presencialmente)","1","0","0","0","0","0","0","1","1","1","0","0","0","0","0","0","1","0","0","0","0","0","0","0","0","0","0","1"
"40mo3540sygvq7gqthk4q540mo353aat","22","22-24","Feminino","Distrito Federal (DF)","DF","Centro-oeste","de R$ 1.001/mês a R$ 2.000/mês","Analista de BI/BI Analyst/Analytics Engineer","Júnior","Modelo 100% presencial","0","0","0","0","0","1","0","0","0","1","0","0","0","0","0","0","0","0","0","0","0","1","0","0","0","0","0","0"
"40e6sdy32xfufuoan9d40e3r38l21qlc","38","35-39","Masculino","São Paulo (SP)","SP","Sudeste","de R$ 4.001/mês a R$ 6.000/mês","Desenvolvedor ou Engenheiro de Software","Pleno","Modelo 100% remoto","0","0","0","0","0","1","0","1","0","0","0","1","0","0","0","0","0","0","0","0","1","1","1","0","0","0","0","0"
"3zqqznp2xd3iu4oaw3zqqzng8visblbh","22","22-24","Masculino","São Paulo (SP)","SP","Sudeste","de R$ 6.001/mês a R$ 8.000/mês","Cientista de Dados/Data Scientist","Pleno","Modelo 100% remoto","0","1","0","0","0","0","0","1","0","1","0","0","0","0","0","0","0","0","0","0","0","0","0","1","0","0","0","0"
"3xjek943i9n29j61g3xjek9wwo99gzng","27","25-29","Masculino","Rio de Janeiro (RJ)","RJ","Sudeste","de R$ 6.001/mês a R$ 8.000/mês","Analista de Dados/Data Analyst","Pleno","Modelo 100% remoto","0","0","1","0","0","0","0","1","0","1","0","0","0","0","0","0","0","0","0","0","1","0","0","0","0","0","0","0"
"3x5sd2p9xuorf3xdmj3x5sd2br9328a1","29","25-29","Masculino","Santa Catarina (SC)","SC","Sul","de R$ 8.001/mês a R$ 12.000/mês","Engenheiro de Dados/Data Engineer","Sênior","Modelo híbrido flexível (o funcionário tem liberdade para escolher quando estar no escritório presencialmente)","1","0","0","0","0","1","0","1","0","1","1","0","0","0","0","0","0","0","0","0","1","0","0","0","0","0","0","0"
"7bqzjyjfcm6g3k047bqzjy5ym7d1gthk","30","30-34","Masculino","São Paulo (SP)","SP","Sudeste","","","","","","","","","","","","","","","","","","","","","","","","","","","","","","","",""
"3uo84fjpe2zco1wi3uo84furd5e30te2","28","25-29","Feminino","Santa Catarina (SC)","SC","Sul","de R$ 4.001/mês a R$ 6.000/mês","Cientista de Dados/Data Scientist","Júnior","Modelo híbrido flexível (o funcionário tem liberdade para escolher quando estar no escritório presencialmente)","1","0","0","0","0","0","0","1","0","1","0","0","0","0","0","0","0","0","0","0","0","0","0","1","0","0","0","0"
"3ukr6rq0ejvl9ex4o3ukje4nf802bx38","27","25-29","Masculino","Paraná (PR)","PR","Sul","de R$ 6.001/mês a R$ 8.000/mês","Engenheiro de Dados/Data Engineer","Pleno","Modelo híbrido flexível (o funcionário tem liberdade para escolher quando estar no escritório presencialmente)","1","0","0","0","0","0","0","1","0","1","0","0","0","0","0","0","0","0","0","0","0","0","1","1","0","0","0","0"
"3uihyt1qo7qfubgce3uigryvpmfo9npj","24","22-24","Masculino","Minas Gerais (MG)","MG","Sudeste","de R$ 8.001/mês a R$ 12.000/mês","Cientista de Dados/Data Scientist","Pleno","Modelo 100% remoto","1","0","0","0","0","0","0","1","0","1","0","0","0","1","0","0","0","0","0","0","0","0","0","1","0","0","0","0"
"3tf35pwk5ei67f68b3tf3b0j0jdfitop","22","22-24","Feminino","São Paulo (SP)","SP","Sudeste","de R$ 1.001/mês a R$ 2.000/mês","Cientista de Dados/Data Scientist","Júnior","Modelo 100% remoto","0","1","0","0","0","0","0","0","0","1","0","0","1","0","0","0","0","0","0","0","0","0","0","0","0","0","0","1"
"3t4v553tz3l0uanv3t4v0tpu7hp9y6et","36","35-39","Masculino","Minas Gerais (MG)","MG","Sudeste","de R$ 8.001/mês a R$ 12.000/mês","Outro","Sênior","Modelo híbrido com dias fixos de trabalho presencial","0","0","0","0","0","1","0","1","0","1","0","0","0","0","0","0","0","0","0","0","1","0","0","0","0","0","0","0"
"3syglpz1ml2f3ti0ho3sygl7k0m7359e","30","30-34","Masculino","São Paulo (SP)","SP","Sudeste","de R$ 6.001/mês a R$ 8.000/mês","Analista de Negócios/Business Analyst","Pleno","Modelo híbrido com dias fixos de trabalho presencial","0","1","1","0","0","0","0","1","0","0","0","0","0","0","0","0","0","0","0","0","0","0","0","0","0","1","0","0"
"3stqovtsl6chrx2n3stq58tk74q5zdsb","31","30-34","Masculino","São Paulo (SP)","SP","Sudeste","de R$ 12.001/mês a R$ 16.000/mês","Engenheiro de Dados/Data Engineer","Sênior","Modelo híbrido flexível (o funcionário tem liberdade para escolher quando estar no escritório presencialmente)","1","1","0","0","0","0","0","1","0","1","0","0","1","0","0","0","1","0","0","1","0","0","1","1","0","0","0","0"
"3rilh6yns7xsitafwgz93rilh6haft4z","22","22-24","Masculino","Rio de Janeiro (RJ)","RJ","Sudeste","de R$ 1.001/mês a R$ 2.000/mês","Desenvolvedor ou Engenheiro de Software","Júnior","Modelo híbrido flexível (o funcionário tem liberdade para escolher quando estar no escritório presencialmente)","1","0","0","1","0","0","0","1","0","0","0","0","0","0","0","0","0","0","0","0","0","0","0","0","0","0","0","1"
"78s49w77gybka6785olwdyb3v56094qp","37","35-39","Masculino","Pernambuco (PE)","PE","Nordeste","","","","","","","","","","","","","","","","","","","","","","","","","","","","","","","",""
"3pxb7gif20hwr4es6q3pxb7g7ephhdwj","29","25-29","Feminino","Minas Gerais (MG)","MG","Sudeste","de R$ 4.001/mês a R$ 6.000/mês","Analista de Dados/Data Analyst","Pleno","Modelo 100% presencial","0","0","0","0","1","0","0","1","0","0","0","0","0","0","1","0","0","0","0","0","0","0","0","0","0","0","0","0"
"3p8dalhcab7gi5qg1gg4abj3p8dalhkm","46","45-49","Masculino","São Paulo (SP)","SP","Sudeste","de R$ 12.001/mês a R$ 16.000/mês","Analista de BI/BI Analyst/Analytics Engineer","Sênior","Modelo 100% remoto","0","0","1","0","0","0","0","1","0","1","0","0","0","0","0","0","0","0","0","0","1","0","0","0","0","0","0","0"
"72gmkx7qt7i9ae472glv3tf66310yk22","26","25-29","Masculino","Fora do Brasil","Exterior","Exterior","","","","","","","","","","","","","","","","","","","","","","","","","","","","","","","",""
"723mxqxl5w772hc723mf915mrajaoc1j","29","25-29","Masculino","Rio de Janeiro (RJ)","RJ","Sudeste","","","","","","","","","","","","","","","","","","","","","","","","","","","","","","","",""
"3nueov7tr4jjc43hur3nueovs4smgw32","21","17-21","Masculino","São Paulo (SP)","SP","Sudeste","de R$ 2.001/mês a R$ 3000/mês","Cientista de Dados/Data Scientist","Júnior","Modelo 100% remoto","1","0","0","0","0","0","0","1","0","1","0","0","0","0","0","0","0","0","0","0","0","0","1","0","0","0","0","0"
"3nrnuzyn3ci7tiz5c3nrnuzyis4t4rtc","31","30-34","Masculino","Rio de Janeiro (RJ)","RJ","Sudeste","de R$ 8.001/mês a R$ 12.000/mês","Cientista de Dados/Data Scientist","Sênior","Modelo 100% remoto","0","0","1","0","0","0","0","1","0","1","0","0","0","0","0","0","0","0","0","0","1","0","0","0","0","0","0","0"
"3n9s8mqbm63jsu33n9s8mmio2qmzq0mm","30","30-34","Masculino","São Paulo (SP)","SP","Sudeste","de R$ 25.001/mês a R$ 30.000/mês","Cientista de Dados/Data Scientist","Pleno","Modelo híbrido flexível (o funcionário tem liberdade para escolher quando estar no escritório presencialmente)","0","0","0","1","1","0","0","1","1","1","0","0","0","0","0","0","0","0","0","0","0","0","1","0","0","0","1","0"
"3n65o31497dxmp3n65td088ss1453dsa","28","25-29","Masculino","Rio de Janeiro (RJ)","RJ","Sudeste","de R$ 12.001/mês a R$ 16.000/mês","Analista de Dados/Data Analyst","Sênior","Modelo híbrido flexível (o funcionário tem liberdade para escolher quando estar no escritório presencialmente)","1","0","0","0","0","0","0","1","0","1","0","0","0","0","0","0","0","0","0","0","0","0","1","0","0","0","1","0"
"3mb8c2coq7ipovwpr93mb8c269mc4l25","38","35-39","Masculino","São Paulo (SP)","SP","Sudeste","de R$ 8.001/mês a R$ 12.000/mês","Desenvolvedor ou Engenheiro de Software","Pleno","Modelo híbrido flexível (o funcionário tem liberdade para escolher quando estar no escritório presencialmente)","0","1","0","0","0","0","0","1","0","1","0","0","0","0","0","0","0","0","0","0","0","0","0","0","0","1","0","0"
"yw9pj3ebwgd0ws79x7yw9pj3ycpm3bxr","35","35-39","Masculino","Alagoas (AL)","AL","Nordeste","de R$ 4.001/mês a R$ 6.000/mês","Cientista de Dados/Data Scientist","Pleno","Modelo 100% remoto","1","0","0","0","0","0","0","0","0","1","0","0","0","0","0","0","0","0","0","0","1","0","0","0","0","0","0","0"
"kxl11ckeoda5cejfz6bv10kxl11ck7e5","54","50-54","Masculino","São Paulo (SP)","SP","Sudeste","","","","","","","","","","","","","","","","","","","","","","","","","","","","","","","",""
"3ls9aqnlb6niusmp463ls9aqqwpzyks9","36","35-39","Feminino","São Paulo (SP)","SP","Sudeste","de R$ 6.001/mês a R$ 8.000/mês","Engenheiro de Dados/Data Engineer","Pleno","Modelo 100% remoto","0","1","0","0","0","0","0","1","0","1","0","0","1","0","0","0","0","0","0","1","0","0","0","0","0","1","0","0"
"3lkx6p3kp810lcc4her7y3lkx6pg9zlx","38","35-39","Masculino","Pernambuco (PE)","PE","Nordeste","de R$ 4.001/mês a R$ 6.000/mês","Analista de BI/BI Analyst/Analytics Engineer","Pleno","Modelo híbrido flexível (o funcionário tem liberdade para escolher quando estar no escritório presencialmente)","0","0","1","0","0","0","0","1","0","1","0","0","0","0","0","0","0","0","0","0","1","0","0","0","0","0","0","0"
"3kvvdj9x0g04izpccicq3kvvdj9p0bie","20","17-21","Masculino","Espírito Santo (ES)","ES","Sudeste","de R$ 4.001/mês a R$ 6.000/mês","Analista de Dados/Data Analyst","Júnior","Modelo híbrido flexível (o funcionário tem liberdade para escolher quando estar no escritório presencialmente)","1","0","0","0","0","0","0","1","1","1","0","0","0","0","0","0","0","0","0","0","0","0","0","1","1","0","0","0"
"3klvedpfgqquo7m73klvbvfb2fatiqd4","24","22-24","Masculino","São Paulo (SP)","SP","Sudeste","de R$ 20.001/mês a R$ 25.000/mês","Cientista de Dados/Data Scientist","Sênior","Modelo 100% remoto","1","0","0","0","0","0","0","1","1","1","0","0","0","0","0","0","1","0","0","0","0","0","0","0","1","0","0","0"
"3i0geo89xgb2ekjvd1a3i0gedfu1kj29","27","25-29","Masculino","Minas Gerais (MG)","MG","Sudeste","de R$ 6.001/mês a R$ 8.000/mês","Cientista de Dados/Data Scientist","Júnior","Modelo 100% remoto","1","0","0","0","0","1","0","1","0","1","0","0","0","0","0","0","0","0","0","0","0","0","1","0","0","0","1","0"
"3hlf0x1434ynkxvcv3hlfjovrd4szita","","55+","Feminino","São Paulo (SP)","SP","Sudeste","de R$ 8.001/mês a R$ 12.000/mês","Outro","Sênior","Modelo híbrido com dias fixos de trabalho presencial","0","1","0","0","0","0","0","0","0","0","0","0","0","0","0","0","0","0","0","0","1","0","0","0","0","0","0","0"
"3hau3nydmt0r3r7qhaajv3hau3n4itdc","22","22-24","Feminino","São Paulo (SP)","SP","Sudeste","de R$ 3.001/mês a R$ 4.000/mês","Analista de Dados/Data Analyst","Júnior","Modelo 100% remoto","1","1","0","0","0","0","0","1","0","1","0","0","0","0","0","0","0","0","0","0","0","0","0","0","0","0","1","0"
"3gyxruo362ffgbj74v3gyxru3jsspvkb","25","25-29","Masculino","Paraná (PR)","PR","Sul","de R$ 3.001/mês a R$ 4.000/mês","Analista de BI/BI Analyst/Analytics Engineer","Júnior","Modelo 100% remoto","0","0","1","0","0","0","0","1","0","1","0","0","0","0","0","0","0","0","0","0","1","0","0","0","0","0","0","0"
"6zhmp3nj51ch6z5eklloksgokyagbrx4","26","25-29","Masculino","Rio de Janeiro (RJ)","RJ","Sudeste","","","","","","","","","","","","","","","","","","","","","","","","","","","","","","","",""
"6obkvby4hxni04rr9d6obkvk5w77c8t8","27","25-29","Masculino","São Paulo (SP)","SP","Sudeste","","","","","","","","","","","","","","","","","","","","","","","","","","","","","","","",""
"3f9rmno67x113f9rx5ni6va7i84uiwv1","28","25-29","Masculino","São Paulo (SP)","SP","Sudeste","de R$ 3.001/mês a R$ 4.000/mês","Outro","Júnior","Modelo 100% remoto","1","0","1","0","0","0","0","1","0","1","0","0","0","0","0","0","0","0","0","0","0","0","0","0","0","0","0","1"
"3e4n7tdml2j6ru7rcdtc3e4n7tkc9wsa","32","30-34","Masculino","São Paulo (SP)","SP","Sudeste","de R$ 8.001/mês a R$ 12.000/mês","Analista de Inteligência de Mercado/Market Intelligence","Sênior","Modelo 100% remoto","1","0","0","0","0","0","0","1","0","1","0","0","0","0","1","0","0","0","0","0","0","0","0","1","0","1","0","0"
"3dxochq9pzw1jeai3dxocgiqokg0o5um","31","30-34","Masculino","São Paulo (SP)","SP","Sudeste","de R$ 6.001/mês a R$ 8.000/mês","Analista de Dados/Data Analyst","Pleno","Modelo híbrido flexível (o funcionário tem liberdade para escolher quando estar no escritório presencialmente)","0","1","0","0","0","0","0","1","0","1","0","0","1","0","0","0","0","0","0","1","1","0","0","0","0","1","0","0"
"3dcjo68cv9swtfy3dcjo6rnqzcmdmgxv","26","25-29","Masculino","São Paulo (SP)","SP","Sudeste","de R$ 4.001/mês a R$ 6.000/mês","Analista de Negócios/Business Analyst","Júnior","Modelo híbrido com dias fixos de trabalho presencial","0","0","0","0","0","1","0","1","0","0","0","0","0","0","0","0","0","0","0","0","1","0","0","0","0","0","0","0"
"3coezhq49j74lqgdl3coezi5irlluq16","30","30-34","Masculino","Paraná (PR)","PR","Sul","de R$ 8.001/mês a R$ 12.000/mês","Cientista de Dados/Data Scientist","Sênior","Modelo 100% remoto","1","1","0","0","0","0","0","1","0","1","0","0","0","0","0","0","0","0","0","0","0","0","0","0","0","0","0","1"
"3buz7pgqttzl0s7l79q3buz7pgqjq64x","39","35-39","Masculino","Fora do Brasil","Exterior","Exterior","de R$ 8.001/mês a R$ 12.000/mês","Outro","Sênior","Modelo híbrido flexível (o funcionário tem liberdade para escolher quando estar no escritório presencialmente)","0","0","1","0","0","1","1","1","1","1","0","0","0","0","0","0","0","0","0","0","0","0","0","0","0","0","0","1"
"6mptkz8ffxkvu2z3uw6mptb6orocoqme","25","25-29","Masculino","Fora do Brasil","Exterior","Exterior","","","","","","","","","","","","","","","","","","","","","","","","","","","","","","","",""
"6exv98bdpqr9l4he236exv9w6krn90dz","21","17-21","Masculino","Rio Grande do Sul (RS)","RS","Sul","","","","","","","","","","","","","","","","","","","","","","","","","","","","","","","",""
"3a80kjuckniyb217t98ki3a80kjqxfsp","25","25-29","Masculino","Pernambuco (PE)","PE","Nordeste","de R$ 6.001/mês a R$ 8.000/mês","Engenheiro de Dados/Data Engineer","Pleno","Modelo 100% remoto","1","0","0","0","0","0","0","1","0","1","0","0","1","0","0","0","0","0","0","1","0","0","0","0","0","0","0","0"
"6cy6nkmy20z7ez892g6cy6nh7vcuye16","24","22-24","Masculino","Rio de Janeiro (RJ)","RJ","Sudeste","","","","","","","","","","","","","","","","","","","","","","","","","","","","","","","",""
"39ufdeouyn9t4s1a76e39ufdeld5ne8e","31","30-34","Masculino","Rio Grande do Sul (RS)","RS","Sul","de R$ 6.001/mês a R$ 8.000/mês","Analista de Dados/Data Analyst","Pleno","Modelo 100% remoto","1","0","0","0","0","1","0","1","0","1","0","0","0","0","0","0","0","0","0","0","1","1","0","0","0","0","0","0"
"a0qoktc8le40mbb3r59a0qoktcah4wq9","34","30-34","Feminino","Bahia (BA)","BA","Nordeste","","","","","","","","","","","","","","","","","","","","","","","","","","","","","","","",""
"386r8k80chw648fq1o386r86imp9769s","30","30-34","Feminino","Minas Gerais (MG)","MG","Sudeste","de R$ 4.001/mês a R$ 6.000/mês","Cientista de Dados/Data Scientist","Júnior","Modelo 100% remoto","1","0","0","0","0","0","0","1","0","1","0","0","0","0","0","0","0","0","0","0","0","0","1","0","0","0","0","0"
"36r8kb1mzlfzts0saic36r8kbhh27wpe","29","25-29","Masculino","Piauí (PI)","PI","Nordeste","de R$ 4.001/mês a R$ 6.000/mês","Analista de Dados/Data Analyst","Pleno","Modelo 100% remoto","1","0","0","0","0","0","0","1","0","1","0","0","0","0","0","0","0","0","0","0","0","0","0","1","0","0","0","0"
"36fa82v6hqgd3y7ysl1y7vpy736fa82v","34","30-34","Feminino","Rio de Janeiro (RJ)","RJ","Sudeste","de R$ 3.001/mês a R$ 4.000/mês","Engenheiro de Dados/Data Engineer","Júnior","Modelo 100% remoto","0","0","1","0","0","0","0","0","0","1","0","0","0","0","0","0","0","0","0","0","0","0","0","0","0","0","0","1"
"35zedcwgyxid6n35zehqb99k225i7t0a","22","22-24","Masculino","Paraná (PR)","PR","Sul","de R$ 3.001/mês a R$ 4.000/mês","Engenheiro de Dados/Data Engineer","Júnior","Modelo 100% remoto","0","0","0","0","0","1","0","1","0","1","0","0","0","0","1","0","0","0","0","0","0","0","0","0","0","0","0","0"
"354tge4gvrqn7u8jton354tggvkb6zq7","23","22-24","Masculino","São Paulo (SP)","SP","Sudeste","de R$ 2.001/mês a R$ 3000/mês","Cientista de Dados/Data Scientist","Júnior","Modelo 100% remoto","1","0","0","0","0","0","0","1","0","1","0","0","0","0","0","0","1","0","0","0","1","0","0","0","0","0","1","0"
"6c5vt718iyo70jushpf7oq6c5vt7120l","25","25-29","Masculino","Minas Gerais (MG)","MG","Sudeste","","","","","","","","","","","","","","","","","","","","","","","","","","","","","","","",""
"34p1k6k9o73r5e45ohw34p1k6mdfavsr","37","35-39","Masculino","São Paulo (SP)","SP","Sudeste","de R$ 8.001/mês a R$ 12.000/mês","Analista de Dados/Data Analyst","Sênior","Modelo 100% remoto","1","0","1","0","0","0","0","1","0","1","0","0","0","0","0","0","0","0","0","0","1","0","0","0","0","0","0","0"
"32bob7enmxs2o1xaekfb32bob11s56wa","32","30-34","Feminino","São Paulo (SP)","SP","Sudeste","de R$ 8.001/mês a R$ 12.000/mês","Analista de Dados/Data Analyst","Sênior","Modelo 100% remoto","1","1","0","0","0","0","0","1","1","1","0","0","0","0","0","0","0","0","0","0","0","0","0","0","0","1","0","0"
"68jdqrzb6x1z4k68jd4scz7w1wu6q5vq","33","30-34","Feminino","Rio Grande do Norte (RN)","RN","Nordeste","","","","","","","","","","","","","","","","","","","","","","","","","","","","","","","",""
"31xxu93in77gmrx31xxu9c2k0nvxoe8b","39","35-39","Masculino","São Paulo (SP)","SP","Sudeste","de R$ 3.001/mês a R$ 4.000/mês","Analista de Dados/Data Analyst","Sênior","Modelo híbrido com dias fixos de trabalho presencial","0","0","0","1","0","0","0","0","0","0","0","0","0","0","0","0","0","0","0","0","0","0","0","0","0","0","0","0"
"31jz3pq7lcpmbkqlovx6731jz3p9fyxh","26","25-29","Masculino","Rio de Janeiro (RJ)","RJ","Sudeste","de R$ 4.001/mês a R$ 6.000/mês","Analista de BI/BI Analyst/Analytics Engineer","Júnior","Modelo 100% remoto","0","1","0","0","0","0","0","1","0","0","0","0","0","0","0","0","0","0","0","0","0","0","0","0","0","1","0","0"
"31hhvnwcq5t1yk4rsr31hhvnwmz6sxz6","36","35-39","Masculino","Minas Gerais (MG)","MG","Sudeste","de R$ 4.001/mês a R$ 6.000/mês","Analista de Dados/Data Analyst","Pleno","Modelo 100% remoto","0","0","1","0","0","0","0","1","0","0","0","0","0","0","0","0","0","0","0","0","1","0","0","0","0","0","0","0"
"668z811tn8o5encp668zkmq8mvktpvpq","28","25-29","Feminino","São Paulo (SP)","SP","Sudeste","","","","","","","","","","","","","","","","","","","","","","","","","","","","","","","",""
"65k4yncvo5d3fhod65k4opaztyf85515","25","25-29","Masculino","São Paulo (SP)","SP","Sudeste","","","","","","","","","","","","","","","","","","","","","","","","","","","","","","","",""
"2zy9i2o1x2svydn52zy9irqfv83qdte8","24","22-24","Masculino","São Paulo (SP)","SP","Sudeste","de R$ 12.001/mês a R$ 16.000/mês","Cientista de Dados/Data Scientist","Pleno","Modelo 100% remoto","0","1","0","0","0","0","0","1","1","1","0","0","0","0","0","0","0","0","0","0","0","0","0","0","0","0","0","1"
"2zovklif9muobp2o2zoxf5o2bgbaf8nn","24","22-24","Feminino","São Paulo (SP)","SP","Sudeste","de R$ 4.001/mês a R$ 6.000/mês","Cientista de Dados/Data Scientist","Júnior","Modelo 100% remoto","0","1","0","0","0","0","0","1","1","1","0","0","0","0","0","0","0","0","0","0","0","0","0","0","0","0","0","1"
"2ycrj201h2522ycupzxnutmxdhtt6buf","30","30-34","Feminino","Paraná (PR)","PR","Sul","de R$ 3.001/mês a R$ 4.000/mês","Outro","Pleno","Modelo 100% remoto","0","1","0","0","0","0","0","0","0","0","0","0","0","0","0","0","0","0","0","0","1","0","1","0","0","0","0","0"
"2xg5otkyk5pxqdbm02xg59i7vepg81fi","30","30-34","Feminino","Minas Gerais (MG)","MG","Sudeste","de R$ 30.001/mês a R$ 40.000/mês","Engenheiro de Dados/Data Engineer","Sênior","Modelo 100% remoto","1","0","0","0","0","0","0","1","0","1","0","0","0","0","0","0","0","0","0","0","0","0","0","0","0","0","0","0"
"2wazxvj45nrwaaz2wazx6gfakzcae5ie","42","40-44","Masculino","Rio Grande do Sul (RS)","RS","Sul","Acima de R$ 40.001/mês","Arquiteto de Dados","Sênior","Modelo 100% remoto","1","1","1","0","0","0","0","1","0","1","0","0","0","0","0","0","0","0","0","0","1","0","0","1","1","0","0","0"
"654ug540zvdzblf9654nasqef4bl77rj","33","30-34","Feminino","Distrito Federal (DF)","DF","Centro-oeste","","","","","","","","","","","","","","","","","","","","","","","","","","","","","","","",""
"2v6llc09fn2d11gi2v6llemal9kvzm99","28","25-29","Masculino","São Paulo (SP)","SP","Sudeste","de R$ 3.001/mês a R$ 4.000/mês","Cientista de Dados/Data Scientist","Júnior","Modelo híbrido flexível (o funcionário tem liberdade para escolher quando estar no escritório presencialmente)","1","0","0","0","0","0","0","0","0","1","0","0","0","0","0","0","0","0","0","0","0","0","0","0","0","0","1","0"
"2uywhtht5noip5x2uywmevu3mky88kwi","23","22-24","Feminino","Minas Gerais (MG)","MG","Sudeste","de R$ 4.001/mês a R$ 6.000/mês","Analista de Dados/Data Analyst","Júnior","Modelo 100% remoto","1","0","0","0","0","0","0","1","1","1","0","0","0","0","0","0","0","0","0","0","0","0","1","0","0","0","0","0"
"2usm6sw1zvf5w2u42n2gzw7ki21fx2gj","24","22-24","Masculino","São Paulo (SP)","SP","Sudeste","de R$ 4.001/mês a R$ 6.000/mês","Cientista de Dados/Data Scientist","Pleno","Modelo 100% remoto","0","1","1","0","0","0","0","1","0","1","0","0","0","0","0","0","0","0","0","0","1","0","0","0","0","0","0","0"
"2uhfq3tkvtmcm0sbhf4e2uhfq3tk6wj1","30","30-34","Masculino","São Paulo (SP)","SP","Sudeste","de R$ 6.001/mês a R$ 8.000/mês","Cientista de Dados/Data Scientist","Sênior","Modelo híbrido com dias fixos de trabalho presencial","0","1","0","0","0","0","0","1","1","1","0","0","0","0","0","0","0","0","0","0","1","0","0","0","0","1","0","0"
"2tc1gv8a7gocpnh2tc1jwa98taio8f62","22","22-24","Masculino","São Paulo (SP)","SP","Sudeste","Menos de R$ 1.000/mês","Analista de Dados/Data Analyst","Júnior","Modelo 100% remoto","1","1","0","0","0","0","0","1","0","1","0","0","0","0","0","1","0","0","0","0","1","0","0","0","0","1","1","0"
"62hb25zs3snvtww62hbzqfiuio6ple58","31","30-34","Masculino","São Paulo (SP)","SP","Sudeste","","","","","","","","","","","","","","","","","","","","","","","","","","","","","","","",""
"2sy1tmp6o63f2mbghg2syprxd9cib078","33","30-34","Feminino","Minas Gerais (MG)","MG","Sudeste","de R$ 12.001/mês a R$ 16.000/mês","Outro","Sênior","Modelo 100% remoto","1","0","0","0","0","1","1","1","0","0","0","0","0","0","0","0","0","0","0","0","0","0","1","0","0","0","0","0"
"2s17viln4qxlh9fg3rcb2s17hwf1hsyy","36","35-39","Feminino","São Paulo (SP)","SP","Sudeste","de R$ 6.001/mês a R$ 8.000/mês","Analista de Dados/Data Analyst","Sênior","Modelo híbrido com dias fixos de trabalho presencial","1","0","1","0","0","0","0","1","0","1","0","0","0","0","0","0","0","0","0","0","1","0","0","0","0","0","1","0"
"2q9b0w63c4bqcnw81003kn2q9b0wer41","48","45-49","Masculino","Distrito Federal (DF)","DF","Centro-oeste","de R$ 8.001/mês a R$ 12.000/mês","Desenvolvedor ou Engenheiro de Software","Sênior","Modelo 100% remoto","0","0","0","0","0","0","1","1","0","0","0","0","1","0","0","1","0","0","0","0","0","0","0","0","0","0","1","0"
"2q48ngln0i2dyecymik1h2q48n86akjw","42","40-44","Masculino","São Paulo (SP)","SP","Sudeste","de R$ 6.001/mês a R$ 8.000/mês","Cientista de Dados/Data Scientist","Pleno","Modelo 100% remoto","0","0","1","0","0","0","0","1","1","1","0","0","1","0","0","0","0","0","0","0","1","0","0","0","0","0","0","0"
"2pgo14p915sk7tlyzso1mq2pgo1fg3y0","24","22-24","Masculino","Espírito Santo (ES)","ES","Sudeste","de R$ 4.001/mês a R$ 6.000/mês","Analista de BI/BI Analyst/Analytics Engineer","Pleno","Modelo 100% remoto","0","0","1","0","0","0","0","1","0","0","0","0","0","0","0","0","0","0","0","0","1","0","0","0","0","0","0","0"
"2pfauh37csndrmp2pf2zpscn1aslj57s","24","22-24","Masculino","Minas Gerais (MG)","MG","Sudeste","de R$ 1.001/mês a R$ 2.000/mês","Cientista de Dados/Data Scientist","Júnior","Modelo 100% remoto","0","1","1","0","0","0","0","1","0","1","0","0","0","0","0","0","0","0","0","0","1","0","0","0","0","0","0","0"
"2p5r0fclghcqpf2p54ns5via7ihqjiec","23","22-24","Masculino","Rio de Janeiro (RJ)","RJ","Sudeste","de R$ 2.001/mês a R$ 3000/mês","Analista Administrativo","Júnior","Modelo 100% remoto","0","0","0","0","0","1","0","0","0","1","0","0","0","0","0","0","0","0","0","0","1","0","0","0","0","0","0","0"
"2ol5511vv2hhyw8o3bp6fbq2ol551p3w","28","25-29","Masculino","São Paulo (SP)","SP","Sudeste","de R$ 6.001/mês a R$ 8.000/mês","Cientista de Dados/Data Scientist","Pleno","Modelo híbrido flexível (o funcionário tem liberdade para escolher quando estar no escritório presencialmente)","1","0","0","0","0","0","0","1","0","1","0","0","0","0","0","0","0","0","0","0","0","0","1","0","0","0","0","0"
"2nw23hxb516qlh2nw2y4wcl2dzoq0gjo","26","25-29","Feminino","São Paulo (SP)","SP","Sudeste","de R$ 6.001/mês a R$ 8.000/mês","Analista de Dados/Data Analyst","Júnior","Modelo híbrido flexível (o funcionário tem liberdade para escolher quando estar no escritório presencialmente)","1","0","0","0","0","0","0","1","0","1","0","0","0","0","0","0","0","0","0","0","1","0","0","0","0","0","0","0"
"61cvyl89klh9amq1spjev61cvyl6jawy","20","17-21","Masculino","Rio Grande do Norte (RN)","RN","Nordeste","","","","","","","","","","","","","","","","","","","","","","","","","","","","","","","",""
"5t48wwz7q1uh121d3ttsr5t48wwzcg7t","32","30-34","Masculino","Distrito Federal (DF)","DF","Centro-oeste","","","","","","","","","","","","","","","","","","","","","","","","","","","","","","","",""
"2lyh272yorso172lyhniadjcfp2g7yer","24","22-24","Masculino","São Paulo (SP)","SP","Sudeste","de R$ 8.001/mês a R$ 12.000/mês","Cientista de Dados/Data Scientist","Pleno","Modelo híbrido flexível (o funcionário tem liberdade para escolher quando estar no escritório presencialmente)","1","0","0","0","0","0","1","1","0","1","0","0","0","0","0","0","0","0","0","0","1","0","0","0","0","1","0","0"
"2ly99q08ay5k0m2zram2ly9996qutu2x","28","25-29","Feminino","São Paulo (SP)","SP","Sudeste","de R$ 16.001/mês a R$ 20.000/mês","Engenheiro de Dados/Data Engineer","Sênior","Modelo 100% remoto","1","1","0","0","0","0","0","1","0","1","0","0","0","0","0","0","0","0","0","0","0","0","0","0","0","1","0","0"
"5t1ci2pfs5e01z0q5t1ci5ktpw40kwoo","45","45-49","Masculino","Fora do Brasil","Exterior","Exterior","","","","","","","","","","","","","","","","","","","","","","","","","","","","","","","",""
"5rsp9b3cqtkif2bdg8p5rsp9b3gu4p51","26","25-29","Feminino","São Paulo (SP)","SP","Sudeste","","","","","","","","","","","","","","","","","","","","","","","","","","","","","","","",""
"2jw4t8iqss70j0yj2jw4n3ihb473gjdl","29","25-29","Masculino","Rio Grande do Sul (RS)","RS","Sul","de R$ 8.001/mês a R$ 12.000/mês","Cientista de Dados/Data Scientist","Pleno","Modelo híbrido com dias fixos de trabalho presencial","0","0","1","1","0","0","0","1","1","0","0","0","0","0","0","0","0","0","0","0","1","0","1","0","0","0","0","0"
"2jpt2051y5udb0fevb72jpt204rz7tov","30","30-34","Masculino","São Paulo (SP)","SP","Sudeste","de R$ 8.001/mês a R$ 12.000/mês","Analista de Marketing","Pleno","Modelo 100% remoto","0","0","0","0","0","0","1","0","0","0","0","0","0","0","0","0","0","0","0","0","1","0","1","0","0","1","0","0"
"2izpzr6nz11pv007fzi2izpzr64pffwq","22","22-24","Masculino","Minas Gerais (MG)","MG","Sudeste","de R$ 8.001/mês a R$ 12.000/mês","Engenheiro de Dados/Data Engineer","Júnior","Modelo híbrido flexível (o funcionário tem liberdade para escolher quando estar no escritório presencialmente)","1","1","1","0","0","0","0","1","0","1","0","0","0","0","0","1","0","0","0","0","1","0","0","0","0","0","0","0"
"2ivczw8x9l7uztuhf2ivcrbswsh34ssb","24","22-24","Masculino","São Paulo (SP)","SP","Sudeste","de R$ 6.001/mês a R$ 8.000/mês","Analista de BI/BI Analyst/Analytics Engineer","Pleno","Modelo híbrido flexível (o funcionário tem liberdade para escolher quando estar no escritório presencialmente)","1","0","0","0","0","0","0","1","0","1","0","0","0","0","0","0","0","0","0","0","0","0","0","0","0","1","0","0"
"2h6wttgt4zwkvwgl2h6wpij9pji4taso","","55+","Masculino","Distrito Federal (DF)","DF","Centro-oeste","de R$ 20.001/mês a R$ 25.000/mês","Analista de BI/BI Analyst/Analytics Engineer","Sênior","Modelo híbrido com dias fixos de trabalho presencial","0","0","0","0","0","0","1","1","0","1","0","0","0","0","0","0","0","0","0","0","0","0","0","0","0","0","0","0"
"5m07qluanyd1izjj285m07qlur7ayr2f","24","22-24","Masculino","Rio de Janeiro (RJ)","RJ","Sudeste","","","","","","","","","","","","","","","","","","","","","","","","","","","","","","","",""
"2fhf7781hdun9ce97dg2fhf77dqvy2l8","26","25-29","Masculino","São Paulo (SP)","SP","Sudeste","de R$ 6.001/mês a R$ 8.000/mês","Analista de Dados/Data Analyst","Pleno","Modelo 100% remoto","0","0","0","0","0","1","0","1","0","0","0","0","0","0","0","0","0","0","0","0","1","0","0","0","0","0","0","0"
"2fe1q6rfmmbvyjpo72fe1q6zilnx0pfm","36","35-39","Feminino","Rio Grande do Sul (RS)","RS","Sul","de R$ 8.001/mês a R$ 12.000/mês","Outro","Pleno","Modelo híbrido flexível (o funcionário tem liberdade para escolher quando estar no escritório presencialmente)","0","0","1","1","0","0","0","1","0","1","0","0","0","0","0","0","0","0","0","0","1","0","0","0","0","0","0","0"
"2ev68fmuyxbm62p1x2h82ev6u5sr73pa","29","25-29","Feminino","São Paulo (SP)","SP","Sudeste","de R$ 8.001/mês a R$ 12.000/mês","Analista de Dados/Data Analyst","Pleno","Modelo 100% remoto","0","1","0","0","0","0","0","1","0","1","0","0","0","0","0","0","0","0","0","0","1","0","0","0","0","1","0","0"
"2e8gt68tjudaicud4jef2e8gt6m1v0da","27","25-29","Masculino","Minas Gerais (MG)","MG","Sudeste","de R$ 3.001/mês a R$ 4.000/mês","Cientista de Dados/Data Scientist","Júnior","Modelo 100% remoto","1","0","0","0","0","0","0","1","0","1","0","0","0","0","0","0","0","0","0","0","0","0","0","1","0","0","0","0"
"5eo4c92nkhugrxkc29g5eo4c92njudnm","23","22-24","Masculino","Rio Grande do Sul (RS)","RS","Sul","","","","","","","","","","","","","","","","","","","","","","","","","","","","","","","",""
"2btyvg9bl6kvrm5lb2btyvepu6dyc9dh","27","25-29","Feminino","São Paulo (SP)","SP","Sudeste","de R$ 12.001/mês a R$ 16.000/mês","Analista de Dados/Data Analyst","Sênior","Modelo 100% remoto","1","1","1","0","0","0","0","1","1","0","0","0","0","0","0","0","0","0","0","0","1","0","1","0","1","1","0","0"
"2b0fncp4i7t52bc428ihvg5v7sjtc428","26","25-29","Masculino","São Paulo (SP)","SP","Sudeste","de R$ 6.001/mês a R$ 8.000/mês","Analista de Negócios/Business Analyst","Sênior","Modelo híbrido com dias fixos de trabalho presencial","0","0","0","1","0","0","0","0","0","0","0","0","0","0","0","0","0","0","0","0","1","0","0","0","0","1","0","0"
"2avpcbqbdsr2wgk4w2077k2avpcbo6gb","24","22-24","Masculino","","","Norte","de R$ 4.001/mês a R$ 6.000/mês","Analista de BI/BI Analyst/Analytics Engineer","Pleno","Modelo 100% remoto","1","0","0","0","0","0","0","1","0","1","0","0","0","0","0","1","0","0","0","0","1","0","1","0","0","1","0","0"
"2aswe686zwk0foc2aswe6p3yfc6v6lb3","22","22-24","Masculino","Paraíba (PB)","PB","Nordeste","de R$ 1.001/mês a R$ 2.000/mês","Engenheiro de Machine Learning/ML Engineer","Júnior","Modelo 100% remoto","0","0","0","0","1","0","0","0","0","1","0","0","0","0","0","0","0","0","0","0","0","0","0","0","0","0","1","0"
"4x5fqp7epfadr7xpg3u4x5fq2gmpirnh","36","35-39","Masculino","São Paulo (SP)","SP","Sudeste","","","","","","","","","","","","","","","","","","","","","","","","","","","","","","","",""
"2affu0vqpo8dc2affu7tsqvs56rrqyvz","28","25-29","Masculino","São Paulo (SP)","SP","Sudeste","de R$ 2.001/mês a R$ 3000/mês","Analista Administrativo","Júnior","Modelo 100% presencial","0","0","0","0","0","1","0","0","0","0","0","0","0","0","0","0","0","0","0","0","0","0","0","0","0","0","0","0"
"2a8hibfk4422a6r69kxwdew2th1bu6go","30","30-34","Masculino","São Paulo (SP)","SP","Sudeste","de R$ 12.001/mês a R$ 16.000/mês","Analista de BI/BI Analyst/Analytics Engineer","Sênior","Modelo 100% remoto","0","1","0","0","0","0","0","1","0","1","0","0","0","0","0","0","0","0","0","0","0","0","0","0","0","1","1","0"
"291y0hbw03zelvk291f589ts58sl6aom","36","35-39","Masculino","São Paulo (SP)","SP","Sudeste","de R$ 12.001/mês a R$ 16.000/mês","Engenheiro de Dados/Data Engineer","Sênior","Modelo híbrido flexível (o funcionário tem liberdade para escolher quando estar no escritório presencialmente)","0","1","0","0","0","0","0","1","0","1","0","0","0","0","0","0","0","0","0","0","0","0","0","0","0","0","0","0"
"28fa2prh7r4x28fatsxr4w5jlws9ulda","34","30-34","Masculino","Minas Gerais (MG)","MG","Sudeste","de R$ 6.001/mês a R$ 8.000/mês","Engenheiro de Dados/Data Engineer","Pleno","Modelo 100% remoto","1","1","1","0","0","0","0","1","0","1","0","0","0","0","0","0","0","0","0","0","0","1","0","1","0","0","0","0"
"4s2vqlw8y06h8d9g4s2vfb27tqrp1axg","29","25-29","Masculino","Rio Grande do Sul (RS)","RS","Sul","","","","","","","","","","","","","","","","","","","","","","","","","","","","","","","",""
"28d9qx4ilqhe4wg2fwelp28d9qx49gyh","27","25-29","Masculino","São Paulo (SP)","SP","Sudeste","de R$ 6.001/mês a R$ 8.000/mês","Analista de BI/BI Analyst/Analytics Engineer","Sênior","Modelo 100% remoto","0","0","1","0","0","0","0","1","0","1","0","0","0","0","0","0","0","0","0","0","1","0","0","1","0","0","0","0"
"3vkfo40ey9sh3jdz2ryg3vkfo40220nk","39","35-39","Masculino","São Paulo (SP)","SP","Sudeste","","","","","","","","","","","","","","","","","","","","","","","","","","","","","","","",""
"27b31djih1rzxom05l27b31dj0lzkm4y","30","30-34","Feminino","São Paulo (SP)","SP","Sudeste","de R$ 6.001/mês a R$ 8.000/mês","Outras Engenharias (não inclui dev)","Júnior","Modelo 100% presencial","0","0","0","0","0","1","0","1","0","1","0","0","0","0","0","1","0","0","0","0","1","0","1","0","0","0","0","0"
"25o63y91rq8yr825jdqt9aj2tgf35cb9","29","25-29","Masculino","Distrito Federal (DF)","DF","Centro-oeste","de R$ 4.001/mês a R$ 6.000/mês","Cientista de Dados/Data Scientist","Sênior","Modelo 100% remoto","0","0","1","0","0","0","0","1","0","1","0","1","0","0","0","0","0","0","0","0","1","0","0","0","0","1","0","0"
"3pyrpuxnw7k6fd13pyrpd25qhstm8bt4","30","30-34","Masculino","Espírito Santo (ES)","ES","Sudeste","","","","","","","","","","","","","","","","","","","","","","","","","","","","","","","",""
"23kr4ybc79023kr4y0q34amnvtd62g91","29","25-29","Masculino","Rio Grande do Norte (RN)","RN","Nordeste","de R$ 3.001/mês a R$ 4.000/mês","Analista de BI/BI Analyst/Analytics Engineer","Júnior","Modelo 100% remoto","0","0","1","0","0","0","0","1","0","1","0","0","0","0","0","0","0","0","0","0","1","0","0","0","0","0","0","0"
"3ox0ergjeo0b1xz3ox0pwn205nzrm4kx","25","25-29","Masculino","","","Norte","","","","","","","","","","","","","","","","","","","","","","","","","","","","","","","",""
"2369jn93rjz69dyj98czsl2369jnm3rr","35","35-39","Feminino","Rio Grande do Sul (RS)","RS","Sul","de R$ 4.001/mês a R$ 6.000/mês","Técnico","Júnior","Modelo 100% presencial","0","0","0","0","0","1","0","1","0","0","1","1","0","0","0","0","0","0","0","0","1","0","0","0","0","0","1","0"
"224iahgipeki9sg5hz4lq53224iayi1h","21","17-21","Masculino","","","Norte","de R$ 3.001/mês a R$ 4.000/mês","Engenheiro de Dados/Data Engineer","Júnior","Modelo 100% remoto","1","0","0","0","0","0","0","1","0","1","0","0","0","0","0","0","0","0","0","0","0","0","0","0","0","0","0","0"
"21l28aq2as7kyo6421l28aqj6fnbhf48","37","35-39","Masculino","Fora do Brasil","Exterior","Exterior","de R$ 4.001/mês a R$ 6.000/mês","Analista de Marketing","Júnior","Modelo 100% remoto","0","0","0","0","0","1","0","1","0","1","0","0","0","0","0","0","0","0","0","0","0","0","0","0","0","0","1","0"
"6qx1h8qyej5w5uzn0s6qibwvaum5b2tf","23","22-24","Masculino","Mato Grosso do Sul (MS)","MS","Centro-oeste","de R$ 4.001/mês a R$ 6.000/mês","Analista de Dados/Data Analyst","Júnior","Modelo 100% remoto","0","0","1","0","0","0","0","1","0","1","0","0","0","0","0","0","0","0","0","0","1","0","0","0","0","0","0","0"
"201owlw0dsz9xt4ccnj201owcax8wdw2","35","35-39","Masculino","Minas Gerais (MG)","MG","Sudeste","de R$ 16.001/mês a R$ 20.000/mês","Product Manager","Sênior","Modelo 100% remoto","1","0","0","0","0","0","0","1","0","1","0","0","0","0","0","0","0","0","0","0","1","0","1","0","0","0","0","0"
"1zuxqrco4hb18ov90r1zuxqroujgimdp","29","25-29","Feminino","Paraná (PR)","PR","Sul","de R$ 3.001/mês a R$ 4.000/mês","Analista de Dados/Data Analyst","Júnior","Modelo 100% remoto","0","1","0","0","0","0","0","1","0","1","0","0","0","0","0","0","0","0","0","0","0","1","0","0","0","1","0","0"
"1ywd2tp971g784j1ywd22avnp7ky0y3m","25","25-29","Feminino","São Paulo (SP)","SP","Sudeste","de R$ 6.001/mês a R$ 8.000/mês","Cientista de Dados/Data Scientist","Pleno","Modelo 100% remoto","1","0","0","0","0","0","0","1","0","1","0","0","0","0","0","0","0","0","0","0","0","0","1","1","0","0","0","0"
"1yq4mo0iy63gogzzuf1yq4molqig261p","45","45-49","Masculino","São Paulo (SP)","SP","Sudeste","Acima de R$ 40.001/mês","Outro","Sênior","Modelo híbrido flexível (o funcionário tem liberdade para escolher quando estar no escritório presencialmente)","1","0","0","0","0","0","0","1","1","1","0","0","0","0","0","0","0","0","0","0","1","0","0","0","0","0","0","0"
"o82dfm4j7l3ialo82dln4v1diskx02sf","28","25-29","Masculino","Alagoas (AL)","AL","Nordeste","de R$ 6.001/mês a R$ 8.000/mês","Cientista de Dados/Data Scientist","Pleno","Modelo 100% remoto","1","0","0","0","0","0","0","0","0","1","1","0","0","0","0","0","0","0","0","0","0","0","0","0","0","0","0","1"
"1x9jdtrtkb3psoapvy51x9jdtroins8h","28","25-29","Masculino","São Paulo (SP)","SP","Sudeste","de R$ 16.001/mês a R$ 20.000/mês","Cientista de Dados/Data Scientist","Pleno","Modelo 100% remoto","1","0","0","0","0","0","0","1","0","1","0","0","1","0","0","0","0","0","0","1","1","0","0","0","0","1","0","0"
"1wz151ik0t2hvx6b1ryal1wz150bnd0l","32","30-34","Masculino","São Paulo (SP)","SP","Sudeste","de R$ 6.001/mês a R$ 8.000/mês","Cientista de Dados/Data Scientist","Pleno","Modelo 100% remoto","0","0","0","0","0","1","0","1","0","1","0","0","0","0","0","0","0","0","0","0","0","0","0","0","0","0","0","1"
"1wx8xomn9ki8c6wuale1wx8xomlel3sl","25","25-29","Feminino","São Paulo (SP)","SP","Sudeste","de R$ 8.001/mês a R$ 12.000/mês","Analista de Dados/Data Analyst","Sênior","Modelo 100% remoto","0","0","0","0","0","1","0","1","0","1","0","0","0","0","0","0","0","1","0","0","1","0","1","0","0","0","0","0"
"3lv28fmfxvw1ub553lv24yxj133boe1z","36","35-39","Masculino","Paraná (PR)","PR","Sul","","","","","","","","","","","","","","","","","","","","","","","","","","","","","","","",""
"3bnmi0hx1zkzq8xrzg5ct3bnmmoz0bgf","23","22-24","Masculino","","","Norte","","","","","","","","","","","","","","","","","","","","","","","","","","","","","","","",""
"1unoukmglysg6ymirc7sjbsva91unouk","39","35-39","Masculino","Paraíba (PB)","PB","Nordeste","de R$ 2.001/mês a R$ 3000/mês","Engenheiro de Dados/Data Engineer","Júnior","Modelo 100% remoto","1","1","0","0","0","0","0","1","0","1","0","0","0","0","0","0","0","0","0","0","0","1","1","0","0","1","0","0"
"1ucf0sld5s59zox3f71ucf0slmkq6zf3","26","25-29","Masculino","Distrito Federal (DF)","DF","Centro-oeste","de R$ 6.001/mês a R$ 8.000/mês","Cientista de Dados/Data Scientist","Pleno","Modelo 100% remoto","0","0","1","0","0","0","0","1","0","1","0","0","0","0","0","0","0","0","0","0","1","0","0","0","0","0","0","0"
"1t3gw9fzev6rn1t3gwd8tr2hm7fh3ddv","28","25-29","Masculino","Rio de Janeiro (RJ)","RJ","Sudeste","de R$ 6.001/mês a R$ 8.000/mês","Analista de Dados/Data Analyst","Pleno","Modelo 100% remoto","1","0","0","0","0","0","0","1","0","1","0","0","0","0","0","0","0","0","0","0","0","0","0","0","1","0","0","0"
"1t3eas8wehi1q1t3aud3hd1cf13jn3ux","26","25-29","Masculino","São Paulo (SP)","SP","Sudeste","de R$ 6.001/mês a R$ 8.000/mês","Analista de Dados/Data Analyst","Pleno","Modelo 100% remoto","1","0","1","0","0","0","0","1","0","1","0","0","0","0","0","0","0","0","0","0","1","0","0","0","0","1","0","0"
"1suk6glu4c0ia575h5umqi51suk6gly9","29","25-29","Masculino","Rio Grande do Sul (RS)","RS","Sul","de R$ 12.001/mês a R$ 16.000/mês","Analista de Dados/Data Analyst","Sênior","Modelo híbrido flexível (o funcionário tem liberdade para escolher quando estar no escritório presencialmente)","1","0","0","0","0","1","0","1","0","1","0","0","0","0","0","0","0","0","0","0","1","0","0","0","0","1","0","0"
"1s8riwpeq1zk95b1s8riwpzsowc2xtvd","33","30-34","Masculino","Espírito Santo (ES)","ES","Sudeste","de R$ 6.001/mês a R$ 8.000/mês","Engenheiro de Dados/Data Engineer","Júnior","Modelo 100% presencial","0","0","1","0","0","1","0","0","0","1","0","0","0","0","0","1","0","0","0","0","1","0","0","0","0","0","1","0"
"1rde9nn6xn0b7p1lcsa51rde9ej36mrq","30","30-34","Masculino","Rio de Janeiro (RJ)","RJ","Sudeste","de R$ 8.001/mês a R$ 12.000/mês","Cientista de Dados/Data Scientist","Pleno","Modelo 100% remoto","1","0","0","0","0","0","0","1","0","1","0","0","0","0","0","0","0","0","0","0","0","0","0","0","1","0","0","0"
"3a1a83tcdkwg4owjcicjin3a1a836o53","23","22-24","Masculino","Paraíba (PB)","PB","Nordeste","","","","","","","","","","","","","","","","","","","","","","","","","","","","","","","",""
"1r3pr4w8cg4viczijxvy4g9ro1r3pr4w","27","25-29","Feminino","Sergipe (SE)","SE","Nordeste","de R$ 4.001/mês a R$ 6.000/mês","Analista de Negócios/Business Analyst","Sênior","Modelo híbrido com dias fixos de trabalho presencial","0","0","0","1","0","0","0","1","0","1","0","0","0","0","0","0","0","0","0","0","1","0","0","0","0","0","0","0"
"1r2x0wi2xvm5e4k3k324mw1r2x0zol7w","34","30-34","Masculino","São Paulo (SP)","SP","Sudeste","de R$ 8.001/mês a R$ 12.000/mês","","","Modelo 100% remoto","","","","","","","","","","","","","","","","","","","","","","","","","","","",""
"5cno8saxunefzabsui5cno8sskhwitgz","21","17-21","Masculino","Mato Grosso do Sul (MS)","MS","Centro-oeste","de R$ 1.001/mês a R$ 2.000/mês","Cientista de Dados/Data Scientist","Júnior","Modelo 100% remoto","0","0","0","0","0","1","0","1","0","1","0","0","0","0","0","0","0","0","0","0","1","0","0","0","0","1","0","0"
"1pdx8s4sk05jd361pdx8s8t5f3dt491d","30","30-34","Feminino","Rio Grande do Sul (RS)","RS","Sul","de R$ 1.001/mês a R$ 2.000/mês","Analista de Dados/Data Analyst","Júnior","Modelo 100% presencial","0","0","1","0","0","0","0","0","0","0","0","0","0","0","0","0","0","0","0","0","1","0","0","0","0","0","0","0"
"323osnhjkpx0zi83t9323osn6p59j56x","38","35-39","Masculino","Rio de Janeiro (RJ)","RJ","Sudeste","","","","","","","","","","","","","","","","","","","","","","","","","","","","","","","",""
"1o29uxryr1rme5jtjhbikfamg1o29uxr","21","17-21","Masculino","São Paulo (SP)","SP","Sudeste","de R$ 1.001/mês a R$ 2.000/mês","Cientista de Dados/Data Scientist","Júnior","Modelo 100% remoto","1","0","0","0","0","0","0","1","0","1","0","0","0","0","0","0","0","0","0","0","0","0","1","0","0","0","0","0"
"319estq671wweh6mj6319buctuoqzwdy","32","30-34","Masculino","São Paulo (SP)","SP","Sudeste","","","","","","","","","","","","","","","","","","","","","","","","","","","","","","","",""
"2vr5w38mn6r5hn52vr5w815t6u6l8lei","31","30-34","Masculino","Distrito Federal (DF)","DF","Centro-oeste","","","","","","","","","","","","","","","","","","","","","","","","","","","","","","","",""
"2t5kadyt7tzx6e2fl2t5kadya6dabn86","26","25-29","Masculino","São Paulo (SP)","SP","Sudeste","","","","","","","","","","","","","","","","","","","","","","","","","","","","","","","",""
"2jxh2j5q1vyuo0ue2jx888v7dj691b4o","29","25-29","Feminino","Paraná (PR)","PR","Sul","","","","","","","","","","","","","","","","","","","","","","","","","","","","","","","",""
"1k50cc8j40moloey0vtou1k50cc8j657","24","22-24","Masculino","Santa Catarina (SC)","SC","Sul","de R$ 12.001/mês a R$ 16.000/mês","Engenheiro de Dados/Data Engineer","Pleno","Modelo híbrido flexível (o funcionário tem liberdade para escolher quando estar no escritório presencialmente)","1","0","0","0","0","0","0","1","0","1","0","0","1","0","0","0","1","0","0","1","0","0","0","0","1","0","0","0"
"2cs9zvoe6zhzda0wlcj32cs9zvm2ua5b","22","22-24","Masculino","Rio de Janeiro (RJ)","RJ","Sudeste","","","","","","","","","","","","","","","","","","","","","","","","","","","","","","","",""
"1jty2c333c6zq685o1jt62ipjllvhndx","29","25-29","Masculino","Minas Gerais (MG)","MG","Sudeste","de R$ 4.001/mês a R$ 6.000/mês","Analista de BI/BI Analyst/Analytics Engineer","Pleno","Modelo híbrido flexível (o funcionário tem liberdade para escolher quando estar no escritório presencialmente)","0","1","1","0","0","1","0","1","0","1","0","0","0","0","0","1","0","0","0","0","1","0","0","0","0","0","0","0"
"1j5yr5cjdxhft34z41j5yrqfxbc9ufgk","32","30-34","Masculino","São Paulo (SP)","SP","Sudeste","de R$ 8.001/mês a R$ 12.000/mês","Engenheiro de Dados/Data Engineer","Sênior","Modelo 100% remoto","1","0","0","0","0","0","1","1","0","1","0","0","0","0","0","0","0","0","0","0","1","0","0","0","0","0","0","0"
"1ibi1dlg31fs15id0mjef61ibiik4v03","30","30-34","Masculino","Fora do Brasil","Exterior","Exterior","de R$ 4.001/mês a R$ 6.000/mês","Engenheiro de Machine Learning/ML Engineer","Júnior","Modelo híbrido flexível (o funcionário tem liberdade para escolher quando estar no escritório presencialmente)","0","0","0","0","0","1","0","0","0","1","0","0","0","0","0","0","0","1","0","0","0","0","0","0","0","0","0","1"
"1i57d36s0bi2tmpl3x3o1i57d36sa08c","37","35-39","Feminino","","","Norte","de R$ 4.001/mês a R$ 6.000/mês","Analista Administrativo","Pleno","Modelo 100% remoto","0","0","1","0","0","0","0","0","0","0","0","0","0","0","0","0","0","0","0","0","1","0","0","0","0","0","1","0"
"1h5ofgbbfdgdm49798qxs1h5ofhnwht0","23","22-24","Masculino","São Paulo (SP)","SP","Sudeste","de R$ 8.001/mês a R$ 12.000/mês","Analista de BI/BI Analyst/Analytics Engineer","Pleno","Modelo 100% remoto","0","0","1","0","0","0","0","1","0","1","0","0","0","0","0","0","0","0","0","0","1","0","0","0","0","0","0","0"
"1gvvjtwn71z5gjlrsww4x01gvvjtw0um","24","22-24","Masculino","São Paulo (SP)","SP","Sudeste","de R$ 6.001/mês a R$ 8.000/mês","Analista de Dados/Data Analyst","Pleno","Modelo 100% remoto","1","0","0","0","0","0","0","1","0","1","0","0","0","0","0","0","0","0","0","0","0","0","1","0","0","0","0","0"
"1gkcbx7vj0movtp4n281gkc9engmqbej","35","35-39","Masculino","São Paulo (SP)","SP","Sudeste","de R$ 3.001/mês a R$ 4.000/mês","Analista de Dados/Data Analyst","Júnior","Modelo 100% remoto","0","1","0","0","0","0","0","1","0","0","0","0","0","0","0","0","0","0","0","0","1","0","0","0","0","1","0","0"
"1fdl1s3sbh3u65d84zn1fdl1sghr6iev","37","35-39","Masculino","Distrito Federal (DF)","DF","Centro-oeste","de R$ 6.001/mês a R$ 8.000/mês","Analista de Dados/Data Analyst","Pleno","Modelo 100% remoto","0","0","0","0","0","1","0","1","0","1","0","0","0","0","0","0","1","0","0","0","0","0","0","0","0","0","0","0"
"1e5shdlyff7mu1y85wo81e5shda9mick","27","25-29","Masculino","Fora do Brasil","Exterior","Exterior","de R$ 8.001/mês a R$ 12.000/mês","Cientista de Dados/Data Scientist","Sênior","Modelo 100% remoto","1","0","0","0","0","0","0","1","0","1","0","0","0","0","0","0","0","0","0","0","0","0","0","0","0","0","1","0"
"2agoqhf4go9m6tptdr2agoqyyh0vdjjy","25","25-29","Masculino","Paraná (PR)","PR","Sul","","","","","","","","","","","","","","","","","","","","","","","","","","","","","","","",""
"lzvf4me6blcdc3lo81c7lfx2lzvf4m0v","34","30-34","Masculino","Alagoas (AL)","AL","Nordeste","de R$ 4.001/mês a R$ 6.000/mês","Analista de BI/BI Analyst/Analytics Engineer","Sênior","Modelo 100% presencial","0","0","0","0","0","1","0","1","0","1","0","0","1","0","0","0","0","0","1","1","1","1","0","0","0","0","0","0"
"1d5ggkomjpljn2f4zm1d5ggkz473cq84","24","22-24","Masculino","São Paulo (SP)","SP","Sudeste","de R$ 6.001/mês a R$ 8.000/mês","Analista de BI/BI Analyst/Analytics Engineer","Júnior","Modelo híbrido flexível (o funcionário tem liberdade para escolher quando estar no escritório presencialmente)","1","1","0","0","0","0","0","1","0","1","0","0","0","0","0","0","0","0","0","0","0","0","0","1","0","0","0","0"
"qxn7zwxnpdodanuljqxn7vgqm5ece49j","19","17-21","Masculino","Alagoas (AL)","AL","Nordeste","","","","","","","","","","","","","","","","","","","","","","","","","","","","","","","",""
"23dnkf5sbtbpr81x1euxn23defqwozyh","25","25-29","Masculino","Paraíba (PB)","PB","Nordeste","","","","","","","","","","","","","","","","","","","","","","","","","","","","","","","",""
"kxi1x6q3i1swvc52gkxi1x8n7xsdwat2","31","30-34","Masculino","Alagoas (AL)","AL","Nordeste","de R$ 6.001/mês a R$ 8.000/mês","Cientista de Dados/Data Scientist","Pleno","Modelo 100% presencial","0","0","0","0","1","0","0","1","1","1","0","0","0","0","0","0","0","0","0","0","1","1","1","0","0","1","0","0"
"1bqd8x39mu5ijiq1bx58eejcepvrij66","25","25-29","Feminino","São Paulo (SP)","SP","Sudeste","de R$ 6.001/mês a R$ 8.000/mês","Estatístico","Pleno","Modelo híbrido com dias fixos de trabalho presencial","0","0","1","0","0","0","0","1","1","1","0","0","0","0","1","0","0","0","0","0","1","0","0","0","0","0","0","0"
"187nyaa2vcbw1870cqijhuay0pt4zpcl","24","22-24","Masculino","São Paulo (SP)","SP","Sudeste","de R$ 3.001/mês a R$ 4.000/mês","Cientista de Dados/Data Scientist","Júnior","Modelo 100% remoto","0","1","0","0","0","0","0","1","0","1","0","0","0","0","0","0","0","0","0","0","0","0","0","0","0","0","0","1"
"185ixaw25zxtvjqrlm0za185ixatdzny","27","25-29","Masculino","Santa Catarina (SC)","SC","Sul","de R$ 8.001/mês a R$ 12.000/mês","Engenheiro de Machine Learning/ML Engineer","Júnior","Modelo 100% remoto","0","0","0","0","0","1","0","1","0","1","0","0","0","0","0","0","0","0","0","0","0","0","0","0","0","0","0","1"
"17cvy79g93wluizm17ctn7grpygmzl9y","31","30-34","Masculino","Santa Catarina (SC)","SC","Sul","de R$ 16.001/mês a R$ 20.000/mês","Analista de Dados/Data Analyst","Sênior","Modelo 100% remoto","1","0","0","0","0","0","0","1","0","1","0","0","0","0","0","0","0","0","0","0","0","0","1","0","0","0","0","0"
"16zcqmdh5ui2fq6mwr16zcq76z9orxyl","36","35-39","Masculino","São Paulo (SP)","SP","Sudeste","de R$ 16.001/mês a R$ 20.000/mês","Cientista de Dados/Data Scientist","Sênior","Modelo 100% remoto","1","1","1","0","0","0","0","1","1","1","0","0","0","0","0","0","0","0","0","0","1","0","0","0","0","1","0","0"
"16wytpkwedoy316wehdmuiel1l8glq93","29","25-29","Masculino","São Paulo (SP)","SP","Sudeste","de R$ 4.001/mês a R$ 6.000/mês","Cientista de Dados/Data Scientist","Júnior","Modelo 100% presencial","0","1","0","0","0","0","0","1","0","1","0","0","0","0","0","0","0","0","0","0","1","0","0","0","0","0","0","0"
"16skuqnyez37owla3z2k16skuqrb5ntm","40","40-44","Masculino","Minas Gerais (MG)","MG","Sudeste","de R$ 4.001/mês a R$ 6.000/mês","Técnico","Pleno","Modelo 100% presencial","0","0","1","0","0","0","0","1","0","0","0","0","0","0","0","1","0","0","0","0","1","0","0","0","0","0","0","0"
"1vrsyd72ke4zeuhn3y66w1vrsycncx6a","42","40-44","Masculino","São Paulo (SP)","SP","Sudeste","","","","","","","","","","","","","","","","","","","","","","","","","","","","","","","",""
"15cxb5shifh5iyvmmcpu15cx6en9nr36","28","25-29","Masculino","Rio Grande do Norte (RN)","RN","Nordeste","de R$ 8.001/mês a R$ 12.000/mês","Engenheiro de Dados/Data Engineer","Sênior","Modelo 100% presencial","1","0","0","0","0","0","0","1","0","1","0","0","0","0","0","0","0","0","0","0","0","0","0","1","0","0","0","0"
"13penpzyp5pvvtm4r13penzaenpm2gdj","27","25-29","Feminino","Paraná (PR)","PR","Sul","de R$ 4.001/mês a R$ 6.000/mês","Engenheiro de Dados/Data Engineer","Pleno","Modelo 100% remoto","1","0","0","0","0","0","0","1","0","1","0","0","0","0","0","0","0","0","0","0","0","0","0","0","0","0","0","0"
"12yc2hare9f9s1o3n21c12yctfkhpcxm","33","30-34","Feminino","Rio de Janeiro (RJ)","RJ","Sudeste","de R$ 4.001/mês a R$ 6.000/mês","Outro","Júnior","Modelo 100% presencial","0","0","0","0","0","1","0","0","0","0","0","0","0","0","0","0","0","0","0","0","0","0","0","0","0","0","0","0"
"12rdj3tj69snebm212rdj3oqi2ervq8h","33","30-34","Feminino","Rio de Janeiro (RJ)","RJ","Sudeste","de R$ 6.001/mês a R$ 8.000/mês","Engenheiro de Dados/Data Engineer","Pleno","Modelo 100% remoto","0","1","0","0","0","0","0","1","0","1","0","0","0","0","0","0","0","0","0","0","0","0","0","0","0","0","0","1"
"11qhqdp7ekzyaqgdb11qhqdc0g589l6q","28","25-29","Feminino","Minas Gerais (MG)","MG","Sudeste","de R$ 6.001/mês a R$ 8.000/mês","Engenheiro de Dados/Data Engineer","Pleno","Modelo 100% remoto","1","1","1","0","0","0","0","1","0","1","0","0","0","0","0","0","0","0","0","0","1","0","0","1","0","0","0","0"
"10hvs6nvnsghmf3a0d10hvs6nhd3u92d","49","45-49","Masculino","São Paulo (SP)","SP","Sudeste","de R$ 12.001/mês a R$ 16.000/mês","Desenvolvedor ou Engenheiro de Software","Sênior","Modelo 100% remoto","0","0","0","0","0","0","1","1","0","0","1","0","1","0","0","0","0","0","1","1","0","0","0","0","0","0","1","1"
"10c0out8ahs741x0p57ibei5yx10c0ou","32","30-34","Masculino","Paraná (PR)","PR","Sul","de R$ 3.001/mês a R$ 4.000/mês","Analista de Dados/Data Analyst","Pleno","Modelo 100% remoto","1","0","0","0","0","0","0","1","0","1","0","0","0","0","0","0","0","0","0","0","0","0","0","0","1","0","0","0"
"0z6evnehdqh1guecuaw6qm0z6evk3czc","27","25-29","Masculino","Minas Gerais (MG)","MG","Sudeste","de R$ 3.001/mês a R$ 4.000/mês","Analista de Dados/Data Analyst","Júnior","Modelo 100% remoto","1","1","0","0","0","0","0","1","0","1","0","0","0","0","0","0","0","0","0","0","0","0","0","1","0","0","0","0"
"1o2yjd5qzb4eajk11o2y8li0s1m4yuyt","26","25-29","Feminino","São Paulo (SP)","SP","Sudeste","","","","","","","","","","","","","","","","","","","","","","","","","","","","","","","",""
"0y4ivcr8iydihzeppe7qh0y4ivcr8jyx","26","25-29","Masculino","Rio de Janeiro (RJ)","RJ","Sudeste","de R$ 20.001/mês a R$ 25.000/mês","Cientista de Dados/Data Scientist","Sênior","Modelo híbrido flexível (o funcionário tem liberdade para escolher quando estar no escritório presencialmente)","1","0","0","0","0","0","0","0","1","1","0","0","0","0","0","0","0","0","0","0","0","0","0","0","1","0","0","0"
"0xaxivzxvdyhuwl8ok0xaxnqh4qnjeh4","34","30-34","Feminino","Rio de Janeiro (RJ)","RJ","Sudeste","de R$ 6.001/mês a R$ 8.000/mês","Engenheiro de Machine Learning/ML Engineer","Júnior","Modelo 100% remoto","1","0","0","0","0","0","0","0","0","1","0","0","0","0","0","0","0","0","0","0","0","0","0","0","0","0","0","1"
"0wa5z7wfj6g4hs67700waew0icch6l2c","25","25-29","Masculino","Minas Gerais (MG)","MG","Sudeste","de R$ 2.001/mês a R$ 3000/mês","Analista de Negócios/Business Analyst","Pleno","Modelo 100% presencial","1","0","0","0","0","1","0","1","0","0","0","0","0","0","0","1","0","0","0","0","1","0","0","0","0","0","0","0"
"0v4hgnyyrldonxq4v446d0v4hgny6moo","41","40-44","Masculino","Santa Catarina (SC)","SC","Sul","de R$ 12.001/mês a R$ 16.000/mês","Engenheiro de Dados/Data Engineer","Sênior","Modelo 100% remoto","0","0","0","0","0","1","0","1","0","1","0","0","1","0","0","0","1","0","0","0","0","0","0","0","0","0","0","1"
"0u1h18kdzkjj4t4w9zq40u1h18n3mqtz","22","22-24","Masculino","Sergipe (SE)","SE","Nordeste","Menos de R$ 1.000/mês","Engenheiro de Machine Learning/ML Engineer","Júnior","Modelo híbrido com dias fixos de trabalho presencial","0","0","0","0","0","1","0","1","0","1","0","0","1","0","0","0","0","0","0","1","0","0","0","0","0","0","0","1"
"0tzqf0v7kmqj0e8omwxo4piwz0tzqf0v","26","25-29","Feminino","São Paulo (SP)","SP","Sudeste","de R$ 6.001/mês a R$ 8.000/mês","Analista de Dados/Data Analyst","Sênior","Modelo 100% remoto","1","0","0","0","0","0","0","1","0","0","0","0","0","0","0","0","0","0","0","0","0","0","0","1","0","1","0","0"
"1ntt6b081rsh5msfp1ntt6bnq6jpvj7m","25","25-29","Masculino","São Paulo (SP)","SP","Sudeste","","","","","","","","","","","","","","","","","","","","","","","","","","","","","","","",""
"1deeluaxvf85plqh31deelu1x5q21n3e","28","25-29","Masculino","Fora do Brasil","Exterior","Exterior","","","","","","","","","","","","","","","","","","","","","","","","","","","","","","","",""
"1c40ficfm3z8na4zcjrwb1c40f7vdjch","46","45-49","Feminino","Minas Gerais (MG)","MG","Sudeste","","","","","","","","","","","","","","","","","","","","","","","","","","","","","","","",""
"0szx65uo7ybugfk710szxu2c5tkrmw32","34","30-34","Masculino","São Paulo (SP)","SP","Sudeste","de R$ 8.001/mês a R$ 12.000/mês","Engenheiro de Dados/Data Engineer","Sênior","Modelo híbrido com dias fixos de trabalho presencial","0","1","1","0","0","0","0","1","0","1","0","0","1","0","0","0","0","0","0","1","1","0","1","0","0","1","0","0"
"0sy1bzwa52wk2kq8kpk0sy1b7ubc651f","46","45-49","Masculino","São Paulo (SP)","SP","Sudeste","de R$ 12.001/mês a R$ 16.000/mês","Arquiteto de Dados","Sênior","Modelo 100% remoto","1","0","0","0","0","0","0","1","1","1","0","0","0","0","1","0","0","0","0","0","0","0","1","0","0","0","0","0"
"0s9req2pkxsw20s9reqvvjmi73qzqwp8","28","25-29","Feminino","Paraná (PR)","PR","Sul","de R$ 8.001/mês a R$ 12.000/mês","Cientista de Dados/Data Scientist","Sênior","Modelo 100% remoto","0","1","0","0","0","0","0","1","1","1","0","0","0","0","0","0","0","0","0","0","0","0","1","0","0","1","0","0"
"0ri7083ftwi38crwx3oz0ri708redqhk","45","45-49","Masculino","Rio Grande do Sul (RS)","RS","Sul","de R$ 12.001/mês a R$ 16.000/mês","Outro","Sênior","Modelo 100% remoto","0","0","1","0","0","0","1","1","0","1","0","0","1","0","0","0","0","0","0","1","1","0","1","0","0","0","0","0"
"0r8lt1sqm3tfxbjuad2q0r8lt1675swd","33","30-34","Masculino","São Paulo (SP)","SP","Sudeste","de R$ 6.001/mês a R$ 8.000/mês","Analista de BI/BI Analyst/Analytics Engineer","Pleno","Modelo 100% presencial","0","0","1","0","0","0","0","1","0","0","0","0","0","0","0","1","0","0","0","0","1","0","0","0","0","0","0","0"
"0qwilk292maxg5riz7a0qwigfs5qz83p","31","30-34","Feminino","São Paulo (SP)","SP","Sudeste","de R$ 16.001/mês a R$ 20.000/mês","Outro","Sênior","Modelo híbrido com dias fixos de trabalho presencial","1","0","0","0","0","0","0","0","0","0","0","0","0","0","0","0","0","0","0","0","0","0","0","0","1","0","0","0"
"0pf8mtriza6qbmcr190pf8mtixa99ok9","24","22-24","Feminino","Minas Gerais (MG)","MG","Sudeste","de R$ 4.001/mês a R$ 6.000/mês","Analista de Dados/Data Analyst","Pleno","Modelo 100% remoto","1","0","0","0","0","0","0","1","0","1","0","0","0","0","0","0","0","0","0","0","0","0","0","1","0","0","0","0"
"0p3ft70e0126d03wp1s0p3ft709q4u7s","27","25-29","Masculino","Paraíba (PB)","PB","Nordeste","de R$ 2.001/mês a R$ 3000/mês","Analista de Dados/Data Analyst","Pleno","Modelo 100% remoto","0","0","0","0","0","0","0","1","1","1","0","0","0","0","0","0","0","0","0","0","0","0","0","0","0","0","1","0"
"0oy5x9b5dvlzxv7q0oy5xsnjyk59ywyy","29","25-29","Masculino","Pernambuco (PE)","PE","Nordeste","de R$ 12.001/mês a R$ 16.000/mês","Engenheiro de Dados/Data Engineer","Sênior","Modelo 100% remoto","0","0","1","0","0","0","0","1","0","1","0","0","0","0","0","0","0","0","0","0","1","0","0","0","0","0","0","0"
"1puha1a700e0mag5dzn1puha1admsvku","27","25-29","Masculino","Mato Grosso do Sul (MS)","MS","Centro-oeste","de R$ 4.001/mês a R$ 6.000/mês","Cientista de Dados/Data Scientist","Júnior","Modelo 100% remoto","1","1","1","0","0","0","0","1","0","1","0","0","0","0","0","0","0","0","0","0","0","0","0","0","0","1","0","0"
"0o8qarh6f5ddhqof6cxs0o8qarhlzm35","25","25-29","Feminino","São Paulo (SP)","SP","Sudeste","de R$ 3.001/mês a R$ 4.000/mês","Analista de BI/BI Analyst/Analytics Engineer","Júnior","Modelo 100% remoto","1","0","0","0","0","0","0","1","0","1","0","0","0","0","0","0","0","0","0","0","0","0","0","0","0","0","0","0"
"15lzdfqcc3h5ljqypg15lzdfdqb4sgoq","22","22-24","Masculino","Paraná (PR)","PR","Sul","","","","","","","","","","","","","","","","","","","","","","","","","","","","","","","",""
"0n0f58sx096cde55xqjyb0n0f58stqh8","28","25-29","Masculino","Rio de Janeiro (RJ)","RJ","Sudeste","de R$ 4.001/mês a R$ 6.000/mês","Analista de BI/BI Analyst/Analytics Engineer","Júnior","Modelo híbrido flexível (o funcionário tem liberdade para escolher quando estar no escritório presencialmente)","1","1","0","0","0","0","0","1","0","1","0","0","0","0","0","0","0","0","0","0","1","0","0","0","1","1","0","0"
"0md1mojkzgq3ggt4rl0md1m81zk6192s","37","35-39","Feminino","São Paulo (SP)","SP","Sudeste","de R$ 16.001/mês a R$ 20.000/mês","Analista de BI/BI Analyst/Analytics Engineer","Sênior","Modelo 100% remoto","0","0","1","0","0","0","0","1","0","1","0","0","1","0","0","0","0","0","0","1","0","0","1","0","0","0","0","0"
"0mcq6t7gdyigx4gz2j0mcq64nu2g4zfq","29","25-29","Masculino","Fora do Brasil","Exterior","Exterior","de R$ 16.001/mês a R$ 20.000/mês","Engenheiro de Dados/Data Engineer","Pleno","Modelo 100% remoto","0","0","1","0","0","0","0","1","0","1","0","0","0","0","0","0","0","0","0","0","1","0","1","0","0","0","0","0"
"0ys10gbhm8fw6dl40ysh2i79r8qxd5xe","25","25-29","Masculino","São Paulo (SP)","SP","Sudeste","","","","","","","","","","","","","","","","","","","","","","","","","","","","","","","",""
"0m1xjhdkgw7g4q0m1npsoqm16y0ojsge","27","25-29","Masculino","Rio Grande do Sul (RS)","RS","Sul","Menos de R$ 1.000/mês","Analista de BI/BI Analyst/Analytics Engineer","Júnior","Modelo híbrido com dias fixos de trabalho presencial","0","0","0","0","0","1","0","1","0","1","0","0","0","0","0","0","0","0","0","0","1","0","0","0","0","0","0","0"
"0ljaks8wf4ykmayd18d0ljaksjtgzv90","33","30-34","Feminino","Fora do Brasil","Exterior","Exterior","de R$ 2.001/mês a R$ 3000/mês","Cientista de Dados/Data Scientist","Júnior","Modelo 100% remoto","0","1","0","0","0","0","0","1","1","1","0","0","0","0","0","0","0","0","0","0","0","0","0","0","0","1","0","0"
"0l7ehbx0p1kcqytbv657st0l7ehbxz4y","25","25-29","Masculino","Rio Grande do Sul (RS)","RS","Sul","de R$ 2.001/mês a R$ 3000/mês","Analista de BI/BI Analyst/Analytics Engineer","Júnior","Modelo híbrido flexível (o funcionário tem liberdade para escolher quando estar no escritório presencialmente)","1","1","0","0","0","0","0","1","0","1","0","0","0","0","0","0","0","0","0","0","0","0","0","0","0","0","0","1"
"0khypspu6zjjhksk9fi2p0khy1je182h","29","25-29","Masculino","São Paulo (SP)","SP","Sudeste","de R$ 8.001/mês a R$ 12.000/mês","Cientista de Dados/Data Scientist","Pleno","Modelo 100% remoto","0","1","1","0","0","0","0","1","1","1","0","0","0","0","0","0","0","0","0","0","1","0","0","0","0","0","0","0"
"0tk5bc55ymz091g71n0tk5bdd5jrxgiq","20","17-21","Masculino","Minas Gerais (MG)","MG","Sudeste","","","","","","","","","","","","","","","","","","","","","","","","","","","","","","","",""
"0jy5n583kg7wz0jy5j1svibl6otx2hb2","24","22-24","Feminino","Minas Gerais (MG)","MG","Sudeste","de R$ 2.001/mês a R$ 3000/mês","Analista de BI/BI Analyst/Analytics Engineer","Júnior","Modelo 100% presencial","0","0","0","0","0","1","0","0","0","0","0","0","0","0","0","0","0","0","0","0","1","0","0","0","0","0","0","0"
"0j28lwsmp4fwux0jxaif0j28lkochk5p","25","25-29","Masculino","São Paulo (SP)","SP","Sudeste","de R$ 12.001/mês a R$ 16.000/mês","Cientista de Dados/Data Scientist","Pleno","Modelo 100% remoto","0","1","0","0","0","0","0","1","0","1","0","0","0","0","0","0","0","0","0","0","0","0","0","0","0","1","0","0"
"0j0mwlnqbpu5rgljkfrb6nbs1j0j0mwl","25","25-29","Masculino","Rio de Janeiro (RJ)","RJ","Sudeste","de R$ 3.001/mês a R$ 4.000/mês","Analista de BI/BI Analyst/Analytics Engineer","Pleno","Modelo 100% remoto","1","0","0","0","0","0","0","1","0","1","0","0","0","0","0","1","0","0","0","0","1","0","0","0","0","0","0","0"
"hmvgeuzd7vfn0r7hmvwdx434azlozrpr","25","25-29","Masculino","Alagoas (AL)","AL","Nordeste","de R$ 12.001/mês a R$ 16.000/mês","Cientista de Dados/Data Scientist","Sênior","Modelo híbrido flexível (o funcionário tem liberdade para escolher quando estar no escritório presencialmente)","1","0","0","0","0","0","0","1","0","1","0","0","0","0","0","0","0","0","0","0","0","0","0","0","1","0","0","0"
"0t5pt63uknyphlteppx0t5ptcgfnkxgw","25","25-29","Masculino","Rio Grande do Norte (RN)","RN","Nordeste","","","","","","","","","","","","","","","","","","","","","","","","","","","","","","","",""
"0o6j0hhifx3t0o6j3djheikoazgad71l","19","17-21","Masculino","Minas Gerais (MG)","MG","Sudeste","","","","","","","","","","","","","","","","","","","","","","","","","","","","","","","",""
"0h6pnbfzyl6bqxj0h6pnae332n51hlz9","28","25-29","Masculino","São Paulo (SP)","SP","Sudeste","de R$ 8.001/mês a R$ 12.000/mês","Cientista de Dados/Data Scientist","Pleno","Modelo 100% remoto","0","1","1","0","0","0","0","1","1","1","0","0","0","0","0","0","0","0","0","0","0","0","0","0","0","0","0","0"
"0gzilfljer33t0gzaazhq4spi6lqk3v5","29","25-29","Masculino","São Paulo (SP)","SP","Sudeste","de R$ 1.001/mês a R$ 2.000/mês","Suporte Técnico","Júnior","Modelo híbrido com dias fixos de trabalho presencial","0","0","0","0","0","0","1","0","0","0","0","0","0","0","0","0","0","0","0","0","0","0","0","0","0","0","0","1"
"0giihmr4d9870g5dwkba9pftxbu4a9wg","26","25-29","Masculino","Distrito Federal (DF)","DF","Centro-oeste","de R$ 4.001/mês a R$ 6.000/mês","Engenheiro de Dados/Data Engineer","Pleno","Modelo 100% remoto","1","0","0","0","0","0","0","1","0","1","0","0","0","0","0","0","0","0","0","0","1","0","0","0","0","0","0","0"
"0g98w8em0ifr2p6a1dt0g98wggolrrut","31","30-34","Masculino","São Paulo (SP)","SP","Sudeste","de R$ 12.001/mês a R$ 16.000/mês","Cientista de Dados/Data Scientist","Sênior","Modelo híbrido flexível (o funcionário tem liberdade para escolher quando estar no escritório presencialmente)","0","1","0","0","0","0","0","1","0","1","0","0","1","0","0","0","0","0","0","1","0","0","1","0","0","1","0","0"
"0f45lzmsy7eg8tk0fy69rwhpr9gnzbzz","44","40-44","Masculino","Piauí (PI)","PI","Nordeste","de R$ 6.001/mês a R$ 8.000/mês","Desenvolvedor ou Engenheiro de Software","Sênior","Modelo 100% presencial","0","0","0","0","0","1","0","1","0","0","0","0","0","0","0","0","0","0","0","0","1","0","1","0","0","0","0","0"
"0eq9avbkpnwaabkjwnzy60u0eq9avbca","36","35-39","Feminino","São Paulo (SP)","SP","Sudeste","de R$ 6.001/mês a R$ 8.000/mês","Analista de Dados/Data Analyst","Sênior","Modelo 100% remoto","0","0","0","0","0","1","0","1","0","0","0","0","0","0","1","0","0","0","0","0","0","0","1","0","0","0","0","0"
"0e9d5amelh81jctfxbkg10e9d5am8bfh","22","22-24","Masculino","Minas Gerais (MG)","MG","Sudeste","Menos de R$ 1.000/mês","Cientista de Dados/Data Scientist","Júnior","Modelo 100% remoto","1","0","0","0","0","0","0","1","0","1","0","0","0","0","0","0","0","0","0","0","0","0","0","0","0","1","0","0"
"0ds5394j51cwabf7tqv0ds5394ydm6zk","27","25-29","Feminino","São Paulo (SP)","SP","Sudeste","de R$ 6.001/mês a R$ 8.000/mês","Analista de Dados/Data Analyst","Pleno","Modelo 100% remoto","0","1","0","0","0","0","0","1","1","0","0","0","0","0","0","0","0","0","0","0","0","0","0","0","0","1","0","0"
"0dfj1j271ptm4w4n0dfha6m7z4wrggf1","28","25-29","Masculino","São Paulo (SP)","SP","Sudeste","de R$ 6.001/mês a R$ 8.000/mês","Engenheiro de Dados/Data Engineer","Sênior","Modelo 100% remoto","1","1","1","0","0","0","0","1","0","1","0","0","0","0","0","0","0","0","0","0","0","0","1","1","1","1","0","0"
"0bt3zxy6cczhia60bd2b75j2qke7odzp","27","25-29","Masculino","São Paulo (SP)","SP","Sudeste","de R$ 6.001/mês a R$ 8.000/mês","Engenheiro de Dados/Data Engineer","Sênior","Modelo 100% remoto","1","0","0","0","0","1","0","1","0","0","0","0","0","0","0","0","0","0","0","0","0","0","0","0","0","0","0","1"
"0bj9zag3es8a5khp40bj9sz8yjx7nv6g","31","30-34","Feminino","Paraná (PR)","PR","Sul","de R$ 8.001/mês a R$ 12.000/mês","Engenheiro de Dados/Data Engineer","Júnior","Modelo 100% remoto","1","0","0","0","0","0","0","0","0","1","0","0","0","0","0","0","0","0","0","0","0","0","0","1","0","0","0","0"
"4pgutu844kl8jnpfc8sjtuvyoebiaoz1","","55+","Masculino","Minas Gerais (MG)","MG","Sudeste","de R$ 6.001/mês a R$ 8.000/mês","Analista de Dados/Data Analyst","Sênior","Modelo híbrido com dias fixos de trabalho presencial","0","0","0","0","0","0","1","0","0","0","0","0","0","0","0","0","0","0","0","0","1","0","0","0","0","0","0","0"
"0m2kqptvmgigd2vjn0m2kqr811xrlblx","19","17-21","Masculino","São Paulo (SP)","SP","Sudeste","","","","","","","","","","","","","","","","","","","","","","","","","","","","","","","",""
"09dc5hg53tp9d5cd6rg7u09dc5knhxfp","23","22-24","Masculino","Santa Catarina (SC)","SC","Sul","de R$ 4.001/mês a R$ 6.000/mês","Desenvolvedor ou Engenheiro de Software","Pleno","Modelo 100% remoto","1","0","0","0","0","0","0","1","0","1","0","0","1","0","0","0","0","0","1","1","0","0","0","0","0","0","0","1"
"08x62ukdigj2oram008x62t7aqgqeoym","31","30-34","Masculino","São Paulo (SP)","SP","Sudeste","de R$ 8.001/mês a R$ 12.000/mês","Arquiteto de dados","Pleno","Modelo híbrido flexível (o funcionário tem liberdade para escolher quando estar no escritório presencialmente)","1","1","0","0","0","1","0","1","0","1","0","0","0","0","0","0","0","0","0","0","1","0","0","0","0","1","0","0"
"d46cwh84hay6j67kwdd46cqtd2ub4u1g","19","17-21","Masculino","Alagoas (AL)","AL","Nordeste","","","","","","","","","","","","","","","","","","","","","","","","","","","","","","","",""
"3mazqbqzbm8xjqs313mazq32bl3av9q5","35","35-39","Masculino","Alagoas (AL)","AL","Nordeste","","","","","","","","","","","","","","","","","","","","","","","","","","","","","","","",""
"08ce6tyqcjm2yvs8vj08cejcv4z1hx4o","38","35-39","Masculino","Paraná (PR)","PR","Sul","de R$ 12.001/mês a R$ 16.000/mês","DBA/Administrador de Banco de Dados","Sênior","Modelo 100% remoto","1","0","0","0","0","0","0","1","0","1","0","0","0","0","0","0","0","0","0","0","1","0","0","1","0","0","0","0"
"07yvqhy7snebh8s07yvqltwlyg71ng6y","30","30-34","Masculino","Mato Grosso do Sul (MS)","MS","Centro-oeste","de R$ 3.001/mês a R$ 4.000/mês","Engenheiro de Dados/Data Engineer","Pleno","Modelo 100% presencial","0","0","0","0","0","1","0","1","0","1","0","0","1","0","0","0","0","0","0","1","0","0","0","0","0","0","0","1"
"09y550vhw0l7isq09y5mvb3hlawrorkw","31","30-34","Masculino","Rio de Janeiro (RJ)","RJ","Sudeste","","","","","","","","","","","","","","","","","","","","","","","","","","","","","","","",""
"08daivk09ktc4nnp808daivkiyed4lsc","23","22-24","Masculino","Goiás (GO)","GO","Centro-oeste","","","","","","","","","","","","","","","","","","","","","","","","","","","","","","","",""
"0726epdjq3a8hqtiekqb530726epdztv","28","25-29","Masculino","Minas Gerais (MG)","MG","Sudeste","de R$ 4.001/mês a R$ 6.000/mês","Analista de BI/BI Analyst/Analytics Engineer","Pleno","Modelo híbrido flexível (o funcionário tem liberdade para escolher quando estar no escritório presencialmente)","1","0","0","0","0","0","0","1","0","1","0","0","0","0","0","0","0","0","0","0","1","0","0","1","0","0","0","0"
"066k2zr0cya7iun066k2zmskodt5cuo6","24","22-24","Masculino","São Paulo (SP)","SP","Sudeste","de R$ 6.001/mês a R$ 8.000/mês","Analista de Negócios/Business Analyst","Pleno","Modelo 100% remoto","0","0","1","0","0","0","0","1","0","1","0","0","0","0","0","0","0","0","0","0","1","1","0","0","0","0","0","0"
"05s6hbgdug6t98pz6105s6xg7wmlwnyk","27","25-29","Masculino","Rio de Janeiro (RJ)","RJ","Sudeste","de R$ 6.001/mês a R$ 8.000/mês","Cientista de Dados/Data Scientist","Pleno","Modelo 100% remoto","1","1","0","0","0","0","0","1","0","1","0","0","1","0","0","0","0","0","0","1","1","0","0","1","0","1","1","0"
"05mb5ndhx8cj5q64qkegczl05mb5nd5c","27","25-29","Feminino","Rio de Janeiro (RJ)","RJ","Sudeste","de R$ 1.001/mês a R$ 2.000/mês","Analista de BI/BI Analyst/Analytics Engineer","Júnior","Modelo híbrido flexível (o funcionário tem liberdade para escolher quando estar no escritório presencialmente)","0","0","1","0","0","0","0","0","0","0","0","0","0","0","0","1","0","0","0","0","1","0","0","0","0","0","0","0"
"05h1fpcs8pjfh0105h15t6zmjl6go2zb","25","25-29","Masculino","Paraná (PR)","PR","Sul","de R$ 6.001/mês a R$ 8.000/mês","Engenheiro de Dados/Data Engineer","Pleno","Modelo 100% remoto","1","0","0","0","0","0","0","1","0","1","0","0","0","0","0","0","0","0","0","0","0","0","0","0","0","0","0","1"
"05d3egj4gsy23d6f52fp5l105d3egjb6","34","30-34","Masculino","Rio de Janeiro (RJ)","RJ","Sudeste","de R$ 25.001/mês a R$ 30.000/mês","Outras Engenharias (não inclui dev)","Pleno","Modelo 100% remoto","0","0","0","0","0","1","1","1","0","1","0","0","0","0","0","0","0","0","0","0","1","0","0","0","0","0","0","0"
"03zjscgo273gsz03zjqbdxrcpf2znsfb","37","35-39","Masculino","","","Norte","de R$ 4.001/mês a R$ 6.000/mês","Desenvolvedor ou Engenheiro de Software","Pleno","Modelo híbrido com dias fixos de trabalho presencial","0","0","0","0","0","0","1","1","0","1","1","0","1","0","0","0","0","0","1","1","0","0","0","1","0","0","0","0"
"03vzkm7kq2wnig2yjanxh03v5gze5mrs","34","30-34","Masculino","Santa Catarina (SC)","SC","Sul","de R$ 4.001/mês a R$ 6.000/mês","Analista de BI/BI Analyst/Analytics Engineer","Júnior","Modelo 100% presencial","0","1","0","0","0","0","0","1","1","1","0","0","0","0","0","0","0","0","0","0","0","1","0","0","0","1","0","0"
"07nvo8cdy377a46gon207nvjebwe65zg","40","40-44","Masculino","São Paulo (SP)","SP","Sudeste","","","","","","","","","","","","","","","","","","","","","","","","","","","","","","","",""
"01mqnby32u01pg3nuj6vipp4mc06s8pg","27","25-29","Masculino","Santa Catarina (SC)","SC","Sul","de R$ 6.001/mês a R$ 8.000/mês","Cientista de Dados/Data Scientist","Pleno","Modelo 100% presencial","1","1","0","0","0","0","0","1","1","1","0","0","0","0","0","0","0","0","0","0","0","0","0","0","0","0","0","0"
"01fncs8qbhl9zx01fncs8rqib2zl3d18","24","22-24","Masculino","Santa Catarina (SC)","SC","Sul","de R$ 6.001/mês a R$ 8.000/mês","Engenheiro de Dados/Data Engineer","Pleno","Modelo 100% remoto","1","0","0","0","0","0","0","1","0","1","0","0","0","0","0","0","0","0","0","0","1","0","0","0","0","0","0","0"
"075h3v2z19if04yn7o075h3vhifl38rw","38","35-39","Masculino","Rio de Janeiro (RJ)","RJ","Sudeste","","","","","","","","","","","","","","","","","","","","","","","","","","","","","","","",""
"037usz1h2yip96dgil4mhj037uszw1gk","27","25-29","Feminino","Minas Gerais (MG)","MG","Sudeste","","","","","","","","","","","","","","","","","","","","","","","","","","","","","","","",""
